order_id,order_date,customer_id,customer_segment,region,category,product,quantity,unit_price,gross_amount,discount_pct,discount_amount,net_sales,payment_method,is_returned
100001,2024-10-16,CUST3233,Wholesale,South,Electronics,Smartphone,2,50098,100196,5.0,5009.8,95186.2,Net Banking,0
100002,2023-03-31,CUST1814,New,North,Sports,Running Shoes,2,2405,4810,0.0,0.0,4810.0,Debit Card,1
100003,2024-10-27,CUST1653,Regular,West,Sports,Running Shoes,1,7130,7130,10.0,713.0,6417.0,UPI,0
100004,2024-12-15,CUST2408,Regular,South,Beauty,Perfume,1,1528,1528,10.0,152.8,1375.2,Debit Card,0
100005,2024-09-10,CUST2481,New,South,Home & Kitchen,Mixer Grinder,1,9585,9585,10.0,958.5,8626.5,UPI,0
100006,2024-08-14,CUST2556,Regular,East,Apparel,T-Shirt,4,3108,12432,30.0,3729.6,8702.4,UPI,0
100007,2023-10-12,CUST1292,Regular,South,Beauty,Perfume,1,1008,1008,5.0,50.4,957.6,Debit Card,0
100008,2024-09-15,CUST3281,Wholesale,North,Apparel,Dress,2,1402,2804,5.0,140.2,2663.8,UPI,0
100009,2023-08-13,CUST3323,Regular,East,Home & Kitchen,Mixer Grinder,2,1325,2650,20.0,530.0,2120.0,Cash on Delivery,0
100010,2023-11-19,CUST3207,Wholesale,East,Apparel,Sneakers,1,3033,3033,0.0,0.0,3033.0,UPI,0
100011,2023-09-27,CUST1192,Regular,South,Sports,Running Shoes,1,1633,1633,0.0,0.0,1633.0,Cash on Delivery,0
100012,2023-04-23,CUST3167,New,North,Apparel,Jeans,5,3187,15935,15.0,2390.25,13544.75,UPI,0
100013,2023-09-15,CUST1456,New,North,Sports,Yoga Mat,2,6651,13302,15.0,1995.3,11306.7,Net Banking,0
100014,2023-10-28,CUST2222,Regular,South,Beauty,Shampoo,2,2200,4400,10.0,440.0,3960.0,Cash on Delivery,0
100015,2024-10-16,CUST1002,Regular,South,Sports,Cycling Helmet,2,4918,9836,20.0,1967.2,7868.8,Net Banking,0
100016,2024-09-05,CUST1322,New,North,Home & Kitchen,Air Fryer,2,6747,13494,15.0,2024.1,11469.9,Net Banking,0
100017,2023-03-29,CUST2085,Regular,East,Beauty,Face Cream,1,675,675,0.0,0.0,675.0,UPI,0
100018,2024-06-24,CUST2794,Premium,South,Sports,Running Shoes,1,3768,3768,5.0,188.4,3579.6,Cash on Delivery,0
100019,2024-06-13,CUST1902,Regular,South,Beauty,Face Cream,1,1534,1534,20.0,306.8,1227.2,UPI,0
100020,2023-01-08,CUST2988,New,East,Electronics,Smartphone,1,16503,16503,20.0,3300.6,13202.4,Cash on Delivery,0
100021,2023-08-08,CUST1779,New,West,Sports,Dumbbell Set,1,2490,2490,0.0,0.0,2490.0,UPI,0
100022,2023-04-07,CUST1403,New,West,Electronics,Smartwatch,1,24719,24719,5.0,1235.95,23483.05,UPI,0
100023,2023-03-04,CUST2728,Regular,North,Beauty,Perfume,1,1168,1168,10.0,116.8,1051.2,Cash on Delivery,0
100024,2023-07-07,CUST1207,Wholesale,South,Home & Kitchen,Air Fryer,1,2035,2035,5.0,101.75,1933.25,Cash on Delivery,0
100025,2024-10-29,CUST2642,Regular,South,Sports,Yoga Mat,1,3829,3829,0.0,0.0,3829.0,Debit Card,0
100026,2023-03-02,CUST3276,Regular,Central,Apparel,Sneakers,1,1999,1999,30.0,599.7,1399.3,UPI,0
100027,2024-11-08,CUST2284,New,West,Beauty,Shampoo,2,389,778,10.0,77.8,700.2,UPI,0
100028,2023-02-28,CUST1761,Premium,East,Electronics,Tablet,3,32746,98238,5.0,4911.9,93326.1,UPI,0
100029,2023-03-12,CUST3371,Premium,North,Sports,Yoga Mat,1,1482,1482,10.0,148.2,1333.8,Debit Card,0
100030,2024-08-31,CUST2286,Regular,West,Electronics,Tablet,1,6872,6872,20.0,1374.4,5497.6,Debit Card,0
100031,2023-09-02,CUST1297,Regular,South,Home & Kitchen,Air Fryer,3,11375,34125,0.0,0.0,34125.0,Cash on Delivery,0
100032,2023-01-10,CUST2429,Premium,West,Beauty,Sunscreen,1,2352,2352,0.0,0.0,2352.0,Credit Card,0
100033,2023-03-12,CUST3166,Premium,Central,Apparel,Jacket,1,1046,1046,15.0,156.9,889.1,UPI,0
100034,2023-01-09,CUST1636,New,Central,Sports,Cricket Bat,1,1445,1445,0.0,0.0,1445.0,Debit Card,0
100035,2023-10-06,CUST3001,Regular,East,Home & Kitchen,Bedsheet Set,2,6417,12834,0.0,0.0,12834.0,UPI,0
100036,2023-09-15,CUST2072,Premium,East,Electronics,Smartphone,1,43068,43068,15.0,6460.2,36607.8,Debit Card,0
100037,2023-06-15,CUST1610,New,South,Beauty,Sunscreen,3,189,567,10.0,56.7,510.3,Debit Card,0
100038,2024-07-12,CUST1163,Regular,North,Electronics,Headphones,1,39675,39675,30.0,11902.5,27772.5,UPI,0
100039,2024-01-02,CUST1633,Premium,Central,Apparel,Jeans,1,821,821,10.0,82.1,738.9,Net Banking,0
100040,2023-08-31,CUST2686,New,North,Apparel,Jeans,1,2088,2088,10.0,208.8,1879.2,UPI,0
100041,2024-11-16,CUST1817,Wholesale,Central,Apparel,Jacket,1,3625,3625,0.0,0.0,3625.0,Cash on Delivery,0
100042,2024-04-16,CUST2141,Wholesale,South,Home & Kitchen,Vacuum Cleaner,3,4528,13584,0.0,0.0,13584.0,Cash on Delivery,0
100043,2023-03-13,CUST2069,Regular,Central,Home & Kitchen,Vacuum Cleaner,2,7348,14696,20.0,2939.2,11756.8,UPI,0
100044,2023-07-02,CUST3483,Regular,East,Sports,Cricket Bat,5,3331,16655,0.0,0.0,16655.0,Debit Card,0
100045,2024-06-07,CUST3205,New,Central,Electronics,Smartwatch,2,39287,78574,5.0,3928.7,74645.3,Debit Card,0
100046,2024-12-04,CUST2230,New,West,Apparel,Jacket,4,686,2744,15.0,411.6,2332.4,Cash on Delivery,0
100047,2024-06-03,CUST2552,Premium,West,Home & Kitchen,Air Fryer,2,5644,11288,20.0,2257.6,9030.4,Net Banking,0
100048,2024-11-24,CUST2760,Regular,South,Apparel,Dress,1,1632,1632,,,,Debit Card,0
100049,2024-08-16,CUST1695,Premium,South,Sports,Cricket Bat,1,4687,4687,15.0,703.05,3983.95,UPI,0
100050,2024-11-05,CUST2271,Premium,North,Electronics,Headphones,1,35280,35280,15.0,5292.0,29988.0,Net Banking,0
100051,2023-08-19,CUST2697,Premium,North,Apparel,Jeans,2,589,1178,15.0,176.7,1001.3,Credit Card,1
100052,2024-10-06,CUST1022,Regular,East,Sports,Dumbbell Set,1,3773,3773,10.0,377.3,3395.7,Net Banking,0
100053,2023-04-20,CUST1497,Wholesale,North,Beauty,Shampoo,2,2052,4104,5.0,205.2,3898.8,Cash on Delivery,0
100054,2024-04-12,CUST3067,Regular,North,Apparel,Sneakers,2,2575,5150,10.0,515.0,4635.0,Credit Card,0
100055,2024-03-12,CUST2135,New,Central,Sports,Running Shoes,2,2623,5246,5.0,262.3,4983.7,Debit Card,0
100056,2024-06-17,CUST3212,New,South,Beauty,Shampoo,1,1320,1320,0.0,0.0,1320.0,UPI,0
100057,2023-03-24,CUST2908,New,Central,Apparel,Jeans,1,1968,1968,5.0,98.4,1869.6,Credit Card,0
100058,2024-03-01,CUST2953,Regular,North,Electronics,Laptop,2,56084,112168,10.0,11216.8,100951.2,Credit Card,0
100059,2023-01-07,CUST1903,Premium,South,Home & Kitchen,Vacuum Cleaner,3,7665,22995,10.0,2299.5,20695.5,Credit Card,0
100060,2024-05-14,CUST1676,Premium,North,Apparel,Jacket,2,2389,4778,20.0,955.6,3822.4,UPI,0
100061,2024-04-23,CUST1555,Premium,South,Apparel,Dress,1,510,510,,,,Credit Card,0
100062,2024-04-17,CUST2552,Wholesale,Central,Apparel,T-Shirt,1,1952,1952,0.0,0.0,1952.0,UPI,0
100063,2023-10-12,CUST2433,Premium,North,Beauty,Perfume,1,229,229,20.0,45.8,183.2,UPI,0
100064,2023-08-18,CUST1517,Regular,West,Electronics,Smartphone,2,50929,101858,,,,UPI,0
100065,2024-04-29,CUST1469,New,West,Electronics,Tablet,1,15784,15784,15.0,2367.6,13416.4,UPI,0
100066,2023-06-17,CUST3425,Regular,Central,Home & Kitchen,Mixer Grinder,2,5911,11822,5.0,591.1,11230.9,Credit Card,0
100067,2024-12-08,CUST2422,Regular,Central,Apparel,T-Shirt,2,3564,7128,5.0,356.4,6771.6,Net Banking,0
100068,2024-06-29,CUST1432,New,East,Beauty,Perfume,3,1547,4641,5.0,232.05,4408.95,UPI,0
100069,2024-03-19,CUST3204,Regular,Central,Home & Kitchen,Air Fryer,4,7935,31740,30.0,9522.0,22218.0,UPI,0
100070,2024-05-10,CUST1354,Regular,East,Beauty,Lipstick,1,1249,1249,10.0,124.9,1124.1,UPI,0
100071,2023-10-13,CUST1744,New,West,Beauty,Shampoo,1,1702,1702,,,,UPI,0
100072,2024-05-14,CUST3276,New,South,Apparel,Jacket,1,1458,1458,0.0,0.0,1458.0,Credit Card,0
100073,2023-01-11,CUST3010,Regular,East,Sports,Dumbbell Set,2,5048,10096,0.0,0.0,10096.0,UPI,0
100074,2024-04-03,CUST3267,Regular,West,Electronics,Smartphone,5,20783,103915,5.0,5195.75,98719.25,UPI,0
100075,2024-06-27,CUST1944,Wholesale,West,Home & Kitchen,Air Fryer,2,6219,12438,5.0,621.9,11816.1,Cash on Delivery,0
100076,2023-05-04,CUST3414,Premium,West,Apparel,Jacket,4,3442,13768,0.0,0.0,13768.0,Credit Card,0
100077,2024-06-21,CUST3187,Premium,North,Sports,Cricket Bat,1,2363,2363,0.0,0.0,2363.0,UPI,0
100078,2023-05-10,CUST1050,Premium,West,Home & Kitchen,Mixer Grinder,1,5586,5586,0.0,0.0,5586.0,Cash on Delivery,0
100079,2024-08-10,CUST1467,Wholesale,South,Home & Kitchen,Air Fryer,5,6382,31910,0.0,0.0,31910.0,UPI,0
100080,2023-03-08,CUST2244,Wholesale,East,Beauty,Lipstick,2,369,738,30.0,221.4,516.6,UPI,0
100081,2023-03-29,CUST2813,Premium,East,Apparel,T-Shirt,2,3531,7062,10.0,706.2,6355.8,Credit Card,0
100082,2023-11-01,CUST1851,Regular,North,Sports,Running Shoes,3,5494,16482,15.0,2472.3,14009.7,Cash on Delivery,0
100083,2024-10-02,CUST2673,Regular,South,Apparel,Jacket,1,732,732,15.0,109.8,622.2,Credit Card,0
100084,2024-04-06,CUST1291,Wholesale,Central,Sports,Running Shoes,1,6291,6291,5.0,314.55,5976.45,Debit Card,0
100085,2024-12-04,CUST1610,Regular,West,Apparel,Jacket,3,3640,10920,30.0,3276.0,7644.0,Cash on Delivery,0
100086,2023-09-30,CUST2245,Regular,East,Apparel,T-Shirt,3,1079,3237,0.0,0.0,3237.0,Cash on Delivery,0
100087,2024-12-17,CUST2320,New,South,Beauty,Perfume,1,1943,1943,15.0,291.45,1651.55,Cash on Delivery,0
100088,2024-09-10,CUST1164,New,Central,Home & Kitchen,Mixer Grinder,1,11847,11847,5.0,592.35,11254.65,Cash on Delivery,0
100089,2023-06-29,CUST1373,New,North,Beauty,Sunscreen,5,893,4465,30.0,1339.5,3125.5,Cash on Delivery,0
100090,2024-04-26,CUST3029,Wholesale,West,Home & Kitchen,Air Fryer,1,11779,11779,5.0,588.95,11190.05,Cash on Delivery,0
100091,2023-10-23,CUST2655,Premium,Central,Beauty,Sunscreen,2,1438,2876,15.0,431.4,2444.6,UPI,0
100092,2024-06-10,CUST2810,Premium,North,Electronics,Tablet,2,31776,63552,10.0,6355.2,57196.8,Credit Card,0
100093,2023-02-22,CUST3493,Premium,East,Apparel,Jacket,1,936,936,0.0,0.0,936.0,Cash on Delivery,0
100094,2023-09-03,CUST1464,Premium,West,Apparel,Jacket,1,456,456,0.0,0.0,456.0,Net Banking,0
100095,2024-04-17,CUST2934,Premium,South,Electronics,Laptop,1,34161,34161,20.0,6832.2,27328.8,Credit Card,0
100096,2023-09-07,CUST2131,New,East,Beauty,Sunscreen,2,2231,4462,20.0,892.4,3569.6,Credit Card,1
100097,2024-02-29,CUST3005,Wholesale,North,Home & Kitchen,Bedsheet Set,1,842,842,5.0,42.1,799.9,Credit Card,1
100098,2023-06-02,CUST2318,Regular,East,Beauty,Sunscreen,1,2410,2410,0.0,0.0,2410.0,Debit Card,0
100099,2023-07-13,CUST2561,Regular,North,Apparel,Dress,2,1356,2712,0.0,0.0,2712.0,UPI,0
100100,2024-01-31,CUST1408,Premium,Central,Apparel,Sneakers,1,917,917,0.0,0.0,917.0,Debit Card,0
100101,2024-06-22,CUST2386,Regular,North,Beauty,Face Cream,1,782,782,0.0,0.0,782.0,UPI,0
100102,2024-09-30,CUST2998,Regular,North,Beauty,Face Cream,2,2335,4670,0.0,0.0,4670.0,Credit Card,0
100103,2024-07-08,CUST1403,Regular,East,Electronics,Tablet,4,5984,23936,0.0,0.0,23936.0,Cash on Delivery,0
100104,2024-10-10,CUST2468,New,West,Electronics,Smartwatch,1,12402,12402,10.0,1240.2,11161.8,UPI,0
100105,2024-01-19,CUST1323,Regular,East,Beauty,Shampoo,2,2468,4936,0.0,0.0,4936.0,Credit Card,0
100106,2024-09-16,CUST2045,New,West,Beauty,Sunscreen,1,736,736,0.0,0.0,736.0,Credit Card,0
100107,2024-11-13,CUST3406,Regular,East,Electronics,Smartwatch,1,20350,20350,0.0,0.0,20350.0,UPI,0
100108,2023-11-03,CUST2562,Regular,North,Beauty,Perfume,3,965,2895,15.0,434.25,2460.75,UPI,0
100109,2024-08-08,CUST3318,Premium,West,Home & Kitchen,Bedsheet Set,1,5637,5637,10.0,563.7,5073.3,UPI,0
100110,2024-12-03,CUST1778,Regular,South,Electronics,Tablet,1,50335,50335,15.0,7550.25,42784.75,UPI,0
100111,2024-09-27,CUST2494,Wholesale,South,Home & Kitchen,Cookware Set,1,11080,11080,0.0,0.0,11080.0,Debit Card,0
100112,2023-05-15,CUST2498,Regular,South,Electronics,Headphones,1,22911,22911,0.0,0.0,22911.0,UPI,0
100113,2024-06-27,CUST1471,Premium,North,Sports,Cricket Bat,5,7106,35530,0.0,0.0,35530.0,Credit Card,0
100114,2024-04-24,CUST2616,New,Central,Electronics,Laptop,1,50924,50924,0.0,0.0,50924.0,Cash on Delivery,0
100115,2023-01-15,CUST2521,Premium,Central,Home & Kitchen,Bedsheet Set,1,6838,6838,15.0,1025.7,5812.3,Debit Card,0
100116,2023-04-21,CUST2901,Regular,South,Apparel,Sneakers,1,2937,2937,0.0,0.0,2937.0,Credit Card,0
100117,2024-12-18,CUST1961,Premium,South,Home & Kitchen,Air Fryer,1,1542,1542,15.0,231.3,1310.7,UPI,0
100118,2024-07-04,CUST2699,Regular,South,Apparel,Sneakers,5,1919,9595,5.0,479.75,9115.25,UPI,0
100119,2024-11-01,CUST1967,Premium,South,Electronics,Smartwatch,2,41847,83694,15.0,12554.1,71139.9,Net Banking,0
100120,2024-01-07,CUST2862,Wholesale,South,Electronics,Headphones,5,37182,185910,0.0,0.0,185910.0,Cash on Delivery,0
100121,2023-04-04,CUST3270,Regular,Central,Apparel,Dress,2,607,1214,10.0,121.4,1092.6,UPI,0
100122,2023-08-01,CUST1011,New,North,Sports,Dumbbell Set,1,6843,6843,0.0,0.0,6843.0,UPI,0
100123,2023-10-11,CUST2467,Premium,West,Apparel,Jeans,3,1426,4278,10.0,427.8,3850.2,Credit Card,0
100124,2023-09-01,CUST1260,Regular,South,Sports,Cricket Bat,1,1538,1538,15.0,230.7,1307.3,Credit Card,0
100125,2024-05-02,CUST3135,New,South,Beauty,Perfume,1,2001,2001,20.0,400.2,1600.8,Credit Card,0
100126,2023-11-05,CUST2816,Wholesale,North,Beauty,Face Cream,1,1896,1896,5.0,94.8,1801.2,Debit Card,0
100127,2023-03-17,CUST2331,Premium,East,Electronics,Headphones,2,41365,82730,0.0,0.0,82730.0,Cash on Delivery,0
100128,2024-01-26,CUST3258,New,South,Sports,Cycling Helmet,2,1312,2624,15.0,393.6,2230.4,UPI,0
100129,2023-08-09,CUST1389,New,South,Beauty,Lipstick,3,1538,4614,0.0,0.0,4614.0,UPI,0
100130,2023-11-17,CUST1349,Regular,West,Beauty,Perfume,2,775,1550,20.0,310.0,1240.0,UPI,0
100131,2023-04-06,CUST3300,Premium,West,Beauty,Face Cream,1,682,682,0.0,0.0,682.0,UPI,0
100132,2023-12-04,CUST2178,Regular,East,Electronics,Smartwatch,4,24673,98692,5.0,4934.6,93757.4,Credit Card,0
100133,2024-09-06,CUST1443,Premium,East,Home & Kitchen,Vacuum Cleaner,3,9113,27339,20.0,5467.8,21871.2,UPI,0
100134,2023-12-25,CUST3280,Wholesale,West,Sports,Cricket Bat,1,7112,7112,15.0,1066.8,6045.2,Net Banking,0
100135,2023-01-27,CUST1586,New,South,Sports,Cricket Bat,4,3283,13132,5.0,656.6,12475.4,Cash on Delivery,0
100136,2024-08-02,CUST2719,New,Central,Beauty,Face Cream,4,275,1100,20.0,220.0,880.0,UPI,0
100137,2024-04-09,CUST1644,Regular,East,Home & Kitchen,Cookware Set,1,6114,6114,15.0,917.1,5196.9,UPI,0
100138,2024-09-24,CUST1882,Regular,South,Electronics,Smartphone,4,19332,77328,5.0,3866.4,73461.6,Credit Card,0
100139,2024-06-08,CUST2618,Premium,West,Electronics,Headphones,1,29674,29674,0.0,0.0,29674.0,UPI,0
100140,2024-09-05,CUST1031,Regular,East,Electronics,Smartphone,1,14897,14897,10.0,1489.7,13407.3,Cash on Delivery,0
100141,2024-05-24,CUST2450,Premium,North,Beauty,Shampoo,5,1092,5460,0.0,0.0,5460.0,UPI,0
100142,2023-03-15,CUST2656,Wholesale,North,Beauty,Face Cream,2,468,936,0.0,0.0,936.0,Credit Card,0
100143,2024-12-27,CUST2482,New,North,Beauty,Perfume,1,1480,1480,0.0,0.0,1480.0,UPI,0
100144,2023-04-01,CUST2390,Regular,East,Beauty,Face Cream,1,1790,1790,10.0,179.0,1611.0,Net Banking,0
100145,2023-08-15,CUST2431,Premium,South,Home & Kitchen,Cookware Set,1,11174,11174,20.0,2234.8,8939.2,UPI,1
100146,2023-12-26,CUST1308,Regular,South,Apparel,Jeans,1,999,999,0.0,0.0,999.0,Debit Card,0
100147,2023-07-01,CUST2323,Premium,West,Beauty,Lipstick,1,1988,1988,0.0,0.0,1988.0,UPI,0
100148,2024-10-04,CUST1230,Regular,North,Home & Kitchen,Cookware Set,1,8482,8482,15.0,1272.3,7209.7,Net Banking,0
100149,2023-12-27,CUST1369,Regular,North,Sports,Yoga Mat,3,966,2898,20.0,579.6,2318.4,Net Banking,0
100150,2024-09-21,CUST3341,Regular,West,Sports,Cycling Helmet,3,6986,20958,0.0,0.0,20958.0,UPI,0
100151,2024-10-29,CUST2406,Regular,North,Apparel,Jacket,2,2348,4696,10.0,469.6,4226.4,UPI,0
100152,2023-03-28,CUST2527,Regular,West,Sports,Dumbbell Set,1,4793,4793,10.0,479.3,4313.7,UPI,0
100153,2023-10-17,CUST2350,Regular,East,Beauty,Lipstick,1,364,364,10.0,36.4,327.6,Debit Card,1
100154,2023-04-07,CUST2432,Regular,West,Sports,Running Shoes,1,3230,3230,20.0,646.0,2584.0,Cash on Delivery,0
100155,2023-11-14,CUST1523,Regular,South,Beauty,Shampoo,1,1418,1418,15.0,212.7,1205.3,UPI,0
100156,2024-11-17,CUST1877,New,North,Sports,Yoga Mat,1,3464,3464,,,,Cash on Delivery,0
100157,2023-12-16,CUST3210,Wholesale,North,Beauty,Shampoo,2,466,932,10.0,93.2,838.8,UPI,0
100158,2024-06-23,CUST1678,New,West,Electronics,Headphones,1,58935,58935,0.0,0.0,58935.0,UPI,0
100159,2024-03-24,CUST2838,Premium,Central,Electronics,Smartwatch,2,25374,50748,0.0,0.0,50748.0,Debit Card,0
100160,2023-08-28,CUST2804,Regular,South,Sports,Dumbbell Set,1,3513,3513,0.0,0.0,3513.0,Credit Card,0
100161,2024-04-17,CUST2024,Premium,North,Home & Kitchen,Air Fryer,1,7659,7659,0.0,0.0,7659.0,UPI,0
100162,2023-02-23,CUST2840,Regular,West,Beauty,Perfume,1,660,660,10.0,66.0,594.0,Debit Card,0
100163,2024-06-09,CUST2531,Regular,West,Apparel,Sneakers,1,1309,1309,10.0,130.9,1178.1,UPI,0
100164,2023-08-30,CUST1598,Premium,East,Beauty,Face Cream,2,1455,2910,0.0,0.0,2910.0,UPI,0
100165,2023-05-21,CUST1077,Premium,West,Electronics,Headphones,1,55879,55879,0.0,0.0,55879.0,Debit Card,0
100166,2023-09-20,CUST2233,Premium,West,Apparel,Jeans,2,3378,6756,5.0,337.8,6418.2,UPI,0
100167,2023-05-05,CUST3444,Regular,Central,Electronics,Laptop,1,29013,29013,0.0,0.0,29013.0,Cash on Delivery,0
100168,2024-07-02,CUST3337,New,Central,Electronics,Tablet,2,39186,78372,,,,Cash on Delivery,0
100169,2024-03-02,CUST3269,Premium,South,Apparel,T-Shirt,5,1877,9385,20.0,1877.0,7508.0,UPI,0
100170,2023-01-21,CUST1276,Wholesale,West,Beauty,Lipstick,2,1679,3358,20.0,671.6,2686.4,UPI,0
100171,2023-12-20,CUST1717,Regular,West,Apparel,T-Shirt,5,2783,13915,30.0,4174.5,9740.5,Cash on Delivery,0
100172,2024-12-02,CUST2201,New,Central,Beauty,Lipstick,3,408,1224,0.0,0.0,1224.0,UPI,0
100173,2023-07-26,CUST2939,Regular,South,Electronics,Laptop,2,59551,119102,5.0,5955.1,113146.9,UPI,0
100174,2023-09-17,CUST2638,Regular,North,Electronics,Laptop,2,20250,40500,5.0,2025.0,38475.0,Credit Card,0
100175,2024-03-26,CUST2738,Premium,Central,Beauty,Perfume,1,1654,1654,20.0,330.8,1323.2,UPI,0
100176,2023-03-22,CUST2210,Premium,Central,Beauty,Sunscreen,2,1353,2706,30.0,811.8,1894.2,Cash on Delivery,0
100177,2023-11-10,CUST2444,Regular,West,Beauty,Sunscreen,2,1968,3936,20.0,787.2,3148.8,Credit Card,1
100178,2024-09-21,CUST1655,Regular,West,Beauty,Perfume,2,457,914,0.0,0.0,914.0,Credit Card,0
100179,2023-02-01,CUST2500,Regular,South,Apparel,Dress,1,3600,3600,0.0,0.0,3600.0,UPI,0
100180,2024-01-06,CUST3350,Regular,Central,Beauty,Sunscreen,2,1992,3984,0.0,0.0,3984.0,Credit Card,1
100181,2023-05-21,CUST1762,Regular,West,Sports,Cricket Bat,3,2544,7632,20.0,1526.4,6105.6,Credit Card,0
100182,2024-05-26,CUST2169,Regular,East,Sports,Running Shoes,1,6267,6267,20.0,1253.4,5013.6,Cash on Delivery,0
100183,2024-12-11,CUST1359,Premium,East,Beauty,Shampoo,1,2001,2001,5.0,100.05,1900.95,UPI,0
100184,2024-11-29,CUST1713,Regular,West,Home & Kitchen,Vacuum Cleaner,5,9811,49055,20.0,9811.0,39244.0,UPI,0
100185,2024-01-06,CUST3344,Regular,Central,Sports,Dumbbell Set,2,6974,13948,10.0,1394.8,12553.2,Credit Card,0
100186,2024-01-13,CUST2960,Regular,West,Beauty,Sunscreen,1,419,419,10.0,41.9,377.1,UPI,0
100187,2024-06-22,CUST3119,New,North,Beauty,Lipstick,1,663,663,20.0,132.6,530.4,UPI,1
100188,2023-12-19,CUST1508,New,Central,Apparel,Dress,2,2807,5614,0.0,0.0,5614.0,Debit Card,0
100189,2024-06-14,CUST2163,Regular,South,Apparel,Jacket,1,1063,1063,0.0,0.0,1063.0,Net Banking,0
100190,2023-03-22,CUST3058,Regular,West,Home & Kitchen,Cookware Set,1,5296,5296,5.0,264.8,5031.2,Cash on Delivery,0
100191,2024-10-18,CUST1116,Regular,West,Apparel,Dress,2,1031,2062,10.0,206.2,1855.8,Debit Card,0
100192,2023-03-25,CUST3234,Premium,West,Electronics,Tablet,3,18844,56532,15.0,8479.8,48052.2,Cash on Delivery,0
100193,2023-10-24,CUST2800,Premium,West,Home & Kitchen,Air Fryer,2,7453,14906,5.0,745.3,14160.7,Debit Card,0
100194,2024-03-01,CUST2414,Regular,Central,Beauty,Lipstick,1,738,738,5.0,36.9,701.1,Cash on Delivery,0
100195,2024-02-13,CUST2015,New,North,Apparel,Jacket,1,2700,2700,0.0,0.0,2700.0,Cash on Delivery,0
100196,2023-05-25,CUST2341,Wholesale,East,Electronics,Smartphone,1,20519,20519,10.0,2051.9,18467.1,Debit Card,0
100197,2024-08-14,CUST1094,Regular,West,Home & Kitchen,Cookware Set,1,8963,8963,30.0,2688.9,6274.1,Net Banking,0
100198,2023-04-03,CUST2927,Wholesale,East,Beauty,Sunscreen,4,1595,6380,10.0,638.0,5742.0,UPI,0
100199,2023-10-20,CUST2651,New,South,Sports,Yoga Mat,2,7729,15458,10.0,1545.8,13912.2,UPI,0
100200,2024-01-10,CUST3065,New,North,Electronics,Smartwatch,5,4852,24260,15.0,3639.0,20621.0,Cash on Delivery,0
100201,2024-04-06,CUST2388,Regular,West,Sports,Cricket Bat,1,1554,1554,5.0,77.7,1476.3,UPI,0
100202,2024-07-25,CUST2364,Regular,West,Home & Kitchen,Cookware Set,5,9141,45705,5.0,2285.25,43419.75,UPI,0
100203,2024-04-30,CUST2609,New,North,Sports,Running Shoes,1,3186,3186,0.0,0.0,3186.0,Debit Card,0
100204,2024-09-23,CUST1068,Regular,West,Home & Kitchen,Bedsheet Set,1,9151,9151,5.0,457.55,8693.45,Cash on Delivery,1
100205,2024-01-13,CUST3369,Premium,South,Home & Kitchen,Mixer Grinder,1,5840,5840,30.0,1752.0,4088.0,Credit Card,0
100206,2024-08-14,CUST2557,Regular,Central,Apparel,T-Shirt,1,2367,2367,10.0,236.7,2130.3,UPI,0
100207,2023-06-01,CUST2691,Premium,Central,Apparel,T-Shirt,1,3269,3269,20.0,653.8,2615.2,Cash on Delivery,0
100208,2024-12-08,CUST1565,New,West,Apparel,Sneakers,2,3574,7148,5.0,357.4,6790.6,Net Banking,0
100209,2024-06-15,CUST3183,Premium,Central,Apparel,Dress,1,3112,3112,0.0,0.0,3112.0,Net Banking,0
100210,2023-12-17,CUST2142,Regular,West,Sports,Cricket Bat,1,5497,5497,0.0,0.0,5497.0,UPI,0
100211,2024-07-25,CUST2428,New,South,Home & Kitchen,Cookware Set,1,5535,5535,0.0,0.0,5535.0,UPI,0
100212,2024-07-27,CUST2413,Premium,South,Home & Kitchen,Vacuum Cleaner,1,11885,11885,10.0,1188.5,10696.5,Debit Card,0
100213,2023-05-30,CUST1876,Regular,West,Home & Kitchen,Mixer Grinder,1,2094,2094,0.0,0.0,2094.0,Credit Card,1
100214,2023-07-26,CUST1993,Premium,North,Sports,Cricket Bat,2,1394,2788,10.0,278.8,2509.2,Debit Card,0
100215,2023-02-21,CUST1563,Premium,South,Sports,Dumbbell Set,1,3885,3885,0.0,0.0,3885.0,UPI,0
100216,2023-01-06,CUST2315,Regular,South,Sports,Dumbbell Set,2,5829,11658,15.0,1748.7,9909.3,Debit Card,0
100217,2023-10-20,CUST1717,Regular,North,Electronics,Smartphone,2,44249,88498,0.0,0.0,88498.0,Debit Card,0
100218,2024-03-03,CUST1153,Premium,North,Apparel,T-Shirt,3,2026,6078,15.0,911.7,5166.3,Net Banking,0
100219,2023-01-10,CUST3023,New,South,Home & Kitchen,Bedsheet Set,3,6289,18867,10.0,1886.7,16980.3,UPI,0
100220,2023-05-18,CUST1762,Premium,South,Sports,Running Shoes,2,1831,3662,0.0,0.0,3662.0,Credit Card,0
100221,2023-01-15,CUST2751,Regular,South,Home & Kitchen,Vacuum Cleaner,1,3964,3964,30.0,1189.2,2774.8,Cash on Delivery,0
100222,2024-06-11,CUST1027,New,North,Home & Kitchen,Mixer Grinder,1,2362,2362,10.0,236.2,2125.8,Debit Card,0
100223,2023-09-25,CUST2071,Wholesale,South,Beauty,Shampoo,2,1500,3000,0.0,0.0,3000.0,Cash on Delivery,0
100224,2024-10-31,CUST2273,Regular,North,Home & Kitchen,Cookware Set,1,2736,2736,20.0,547.2,2188.8,UPI,0
100225,2024-12-07,CUST3481,Regular,West,Electronics,Headphones,1,25587,25587,30.0,7676.1,17910.9,UPI,0
100226,2024-01-18,CUST1335,Premium,Central,Beauty,Sunscreen,2,1044,2088,5.0,104.4,1983.6,Credit Card,0
100227,2024-06-22,CUST3070,Regular,Central,Beauty,Sunscreen,2,2460,4920,20.0,984.0,3936.0,UPI,0
100228,2023-07-27,CUST3388,Premium,East,Sports,Cycling Helmet,1,4119,4119,15.0,617.85,3501.15,Net Banking,0
100229,2024-05-15,CUST1236,Regular,North,Electronics,Tablet,1,30695,30695,20.0,6139.0,24556.0,Cash on Delivery,0
100230,2024-07-26,CUST1299,New,South,Beauty,Perfume,1,1192,1192,,,,Credit Card,0
100231,2023-02-16,CUST1129,Regular,North,Beauty,Perfume,1,396,396,10.0,39.6,356.4,Cash on Delivery,0
100232,2023-10-21,CUST2546,Regular,West,Beauty,Shampoo,1,1871,1871,5.0,93.55,1777.45,Cash on Delivery,0
100233,2024-01-20,CUST1521,Premium,North,Electronics,Tablet,3,10215,30645,5.0,1532.25,29112.75,UPI,0
100234,2023-08-17,CUST2013,New,East,Electronics,Smartphone,1,21053,21053,0.0,0.0,21053.0,UPI,0
100235,2024-04-16,CUST1064,Premium,West,Home & Kitchen,Cookware Set,3,2648,7944,10.0,794.4,7149.6,Cash on Delivery,0
100236,2023-09-04,CUST2002,Regular,North,Apparel,T-Shirt,1,2832,2832,10.0,283.2,2548.8,UPI,0
100237,2023-02-15,CUST3359,Regular,North,Beauty,Lipstick,4,381,1524,5.0,76.2,1447.8,Credit Card,0
100238,2023-11-23,CUST3135,Regular,North,Sports,Cycling Helmet,5,2972,14860,0.0,0.0,14860.0,Cash on Delivery,1
100239,2023-08-15,CUST1192,New,East,Beauty,Perfume,1,867,867,5.0,43.35,823.65,Credit Card,0
100240,2023-12-19,CUST3203,Regular,North,Beauty,Sunscreen,2,1822,3644,5.0,182.2,3461.8,UPI,0
100241,2024-04-29,CUST2706,Regular,Central,Apparel,Jeans,1,3912,3912,20.0,782.4,3129.6,Debit Card,0
100242,2024-07-24,CUST2519,New,West,Sports,Dumbbell Set,2,3205,6410,5.0,320.5,6089.5,Cash on Delivery,0
100243,2023-04-05,CUST3406,Premium,Central,Sports,Dumbbell Set,4,7656,30624,10.0,3062.4,27561.6,UPI,0
100244,2024-11-18,CUST1480,Premium,North,Sports,Dumbbell Set,2,7946,15892,,,,Credit Card,0
100245,2024-05-05,CUST2909,Regular,Central,Apparel,Dress,1,1237,1237,20.0,247.4,989.6,Cash on Delivery,0
100246,2024-06-30,CUST2923,New,East,Home & Kitchen,Vacuum Cleaner,1,9201,9201,5.0,460.05,8740.95,Cash on Delivery,0
100247,2023-11-24,CUST2068,New,West,Apparel,Jacket,1,2095,2095,20.0,419.0,1676.0,Net Banking,0
100248,2024-07-20,CUST2006,Regular,East,Sports,Cycling Helmet,1,2107,2107,5.0,105.35,2001.65,UPI,0
100249,2024-05-26,CUST1693,Regular,South,Sports,Cricket Bat,1,4275,4275,0.0,0.0,4275.0,UPI,0
100250,2023-05-24,CUST1198,Premium,East,Sports,Running Shoes,1,4792,4792,5.0,239.6,4552.4,Debit Card,0
100251,2023-01-07,CUST2867,Premium,East,Beauty,Shampoo,1,428,428,5.0,21.4,406.6,UPI,0
100252,2024-01-18,CUST3259,Premium,East,Electronics,Tablet,2,43294,86588,15.0,12988.2,73599.8,,0
100253,2024-02-26,CUST2763,Regular,Central,Electronics,Smartphone,1,36195,36195,,,,UPI,0
100254,2023-07-03,CUST2094,Wholesale,South,Electronics,Smartphone,4,35866,143464,5.0,7173.2,136290.8,UPI,0
100255,2024-02-11,CUST1330,Regular,East,Electronics,Headphones,1,28109,28109,15.0,4216.35,23892.65,UPI,0
100256,2024-10-31,CUST1701,Premium,South,Electronics,Smartphone,1,28060,28060,10.0,2806.0,25254.0,,0
100257,2023-03-26,CUST1174,Premium,North,Beauty,Lipstick,1,2467,2467,15.0,370.05,2096.95,UPI,0
100258,2023-08-24,CUST3308,Regular,East,Apparel,Dress,1,1510,1510,15.0,226.5,1283.5,Cash on Delivery,0
100259,2024-11-04,CUST2631,Premium,North,Electronics,Laptop,2,57233,114466,20.0,22893.2,91572.8,Cash on Delivery,0
100260,2023-03-20,CUST1573,Regular,South,Home & Kitchen,Cookware Set,1,10084,10084,15.0,1512.6,8571.4,Debit Card,0
100261,2024-12-06,CUST3478,Regular,South,Electronics,Tablet,1,50354,50354,20.0,10070.8,40283.2,Net Banking,0
100262,2024-09-20,CUST2457,Regular,West,Sports,Running Shoes,1,6918,6918,10.0,691.8,6226.2,Debit Card,0
100263,2024-07-20,CUST2009,New,West,Beauty,Lipstick,1,1706,1706,0.0,0.0,1706.0,UPI,0
100264,2024-12-31,CUST1374,Premium,East,Electronics,Smartphone,1,19061,19061,15.0,2859.15,16201.85,UPI,0
100265,2023-01-06,CUST3281,Regular,Central,Home & Kitchen,Air Fryer,1,5219,5219,5.0,260.95,4958.05,Debit Card,0
100266,2024-07-22,CUST2328,Wholesale,West,Sports,Running Shoes,1,5040,5040,15.0,756.0,4284.0,UPI,0
100267,2024-01-30,CUST3134,Regular,South,Electronics,Headphones,3,28619,85857,0.0,0.0,85857.0,UPI,0
100268,2023-06-23,CUST2130,Regular,South,Beauty,Shampoo,1,1249,1249,0.0,0.0,1249.0,UPI,0
100269,2024-03-07,CUST1800,Premium,South,Home & Kitchen,Air Fryer,2,6716,13432,10.0,1343.2,12088.8,Cash on Delivery,0
100270,2024-04-13,CUST2349,Premium,South,Electronics,Laptop,2,21466,42932,10.0,4293.2,38638.8,Cash on Delivery,0
100271,2024-03-26,CUST1822,Regular,East,Home & Kitchen,Air Fryer,4,11466,45864,0.0,0.0,45864.0,Debit Card,0
100272,2024-05-05,CUST2148,Premium,North,Home & Kitchen,Cookware Set,1,5575,5575,15.0,836.25,4738.75,UPI,0
100273,2024-02-07,CUST2890,New,West,Home & Kitchen,Mixer Grinder,1,10503,10503,5.0,525.15,9977.85,Cash on Delivery,0
100274,2024-12-26,CUST1991,Wholesale,Central,Apparel,Sneakers,3,1593,4779,15.0,716.85,4062.15,Credit Card,0
100275,2023-09-16,CUST3075,New,North,Apparel,Sneakers,3,1944,5832,15.0,874.8,4957.2,UPI,0
100276,2024-12-09,CUST2016,Regular,North,Beauty,Sunscreen,1,2349,2349,0.0,0.0,2349.0,UPI,0
100277,2024-11-04,CUST2358,Regular,East,Home & Kitchen,Cookware Set,1,1525,1525,15.0,228.75,1296.25,Credit Card,0
100278,2024-03-16,CUST3356,Premium,Central,Electronics,Smartphone,3,7962,23886,0.0,0.0,23886.0,Cash on Delivery,0
100279,2023-08-15,CUST1428,New,North,Beauty,Perfume,3,2199,6597,20.0,1319.4,5277.6,Credit Card,0
100280,2023-10-30,CUST3134,Regular,West,Beauty,Face Cream,1,1576,1576,5.0,78.8,1497.2,UPI,0
100281,2024-05-09,CUST1471,Wholesale,South,Home & Kitchen,Air Fryer,3,8212,24636,0.0,0.0,24636.0,Debit Card,0
100282,2023-01-24,CUST3293,Premium,Central,Home & Kitchen,Mixer Grinder,2,3492,6984,0.0,0.0,6984.0,Debit Card,0
100283,2024-03-12,CUST1119,Regular,South,Beauty,Shampoo,1,905,905,0.0,0.0,905.0,Credit Card,0
100284,2024-09-20,CUST1256,Premium,Central,Apparel,Sneakers,1,2159,2159,5.0,107.95,2051.05,Cash on Delivery,0
100285,2024-08-14,CUST3004,Regular,South,Electronics,Tablet,1,13752,13752,10.0,1375.2,12376.8,Debit Card,0
100286,2024-06-24,CUST1706,Regular,North,Home & Kitchen,Bedsheet Set,1,7231,7231,0.0,0.0,7231.0,Net Banking,1
100287,2024-11-20,CUST1749,Premium,North,Home & Kitchen,Bedsheet Set,1,11811,11811,5.0,590.55,11220.45,Cash on Delivery,0
100288,2024-01-18,CUST3201,Regular,South,Apparel,Dress,1,2113,2113,10.0,211.3,1901.7,Debit Card,1
100289,2024-12-11,CUST1219,Premium,West,Apparel,Dress,2,2405,4810,15.0,721.5,4088.5,UPI,0
100290,2024-01-03,CUST3014,New,North,Electronics,Smartwatch,1,10447,10447,5.0,522.35,9924.65,Credit Card,0
100291,2024-03-01,CUST2125,New,West,Beauty,Lipstick,1,276,276,5.0,13.8,262.2,Net Banking,0
100292,2023-08-19,CUST3092,Regular,North,Sports,Cricket Bat,1,6582,6582,10.0,658.2,5923.8,Net Banking,0
100293,2023-04-26,CUST2807,Regular,North,Sports,Yoga Mat,3,4940,14820,30.0,4446.0,10374.0,Cash on Delivery,0
100294,2024-07-13,CUST2076,Premium,North,Apparel,Sneakers,3,3414,10242,0.0,0.0,10242.0,Credit Card,0
100295,2023-12-23,CUST3499,Regular,North,Electronics,Smartwatch,1,58207,58207,10.0,5820.7,52386.3,Net Banking,0
100296,2024-10-09,CUST2151,New,South,Beauty,Shampoo,4,997,3988,20.0,797.6,3190.4,Cash on Delivery,0
100297,2024-09-03,CUST1390,Regular,West,Sports,Dumbbell Set,3,5191,15573,0.0,0.0,15573.0,UPI,0
100298,2023-05-19,CUST2319,Premium,East,Beauty,Face Cream,3,669,2007,10.0,200.7,1806.3,Debit Card,0
100299,2023-09-11,CUST1381,Premium,North,Beauty,Lipstick,2,1250,2500,10.0,250.0,2250.0,UPI,0
100300,2024-02-17,CUST1381,Regular,North,Sports,Cricket Bat,1,4498,4498,0.0,0.0,4498.0,,0
100301,2024-04-14,CUST2322,New,Central,Home & Kitchen,Mixer Grinder,1,7316,7316,5.0,365.8,6950.2,Credit Card,0
100302,2023-10-18,CUST1198,Regular,West,Home & Kitchen,Bedsheet Set,1,10075,10075,15.0,1511.25,8563.75,UPI,0
100303,2023-02-17,CUST1828,Regular,South,Electronics,Smartwatch,5,2567,12835,,,,UPI,0
100304,2024-12-06,CUST1677,Regular,East,Apparel,Jacket,1,3981,3981,15.0,597.15,3383.85,UPI,0
100305,2023-02-23,CUST1874,Premium,West,Beauty,Perfume,5,1908,9540,15.0,1431.0,8109.0,UPI,0
100306,2024-05-03,CUST1493,Premium,Central,Electronics,Laptop,2,40407,80814,,,,Debit Card,0
100307,2024-03-08,CUST2505,Regular,North,Apparel,Sneakers,1,1337,1337,5.0,66.85,1270.15,Cash on Delivery,0
100308,2023-11-03,CUST1672,Premium,South,Apparel,Sneakers,1,3731,3731,5.0,186.55,3544.45,,0
100309,2024-03-26,CUST1355,Premium,Central,Home & Kitchen,Cookware Set,3,3280,9840,20.0,1968.0,7872.0,UPI,0
100310,2023-04-13,CUST2134,Regular,Central,Apparel,T-Shirt,1,3390,3390,15.0,508.5,2881.5,Net Banking,0
100311,2024-10-22,CUST2235,Premium,West,Electronics,Laptop,1,37767,37767,30.0,11330.1,26436.9,UPI,0
100312,2023-07-30,CUST1980,Regular,North,Sports,Cycling Helmet,2,5793,11586,15.0,1737.9,9848.1,UPI,0
100313,2024-05-21,CUST2479,New,East,Beauty,Face Cream,1,440,440,10.0,44.0,396.0,,0
100314,2023-11-21,CUST2929,Premium,South,Apparel,Sneakers,3,3836,11508,15.0,1726.2,9781.8,Debit Card,0
100315,2023-03-16,CUST2630,Premium,North,Electronics,Tablet,1,5925,5925,15.0,888.75,5036.25,UPI,1
100316,2024-06-02,CUST1625,Regular,North,Home & Kitchen,Bedsheet Set,1,7739,7739,10.0,773.9,6965.1,Cash on Delivery,0
100317,2023-10-12,CUST1270,Regular,East,Electronics,Headphones,2,6678,13356,15.0,2003.4,11352.6,Credit Card,0
100318,2023-11-14,CUST2266,Regular,West,Beauty,Shampoo,1,1929,1929,30.0,578.7,1350.3,Net Banking,0
100319,2024-11-13,CUST3118,Regular,South,Apparel,T-Shirt,3,3299,9897,30.0,2969.1,6927.9,UPI,0
100320,2023-09-23,CUST2758,New,South,Apparel,Jacket,2,3471,6942,5.0,347.1,6594.9,Cash on Delivery,0
100321,2023-10-06,CUST3046,Regular,West,Sports,Yoga Mat,1,4564,4564,20.0,912.8,3651.2,Debit Card,0
100322,2024-08-03,CUST3084,Premium,East,Apparel,Jacket,1,1444,1444,10.0,144.4,1299.6,Debit Card,0
100323,2023-01-03,CUST1144,Premium,East,Electronics,Smartphone,3,17526,52578,0.0,0.0,52578.0,Debit Card,0
100324,2024-07-20,CUST1489,Regular,East,Beauty,Shampoo,1,1460,1460,15.0,219.0,1241.0,UPI,0
100325,2024-05-29,CUST2156,Premium,West,Electronics,Laptop,1,16126,16126,5.0,806.3,15319.7,Credit Card,0
100326,2023-11-15,CUST1993,Regular,North,Home & Kitchen,Mixer Grinder,2,930,1860,30.0,558.0,1302.0,Debit Card,0
100327,2024-04-20,CUST2679,Regular,West,Home & Kitchen,Bedsheet Set,2,4001,8002,0.0,0.0,8002.0,Debit Card,0
100328,2023-01-25,CUST2259,Regular,West,Apparel,Dress,2,3004,6008,0.0,0.0,6008.0,Debit Card,0
100329,2023-04-17,CUST1948,Regular,South,Apparel,Dress,3,2119,6357,0.0,0.0,6357.0,UPI,0
100330,2024-06-16,CUST1306,Wholesale,South,Beauty,Perfume,1,541,541,20.0,108.2,432.8,UPI,0
100331,2024-08-29,CUST2609,New,North,Sports,Yoga Mat,1,2889,2889,0.0,0.0,2889.0,Credit Card,0
100332,2024-12-18,CUST1446,Premium,West,Home & Kitchen,Vacuum Cleaner,2,4627,9254,20.0,1850.8,7403.2,Credit Card,0
100333,2023-06-09,CUST1850,Regular,East,Electronics,Laptop,2,30962,61924,30.0,18577.2,43346.8,Net Banking,0
100334,2024-04-07,CUST3471,Regular,North,Home & Kitchen,Air Fryer,1,2764,2764,20.0,552.8,2211.2,UPI,0
100335,2023-02-11,CUST2065,New,South,Apparel,Jacket,2,773,1546,0.0,0.0,1546.0,Credit Card,0
100336,2023-06-28,CUST1572,Regular,North,Electronics,Smartwatch,1,57507,57507,10.0,5750.7,51756.3,Cash on Delivery,0
100337,2023-05-05,CUST1344,New,South,Electronics,Smartphone,2,55919,111838,30.0,33551.4,78286.6,UPI,0
100338,2024-08-19,CUST1527,Regular,Central,Sports,Cricket Bat,1,2119,2119,15.0,317.85,1801.15,Credit Card,1
100339,2023-04-05,CUST3032,Premium,South,Home & Kitchen,Mixer Grinder,2,1629,3258,5.0,162.9,3095.1,UPI,1
100340,2023-01-31,CUST1141,Regular,East,Beauty,Lipstick,1,916,916,0.0,0.0,916.0,UPI,0
100341,2024-09-20,CUST1359,Premium,Central,Sports,Cycling Helmet,1,3875,3875,20.0,775.0,3100.0,Credit Card,0
100342,2023-10-14,CUST1079,New,North,Beauty,Shampoo,1,2303,2303,15.0,345.45,1957.55,Credit Card,0
100343,2024-01-27,CUST2107,Wholesale,North,Home & Kitchen,Air Fryer,2,8740,17480,5.0,874.0,16606.0,Cash on Delivery,0
100344,2023-07-04,CUST2464,Premium,West,Electronics,Headphones,1,40632,40632,15.0,6094.8,34537.2,UPI,0
100345,2024-08-21,CUST1229,New,North,Apparel,Jeans,1,1415,1415,0.0,0.0,1415.0,UPI,0
100346,2023-08-13,CUST2469,Premium,West,Sports,Running Shoes,3,2437,7311,20.0,1462.2,5848.8,UPI,0
100347,2024-08-28,CUST3016,Premium,South,Electronics,Headphones,2,38701,77402,0.0,0.0,77402.0,Cash on Delivery,0
100348,2024-07-09,CUST2957,Wholesale,East,Home & Kitchen,Cookware Set,1,2278,2278,0.0,0.0,2278.0,,0
100349,2023-01-01,CUST2325,Regular,West,Home & Kitchen,Bedsheet Set,5,2937,14685,0.0,0.0,14685.0,Net Banking,0
100350,2023-03-02,CUST1297,New,South,Electronics,Laptop,2,39944,79888,15.0,11983.2,67904.8,Debit Card,0
100351,2024-01-18,CUST2789,Premium,Central,Beauty,Sunscreen,2,1471,2942,15.0,441.3,2500.7,UPI,0
100352,2024-10-16,CUST2549,Wholesale,Central,Beauty,Perfume,5,1611,8055,5.0,402.75,7652.25,UPI,0
100353,2023-11-11,CUST3324,New,North,Home & Kitchen,Cookware Set,1,829,829,10.0,82.9,746.1,Debit Card,0
100354,2023-02-03,CUST1576,New,North,Apparel,Dress,1,3712,3712,30.0,1113.6,2598.4,Cash on Delivery,0
100355,2023-12-06,CUST2375,Premium,Central,Electronics,Laptop,1,24228,24228,20.0,4845.6,19382.4,Debit Card,0
100356,2024-04-02,CUST1197,Regular,North,Electronics,Headphones,1,15241,15241,15.0,2286.15,12954.85,Debit Card,0
100357,2024-01-31,CUST2963,New,North,Beauty,Lipstick,3,1701,5103,15.0,765.45,4337.55,UPI,0
100358,2024-08-14,CUST1303,Regular,West,Apparel,Jeans,3,701,2103,5.0,105.15,1997.85,Credit Card,0
100359,2023-12-17,CUST2977,New,East,Apparel,Sneakers,1,3398,3398,20.0,679.6,2718.4,UPI,0
100360,2024-12-22,CUST1778,Regular,North,Electronics,Smartwatch,1,44336,44336,15.0,6650.4,37685.6,UPI,0
100361,2024-02-24,CUST3251,Premium,West,Sports,Cycling Helmet,3,2445,7335,5.0,366.75,6968.25,Credit Card,1
100362,2024-05-17,CUST2967,Regular,East,Apparel,T-Shirt,1,415,415,10.0,41.5,373.5,Debit Card,0
100363,2023-07-24,CUST2628,New,North,Electronics,Smartphone,3,15062,45186,0.0,0.0,45186.0,UPI,0
100364,2024-04-27,CUST1764,Premium,West,Beauty,Perfume,1,1737,1737,0.0,0.0,1737.0,UPI,0
100365,2024-04-01,CUST1396,Wholesale,West,Electronics,Headphones,2,30318,60636,15.0,9095.4,51540.6,Cash on Delivery,0
100366,2023-03-29,CUST3140,Wholesale,South,Home & Kitchen,Bedsheet Set,2,10462,20924,0.0,0.0,20924.0,Debit Card,0
100367,2024-03-04,CUST1142,New,East,Sports,Running Shoes,1,1146,1146,30.0,343.8,802.2,Credit Card,0
100368,2024-05-29,CUST1684,Regular,South,Sports,Cycling Helmet,4,1485,5940,0.0,0.0,5940.0,Net Banking,0
100369,2023-08-05,CUST3437,Wholesale,South,Apparel,Jeans,3,2134,6402,0.0,0.0,6402.0,Net Banking,1
100370,2023-09-22,CUST2876,Regular,West,Home & Kitchen,Mixer Grinder,1,9915,9915,20.0,1983.0,7932.0,Cash on Delivery,0
100371,2023-01-13,CUST3386,Premium,West,Sports,Cycling Helmet,1,3895,3895,0.0,0.0,3895.0,UPI,0
100372,2023-04-13,CUST2568,Premium,South,Electronics,Tablet,1,52588,52588,15.0,7888.2,44699.8,UPI,0
100373,2024-11-01,CUST2645,New,Central,Beauty,Sunscreen,2,855,1710,20.0,342.0,1368.0,Debit Card,0
100374,2023-02-09,CUST2241,Regular,North,Beauty,Perfume,1,2096,2096,10.0,209.6,1886.4,Net Banking,1
100375,2023-11-15,CUST2314,Premium,Central,Home & Kitchen,Air Fryer,3,2409,7227,15.0,1084.05,6142.95,UPI,0
100376,2023-10-03,CUST2984,Wholesale,North,Beauty,Sunscreen,3,1959,5877,20.0,1175.4,4701.6,Debit Card,0
100377,2024-06-12,CUST3147,Regular,East,Home & Kitchen,Mixer Grinder,1,3404,3404,15.0,510.6,2893.4,UPI,0
100378,2024-08-05,CUST2476,Regular,Central,Electronics,Laptop,2,14132,28264,10.0,2826.4,25437.6,Debit Card,0
100379,2024-12-22,CUST1125,Premium,South,Apparel,Jacket,1,3773,3773,15.0,565.95,3207.05,UPI,0
100380,2023-09-05,CUST2059,Premium,Central,Home & Kitchen,Air Fryer,1,3709,3709,10.0,370.9,3338.1,Net Banking,0
100381,2024-12-06,CUST1906,Regular,South,Electronics,Headphones,1,3298,3298,5.0,164.9,3133.1,Credit Card,0
100382,2024-10-24,CUST1036,Regular,Central,Apparel,Jeans,1,3068,3068,15.0,460.2,2607.8,Credit Card,0
100383,2024-04-30,CUST2127,Premium,North,Apparel,Jeans,1,3680,3680,0.0,0.0,3680.0,UPI,0
100384,2024-03-09,CUST2626,Regular,North,Beauty,Perfume,2,2061,4122,10.0,412.2,3709.8,Cash on Delivery,0
100385,2024-08-21,CUST1442,Regular,Central,Electronics,Smartphone,2,35022,70044,0.0,0.0,70044.0,UPI,0
100386,2024-05-08,CUST2223,New,East,Electronics,Headphones,2,19619,39238,30.0,11771.4,27466.6,Credit Card,0
100387,2023-07-12,CUST1104,Regular,South,Apparel,Dress,1,1384,1384,20.0,276.8,1107.2,Credit Card,0
100388,2024-11-02,CUST3343,Regular,East,Beauty,Perfume,4,1740,6960,20.0,1392.0,5568.0,Cash on Delivery,0
100389,2023-07-14,CUST2229,Regular,East,Home & Kitchen,Cookware Set,1,11258,11258,10.0,1125.8,10132.2,UPI,0
100390,2023-06-24,CUST1749,Regular,North,Sports,Dumbbell Set,1,6569,6569,0.0,0.0,6569.0,Credit Card,0
100391,2024-11-27,CUST2067,Regular,West,Home & Kitchen,Mixer Grinder,1,4459,4459,30.0,1337.7,3121.3,UPI,0
100392,2024-08-22,CUST1291,Regular,West,Home & Kitchen,Air Fryer,1,8509,8509,10.0,850.9,7658.1,Debit Card,0
100393,2024-04-28,CUST1617,New,East,Apparel,Dress,1,3953,3953,20.0,790.6,3162.4,Net Banking,0
100394,2023-05-21,CUST1331,Regular,East,Apparel,Jacket,1,2732,2732,0.0,0.0,2732.0,UPI,0
100395,2024-05-14,CUST1690,Regular,East,Home & Kitchen,Cookware Set,2,1750,3500,5.0,175.0,3325.0,UPI,0
100396,2024-08-13,CUST2757,New,West,Apparel,Sneakers,1,3527,3527,10.0,352.7,3174.3,Debit Card,0
100397,2024-05-03,CUST3175,New,South,Beauty,Face Cream,2,1678,3356,15.0,503.4,2852.6,Credit Card,0
100398,2023-07-15,CUST1420,Regular,Central,Electronics,Smartphone,2,42570,85140,5.0,4257.0,80883.0,UPI,0
100399,2024-01-28,CUST3131,Premium,West,Sports,Cycling Helmet,1,2942,2942,5.0,147.1,2794.9,Credit Card,0
100400,2024-09-02,CUST1675,Regular,Central,Sports,Cricket Bat,1,7884,7884,10.0,788.4,7095.6,UPI,0
100401,2024-02-18,CUST1504,Regular,South,Electronics,Laptop,1,16201,16201,,,,Credit Card,0
100402,2024-01-11,CUST1442,Regular,South,Electronics,Smartwatch,1,58945,58945,10.0,5894.5,53050.5,Cash on Delivery,0
100403,2024-10-31,CUST1627,Regular,East,Electronics,Smartphone,5,46703,233515,10.0,23351.5,210163.5,Credit Card,0
100404,2023-07-30,CUST2715,Regular,North,Electronics,Headphones,1,29082,29082,15.0,4362.3,24719.7,UPI,0
100405,2023-04-18,CUST2077,Wholesale,South,Sports,Cycling Helmet,4,4577,18308,5.0,915.4,17392.6,UPI,0
100406,2024-06-19,CUST2968,New,East,Apparel,Jacket,1,2078,2078,30.0,623.4,1454.6,Cash on Delivery,0
100407,2023-12-05,CUST1368,Regular,South,Apparel,T-Shirt,1,3151,3151,15.0,472.65,2678.35,Credit Card,0
100408,2024-06-07,CUST1715,New,West,Electronics,Smartphone,1,18270,18270,0.0,0.0,18270.0,Credit Card,0
100409,2023-02-10,CUST1187,Regular,North,Home & Kitchen,Vacuum Cleaner,5,5923,29615,10.0,2961.5,26653.5,UPI,0
100410,2023-01-10,CUST2403,Regular,East,Apparel,Jeans,2,1864,3728,5.0,186.4,3541.6,Credit Card,0
100411,2023-07-07,CUST1683,New,Central,Electronics,Smartwatch,2,27730,55460,10.0,5546.0,49914.0,Debit Card,0
100412,2023-04-26,CUST2794,Regular,South,Apparel,T-Shirt,1,1052,1052,0.0,0.0,1052.0,Credit Card,1
100413,2023-07-05,CUST1535,New,Central,Sports,Running Shoes,3,7566,22698,0.0,0.0,22698.0,Credit Card,0
100414,2024-05-09,CUST3149,New,North,Beauty,Face Cream,3,338,1014,20.0,202.8,811.2,UPI,0
100415,2024-08-13,CUST2772,Wholesale,East,Sports,Dumbbell Set,3,4785,14355,10.0,1435.5,12919.5,Credit Card,0
100416,2024-11-08,CUST1223,Regular,South,Apparel,Sneakers,1,3118,3118,15.0,467.7,2650.3,Net Banking,0
100417,2023-01-12,CUST2355,New,East,Apparel,Dress,1,2322,2322,15.0,348.3,1973.7,Cash on Delivery,0
100418,2023-10-12,CUST2819,Wholesale,East,Electronics,Tablet,1,16095,16095,20.0,3219.0,12876.0,UPI,0
100419,2024-08-09,CUST1072,New,Central,Beauty,Face Cream,3,1444,4332,5.0,216.6,4115.4,UPI,0
100420,2023-04-16,CUST2247,Wholesale,East,Beauty,Lipstick,1,150,150,10.0,15.0,135.0,UPI,0
100421,2024-06-04,CUST2861,Regular,West,Sports,Dumbbell Set,1,3476,3476,15.0,521.4,2954.6,UPI,0
100422,2023-12-06,CUST1908,Wholesale,North,Sports,Cycling Helmet,5,6364,31820,15.0,4773.0,27047.0,UPI,0
100423,2023-01-03,CUST1672,Regular,South,Home & Kitchen,Vacuum Cleaner,3,5583,16749,15.0,2512.35,14236.65,Net Banking,0
100424,2024-05-19,CUST1883,New,West,Apparel,Sneakers,2,1441,2882,15.0,432.3,2449.7,Debit Card,0
100425,2024-04-13,CUST2845,Premium,North,Apparel,Jacket,1,3501,3501,5.0,175.05,3325.95,UPI,0
100426,2024-04-13,CUST3396,Regular,South,Sports,Cycling Helmet,4,6531,26124,0.0,0.0,26124.0,Cash on Delivery,1
100427,2024-05-09,CUST2318,Regular,East,Sports,Dumbbell Set,1,1348,1348,15.0,202.2,1145.8,UPI,0
100428,2024-05-31,CUST2854,Regular,North,Beauty,Lipstick,1,1270,1270,0.0,0.0,1270.0,Credit Card,0
100429,2023-05-17,CUST3267,Wholesale,West,Apparel,Sneakers,4,3267,13068,5.0,653.4,12414.6,Credit Card,0
100430,2024-10-09,CUST1728,Premium,South,Apparel,Jeans,2,2956,5912,10.0,591.2,5320.8,Cash on Delivery,0
100431,2024-05-30,CUST2709,New,North,Sports,Cricket Bat,1,4435,4435,10.0,443.5,3991.5,Credit Card,0
100432,2024-11-21,CUST1217,Premium,North,Sports,Cricket Bat,2,4782,9564,20.0,1912.8,7651.2,UPI,0
100433,2024-11-17,CUST2208,Premium,East,Electronics,Laptop,2,18996,37992,10.0,3799.2,34192.8,UPI,0
100434,2023-07-28,CUST1918,Regular,South,Sports,Yoga Mat,1,5547,5547,15.0,832.05,4714.95,Debit Card,0
100435,2024-10-24,CUST2280,Premium,North,Sports,Running Shoes,1,3625,3625,20.0,725.0,2900.0,UPI,0
100436,2024-07-19,CUST2506,Regular,West,Electronics,Smartphone,2,50237,100474,5.0,5023.7,95450.3,UPI,0
100437,2024-08-25,CUST1765,Regular,South,Sports,Cycling Helmet,1,4176,4176,15.0,626.4,3549.6,Cash on Delivery,0
100438,2023-06-27,CUST2044,Wholesale,South,Sports,Yoga Mat,5,5059,25295,0.0,0.0,25295.0,Credit Card,0
100439,2023-01-06,CUST2233,Regular,East,Home & Kitchen,Air Fryer,2,1454,2908,0.0,0.0,2908.0,Debit Card,0
100440,2024-05-17,CUST3069,Premium,West,Sports,Cycling Helmet,2,2301,4602,30.0,1380.6,3221.4,Cash on Delivery,0
100441,2023-06-13,CUST2356,Regular,South,Beauty,Sunscreen,2,1581,3162,0.0,0.0,3162.0,Net Banking,0
100442,2024-01-05,CUST1036,Premium,Central,Home & Kitchen,Cookware Set,1,9491,9491,0.0,0.0,9491.0,Credit Card,0
100443,2023-04-28,CUST1464,Regular,South,Home & Kitchen,Air Fryer,1,10854,10854,15.0,1628.1,9225.9,Net Banking,0
100444,2024-01-31,CUST3083,Premium,North,Home & Kitchen,Bedsheet Set,3,1204,3612,0.0,0.0,3612.0,Credit Card,0
100445,2024-04-01,CUST3203,Regular,East,Beauty,Face Cream,2,1462,2924,15.0,438.6,2485.4,UPI,0
100446,2024-06-30,CUST1842,Regular,West,Electronics,Smartphone,1,15313,15313,20.0,3062.6,12250.4,Net Banking,0
100447,2024-07-04,CUST1300,Regular,South,Beauty,Face Cream,1,247,247,0.0,0.0,247.0,UPI,0
100448,2023-02-25,CUST2656,Regular,North,Apparel,Jacket,1,688,688,0.0,0.0,688.0,UPI,0
100449,2024-03-19,CUST3398,Regular,East,Home & Kitchen,Mixer Grinder,2,2738,5476,0.0,0.0,5476.0,Credit Card,0
100450,2023-02-16,CUST2792,Premium,Central,Electronics,Headphones,1,34453,34453,15.0,5167.95,29285.05,Debit Card,0
100451,2024-01-26,CUST3235,Wholesale,East,Beauty,Face Cream,1,1050,1050,15.0,157.5,892.5,UPI,0
100452,2023-10-30,CUST1504,Regular,North,Apparel,Jacket,1,3656,3656,20.0,731.2,2924.8,UPI,0
100453,2023-02-12,CUST2408,Regular,South,Electronics,Tablet,1,40602,40602,10.0,4060.2,36541.8,UPI,1
100454,2023-08-05,CUST1742,Regular,Central,Beauty,Sunscreen,2,1054,2108,15.0,316.2,1791.8,Cash on Delivery,0
100455,2024-11-18,CUST1275,Regular,South,Sports,Yoga Mat,1,5781,5781,5.0,289.05,5491.95,UPI,0
100456,2023-09-14,CUST1409,Premium,West,Electronics,Laptop,4,49052,196208,20.0,39241.6,156966.4,UPI,0
100457,2023-10-19,CUST3392,Premium,Central,Sports,Yoga Mat,1,3189,3189,10.0,318.9,2870.1,Cash on Delivery,0
100458,2023-06-06,CUST1907,Regular,North,Sports,Cycling Helmet,2,1881,3762,,,,Debit Card,0
100459,2024-12-30,CUST2251,Premium,West,Beauty,Perfume,2,1508,3016,10.0,301.6,2714.4,Credit Card,0
100460,2024-05-13,CUST3206,Regular,Central,Sports,Yoga Mat,3,7395,22185,15.0,3327.75,18857.25,Credit Card,0
100461,2023-07-21,CUST2659,Regular,North,Home & Kitchen,Mixer Grinder,1,1105,1105,0.0,0.0,1105.0,Debit Card,1
100462,2024-08-27,CUST2607,Regular,East,Apparel,T-Shirt,2,1467,2934,0.0,0.0,2934.0,Credit Card,0
100463,2023-08-17,CUST1978,Premium,West,Sports,Cricket Bat,1,1241,1241,0.0,0.0,1241.0,Credit Card,0
100464,2024-09-20,CUST1598,Regular,South,Apparel,Dress,3,2227,6681,30.0,2004.3,4676.7,UPI,0
100465,2024-05-10,CUST1846,Regular,Central,Home & Kitchen,Mixer Grinder,1,8789,8789,30.0,2636.7,6152.3,Cash on Delivery,1
100466,2024-06-14,CUST3135,Wholesale,West,Home & Kitchen,Air Fryer,1,1560,1560,5.0,78.0,1482.0,Debit Card,0
100467,2024-10-10,CUST1318,Premium,North,Home & Kitchen,Vacuum Cleaner,1,10141,10141,20.0,2028.2,8112.8,Cash on Delivery,0
100468,2024-06-13,CUST2974,Wholesale,Central,Home & Kitchen,Air Fryer,5,7449,37245,15.0,5586.75,31658.25,Credit Card,0
100469,2024-09-10,CUST1866,New,East,Electronics,Tablet,2,59304,118608,10.0,11860.8,106747.2,UPI,0
100470,2023-06-03,CUST2972,New,East,Apparel,Jeans,1,2865,2865,0.0,0.0,2865.0,Credit Card,0
100471,2024-11-22,CUST3426,Regular,Central,Beauty,Lipstick,1,1833,1833,10.0,183.3,1649.7,Debit Card,0
100472,2023-06-14,CUST2660,Regular,West,Apparel,Dress,1,2744,2744,5.0,137.2,2606.8,Credit Card,0
100473,2024-09-05,CUST2930,Regular,North,Sports,Yoga Mat,4,1202,4808,30.0,1442.4,3365.6,Credit Card,0
100474,2024-05-08,CUST3092,Regular,West,Apparel,Jeans,2,2082,4164,20.0,832.8,3331.2,Credit Card,1
100475,2023-09-28,CUST1067,Regular,East,Apparel,Jacket,1,2843,2843,10.0,284.3,2558.7,Net Banking,0
100476,2023-07-27,CUST1159,Regular,West,Sports,Cycling Helmet,4,1953,7812,0.0,0.0,7812.0,UPI,0
100477,2024-06-28,CUST2767,Regular,South,Sports,Yoga Mat,1,7889,7889,20.0,1577.8,6311.2,UPI,0
100478,2024-06-18,CUST2561,Premium,Central,Beauty,Perfume,2,1907,3814,10.0,381.4,3432.6,Credit Card,0
100479,2023-12-25,CUST1343,Regular,South,Sports,Cycling Helmet,4,4408,17632,20.0,3526.4,14105.6,Cash on Delivery,0
100480,2023-10-18,CUST3140,Premium,West,Sports,Cycling Helmet,1,6309,6309,15.0,946.35,5362.65,,0
100481,2023-05-01,CUST3397,New,South,Sports,Yoga Mat,1,3849,3849,0.0,0.0,3849.0,UPI,1
100482,2023-09-17,CUST3261,Regular,East,Home & Kitchen,Bedsheet Set,3,6790,20370,5.0,1018.5,19351.5,Cash on Delivery,0
100483,2024-07-24,CUST2630,Premium,West,Beauty,Shampoo,3,2131,6393,10.0,639.3,5753.7,UPI,0
100484,2023-05-22,CUST3255,Regular,South,Electronics,Laptop,2,30768,61536,0.0,0.0,61536.0,UPI,0
100485,2024-09-20,CUST2783,Regular,East,Electronics,Laptop,1,27000,27000,5.0,1350.0,25650.0,Cash on Delivery,0
100486,2023-04-01,CUST3134,Regular,South,Electronics,Headphones,5,16033,80165,0.0,0.0,80165.0,Net Banking,0
100487,2023-10-21,CUST3122,New,West,Sports,Yoga Mat,1,4096,4096,,,,Credit Card,0
100488,2023-10-20,CUST1147,Regular,West,Apparel,T-Shirt,4,2855,11420,20.0,2284.0,9136.0,Credit Card,1
100489,2024-01-04,CUST1820,Regular,West,Apparel,T-Shirt,2,755,1510,0.0,0.0,1510.0,Debit Card,0
100490,2024-06-14,CUST2132,Regular,West,Electronics,Smartphone,2,7409,14818,30.0,4445.4,10372.6,Net Banking,0
100491,2023-08-20,CUST3288,Premium,South,Sports,Dumbbell Set,2,2638,5276,15.0,791.4,4484.6,UPI,0
100492,2023-03-16,CUST2024,Premium,East,Sports,Cricket Bat,4,7677,30708,15.0,4606.2,26101.8,Credit Card,0
100493,2024-12-11,CUST3403,Premium,West,Beauty,Lipstick,2,1541,3082,20.0,616.4,2465.6,Cash on Delivery,0
100494,2023-01-29,CUST2689,New,South,Beauty,Face Cream,1,1052,1052,5.0,52.6,999.4,UPI,1
100495,2023-12-28,CUST2400,New,Central,Sports,Cycling Helmet,2,2853,5706,30.0,1711.8,3994.2,Net Banking,0
100496,2023-03-19,CUST1778,Regular,South,Sports,Dumbbell Set,2,7826,15652,5.0,782.6,14869.4,Net Banking,0
100497,2024-05-25,CUST2458,Regular,West,Apparel,Jeans,5,1391,6955,5.0,347.75,6607.25,Net Banking,0
100498,2023-06-09,CUST1173,New,West,Electronics,Smartphone,5,6643,33215,,,,Credit Card,0
100499,2024-05-08,CUST3093,New,West,Home & Kitchen,Bedsheet Set,3,10212,30636,10.0,3063.6,27572.4,UPI,0
100500,2023-10-14,CUST3214,New,North,Beauty,Shampoo,1,371,371,10.0,37.1,333.9,UPI,0
100501,2023-02-03,CUST1034,New,West,Sports,Cricket Bat,2,1486,2972,10.0,297.2,2674.8,UPI,0
100502,2023-01-13,CUST2076,Regular,Central,Apparel,Sneakers,1,812,812,10.0,81.2,730.8,Debit Card,0
100503,2023-08-31,CUST2524,Regular,South,Home & Kitchen,Air Fryer,1,6795,6795,15.0,1019.25,5775.75,Debit Card,0
100504,2024-01-09,CUST2105,New,North,Beauty,Perfume,1,687,687,10.0,68.7,618.3,UPI,0
100505,2023-08-30,CUST1039,Regular,North,Sports,Running Shoes,2,7053,14106,10.0,1410.6,12695.4,Cash on Delivery,0
100506,2023-06-30,CUST2228,Regular,North,Beauty,Lipstick,1,2267,2267,0.0,0.0,2267.0,Net Banking,0
100507,2023-09-14,CUST1394,Wholesale,South,Sports,Cycling Helmet,1,991,991,0.0,0.0,991.0,UPI,1
100508,2024-04-05,CUST1496,Regular,North,Home & Kitchen,Vacuum Cleaner,2,9980,19960,5.0,998.0,18962.0,,0
100509,2023-12-26,CUST2331,Regular,South,Sports,Dumbbell Set,1,1929,1929,10.0,192.9,1736.1,UPI,0
100510,2024-11-20,CUST1593,Wholesale,West,Sports,Running Shoes,1,3621,3621,0.0,0.0,3621.0,Debit Card,1
100511,2023-06-21,CUST2407,Regular,South,Home & Kitchen,Air Fryer,2,10165,20330,10.0,2033.0,18297.0,Debit Card,0
100512,2023-08-22,CUST2487,Wholesale,North,Home & Kitchen,Vacuum Cleaner,2,5182,10364,15.0,1554.6,8809.4,UPI,0
100513,2024-08-24,CUST1327,Regular,South,Sports,Running Shoes,3,1524,4572,20.0,914.4,3657.6,Debit Card,0
100514,2023-08-04,CUST3146,Wholesale,North,Apparel,Sneakers,3,791,2373,0.0,0.0,2373.0,Net Banking,0
100515,2023-03-27,CUST2815,Premium,West,Electronics,Headphones,1,42007,42007,10.0,4200.7,37806.3,Credit Card,0
100516,2024-10-03,CUST2332,Wholesale,South,Apparel,Jeans,3,3834,11502,5.0,575.1,10926.9,Credit Card,0
100517,2024-05-02,CUST2870,Regular,Central,Beauty,Sunscreen,1,703,703,0.0,0.0,703.0,UPI,0
100518,2024-10-08,CUST1930,Regular,Central,Sports,Running Shoes,1,3036,3036,20.0,607.2,2428.8,UPI,0
100519,2023-04-02,CUST1558,Premium,East,Beauty,Perfume,1,787,787,,,,Debit Card,0
100520,2023-12-19,CUST2199,New,North,Home & Kitchen,Air Fryer,1,8859,8859,,,,Net Banking,0
100521,2024-09-03,CUST1668,Regular,South,Apparel,T-Shirt,1,1930,1930,15.0,289.5,1640.5,UPI,0
100522,2024-10-23,CUST2113,Regular,West,Beauty,Lipstick,3,1879,5637,20.0,1127.4,4509.6,Cash on Delivery,0
100523,2023-10-19,CUST2854,Premium,Central,Sports,Cricket Bat,2,1619,3238,20.0,647.6,2590.4,UPI,0
100524,2023-10-06,CUST1418,Regular,East,Sports,Running Shoes,4,906,3624,15.0,543.6,3080.4,Credit Card,0
100525,2023-10-16,CUST2400,Regular,South,Home & Kitchen,Cookware Set,2,934,1868,20.0,373.6,1494.4,Cash on Delivery,0
100526,2024-03-06,CUST1229,Regular,East,Home & Kitchen,Air Fryer,1,1319,1319,5.0,65.95,1253.05,Net Banking,0
100527,2023-09-30,CUST1051,Regular,Central,Beauty,Face Cream,1,937,937,5.0,46.85,890.15,Cash on Delivery,0
100528,2023-05-05,CUST3134,Premium,South,Apparel,Sneakers,1,2214,2214,20.0,442.8,1771.2,UPI,0
100529,2024-11-12,CUST3251,Regular,West,Apparel,Sneakers,1,3191,3191,5.0,159.55,3031.45,Debit Card,0
100530,2024-06-17,CUST1892,Regular,North,Electronics,Headphones,3,33037,99111,15.0,14866.65,84244.35,Debit Card,0
100531,2023-04-26,CUST1036,Regular,North,Apparel,Sneakers,1,461,461,10.0,46.1,414.9,UPI,0
100532,2023-02-13,CUST1374,Regular,South,Sports,Running Shoes,2,6814,13628,5.0,681.4,12946.6,Cash on Delivery,0
100533,2024-12-03,CUST1439,Regular,Central,Sports,Cricket Bat,1,3412,3412,30.0,1023.6,2388.4,Credit Card,0
100534,2023-05-09,CUST1087,Regular,North,Beauty,Shampoo,1,1572,1572,0.0,0.0,1572.0,Debit Card,0
100535,2024-12-06,CUST3223,New,West,Beauty,Perfume,2,311,622,10.0,62.2,559.8,Cash on Delivery,0
100536,2024-12-14,CUST3452,Premium,North,Beauty,Shampoo,2,1574,3148,5.0,157.4,2990.6,UPI,0
100537,2024-07-21,CUST1002,Regular,North,Apparel,T-Shirt,2,1034,2068,10.0,206.8,1861.2,Net Banking,0
100538,2024-10-15,CUST1259,Regular,North,Sports,Running Shoes,3,6857,20571,5.0,1028.55,19542.45,UPI,0
100539,2024-11-05,CUST2321,Regular,North,Sports,Running Shoes,2,6772,13544,5.0,677.2,12866.8,Credit Card,0
100540,2024-02-24,CUST1128,Regular,South,Home & Kitchen,Mixer Grinder,4,11595,46380,10.0,4638.0,41742.0,UPI,0
100541,2023-07-26,CUST3153,Regular,South,Electronics,Smartwatch,2,14057,28114,15.0,4217.1,23896.9,Credit Card,0
100542,2024-09-30,CUST3012,Regular,East,Sports,Cricket Bat,2,607,1214,10.0,121.4,1092.6,Cash on Delivery,0
100543,2023-03-23,CUST2088,Regular,East,Beauty,Face Cream,1,1661,1661,10.0,166.1,1494.9,UPI,0
100544,2024-06-25,CUST3177,New,South,Electronics,Smartphone,1,56186,56186,5.0,2809.3,53376.7,UPI,0
100545,2024-01-30,CUST3286,Regular,West,Apparel,Jeans,2,3090,6180,10.0,618.0,5562.0,Credit Card,0
100546,2024-03-01,CUST3252,Regular,South,Electronics,Tablet,1,24959,24959,15.0,3743.85,21215.15,Net Banking,0
100547,2024-02-16,CUST2329,Premium,Central,Sports,Cricket Bat,2,3386,6772,5.0,338.6,6433.4,UPI,0
100548,2024-01-16,CUST3253,New,Central,Beauty,Lipstick,1,1135,1135,5.0,56.75,1078.25,Credit Card,0
100549,2023-09-18,CUST2236,Regular,Central,Home & Kitchen,Air Fryer,3,803,2409,5.0,120.45,2288.55,UPI,0
100550,2023-01-07,CUST2130,Regular,Central,Home & Kitchen,Cookware Set,1,5959,5959,5.0,297.95,5661.05,Debit Card,0
100551,2024-07-20,CUST2085,Wholesale,South,Sports,Cycling Helmet,1,809,809,0.0,0.0,809.0,Debit Card,0
100552,2024-01-11,CUST1316,Regular,South,Sports,Dumbbell Set,1,5173,5173,15.0,775.95,4397.05,Credit Card,0
100553,2023-11-29,CUST3360,Regular,West,Beauty,Shampoo,2,540,1080,15.0,162.0,918.0,UPI,0
100554,2024-01-26,CUST1928,New,West,Electronics,Smartphone,1,52021,52021,15.0,7803.15,44217.85,Credit Card,0
100555,2024-10-30,CUST3211,New,West,Sports,Yoga Mat,1,943,943,5.0,47.15,895.85,Cash on Delivery,0
100556,2024-08-01,CUST2825,New,East,Apparel,Jacket,1,3258,3258,20.0,651.6,2606.4,UPI,0
100557,2024-09-01,CUST1338,New,Central,Sports,Cycling Helmet,2,6941,13882,20.0,2776.4,11105.6,Debit Card,0
100558,2024-05-02,CUST1534,Regular,East,Sports,Yoga Mat,2,3764,7528,0.0,0.0,7528.0,Credit Card,0
100559,2023-05-19,CUST3147,Regular,South,Beauty,Sunscreen,1,2490,2490,20.0,498.0,1992.0,UPI,0
100560,2023-09-10,CUST2694,Regular,North,Apparel,T-Shirt,1,3581,3581,15.0,537.15,3043.85,Debit Card,0
100561,2024-03-09,CUST2811,Regular,West,Home & Kitchen,Vacuum Cleaner,1,6444,6444,20.0,1288.8,5155.2,Debit Card,0
100562,2024-09-30,CUST1351,Regular,South,Apparel,Sneakers,2,3751,7502,0.0,0.0,7502.0,UPI,0
100563,2023-04-26,CUST2843,Premium,South,Electronics,Laptop,2,42198,84396,15.0,12659.4,71736.6,Cash on Delivery,0
100564,2024-04-27,CUST3247,Premium,North,Electronics,Headphones,1,15197,15197,0.0,0.0,15197.0,Credit Card,0
100565,2024-05-09,CUST1178,New,North,Sports,Dumbbell Set,2,3585,7170,0.0,0.0,7170.0,UPI,0
100566,2023-09-19,CUST1272,New,South,Apparel,T-Shirt,1,1222,1222,20.0,244.4,977.6,Cash on Delivery,1
100567,2024-02-02,CUST2559,New,West,Home & Kitchen,Vacuum Cleaner,2,1112,2224,0.0,0.0,2224.0,UPI,0
100568,2024-06-04,CUST2875,Regular,Central,Electronics,Headphones,3,33262,99786,20.0,19957.2,79828.8,Net Banking,1
100569,2024-07-28,CUST2420,Regular,South,Electronics,Smartphone,1,17713,17713,0.0,0.0,17713.0,Credit Card,0
100570,2024-12-01,CUST2585,Premium,West,Home & Kitchen,Vacuum Cleaner,2,4669,9338,5.0,466.9,8871.1,UPI,0
100571,2023-01-31,CUST3132,Premium,West,Sports,Cricket Bat,1,5881,5881,15.0,882.15,4998.85,Net Banking,0
100572,2024-11-25,CUST2348,Premium,East,Sports,Dumbbell Set,2,3993,7986,15.0,1197.9,6788.1,Cash on Delivery,1
100573,2024-04-04,CUST2265,Regular,West,Sports,Dumbbell Set,1,6103,6103,0.0,0.0,6103.0,Net Banking,0
100574,2024-12-06,CUST1484,Wholesale,Central,Sports,Dumbbell Set,1,1794,1794,5.0,89.7,1704.3,UPI,1
100575,2023-07-08,CUST2121,Premium,Central,Home & Kitchen,Cookware Set,2,6021,12042,10.0,1204.2,10837.8,Cash on Delivery,0
100576,2023-06-05,CUST1951,Premium,South,Apparel,T-Shirt,1,1156,1156,20.0,231.2,924.8,Debit Card,0
100577,2023-08-25,CUST2531,Premium,East,Electronics,Headphones,2,6708,13416,0.0,0.0,13416.0,Debit Card,0
100578,2023-07-08,CUST1061,Premium,East,Beauty,Lipstick,2,941,1882,5.0,94.1,1787.9,UPI,0
100579,2023-10-04,CUST2799,Regular,West,Beauty,Shampoo,2,987,1974,15.0,296.1,1677.9,UPI,0
100580,2024-09-23,CUST2558,New,West,Beauty,Perfume,1,1901,1901,5.0,95.05,1805.95,Cash on Delivery,0
100581,2023-11-17,CUST1157,Premium,North,Beauty,Sunscreen,4,2346,9384,15.0,1407.6,7976.4,UPI,0
100582,2024-06-17,CUST1160,Regular,South,Electronics,Smartwatch,1,31443,31443,0.0,0.0,31443.0,UPI,0
100583,2024-07-25,CUST2171,New,Central,Beauty,Sunscreen,1,927,927,20.0,185.4,741.6,Debit Card,0
100584,2024-04-17,CUST2850,New,North,Apparel,Sneakers,3,2911,8733,30.0,2619.9,6113.1,UPI,0
100585,2023-04-03,CUST1102,Premium,Central,Sports,Yoga Mat,1,1608,1608,15.0,241.2,1366.8,Cash on Delivery,0
100586,2023-07-03,CUST1671,Regular,South,Beauty,Sunscreen,3,519,1557,20.0,311.4,1245.6,Cash on Delivery,0
100587,2023-05-07,CUST3095,Regular,North,Electronics,Smartphone,1,47783,47783,0.0,0.0,47783.0,UPI,0
100588,2024-09-18,CUST1614,Regular,South,Apparel,Sneakers,1,1958,1958,30.0,587.4,1370.6,UPI,0
100589,2023-06-16,CUST2827,Regular,Central,Apparel,Jeans,2,3316,6632,5.0,331.6,6300.4,UPI,0
100590,2023-10-23,CUST3226,Regular,South,Apparel,T-Shirt,1,1230,1230,15.0,184.5,1045.5,UPI,0
100591,2023-01-06,CUST3458,New,North,Sports,Running Shoes,1,4217,4217,20.0,843.4,3373.6,UPI,0
100592,2023-01-07,CUST1607,Premium,North,Apparel,Dress,2,2938,5876,15.0,881.4,4994.6,UPI,0
100593,2023-02-26,CUST2707,Premium,East,Home & Kitchen,Mixer Grinder,2,1331,2662,0.0,0.0,2662.0,UPI,0
100594,2023-07-02,CUST3371,Premium,North,Apparel,Jacket,3,3107,9321,0.0,0.0,9321.0,UPI,0
100595,2024-01-04,CUST2750,New,South,Electronics,Smartphone,2,51865,103730,15.0,15559.5,88170.5,Debit Card,0
100596,2024-07-17,CUST1856,Premium,South,Electronics,Headphones,5,32355,161775,20.0,32355.0,129420.0,Cash on Delivery,0
100597,2024-09-18,CUST2176,Premium,North,Electronics,Smartphone,1,38945,38945,5.0,1947.25,36997.75,Net Banking,0
100598,2024-03-13,CUST3038,New,South,Sports,Cricket Bat,1,1562,1562,5.0,78.1,1483.9,Credit Card,0
100599,2024-05-19,CUST1483,Regular,North,Apparel,Dress,1,3302,3302,10.0,330.2,2971.8,Cash on Delivery,0
100600,2023-08-01,CUST1824,Premium,East,Sports,Running Shoes,2,5090,10180,5.0,509.0,9671.0,UPI,0
100601,2024-12-07,CUST1466,Premium,North,Home & Kitchen,Vacuum Cleaner,1,5842,5842,5.0,292.1,5549.9,UPI,0
100602,2024-12-03,CUST2384,Regular,West,Home & Kitchen,Vacuum Cleaner,5,10121,50605,15.0,7590.75,43014.25,Cash on Delivery,0
100603,2024-11-19,CUST3199,New,South,Beauty,Lipstick,1,706,706,15.0,105.9,600.1,Credit Card,0
100604,2023-12-10,CUST3194,Regular,West,Beauty,Lipstick,1,1376,1376,5.0,68.8,1307.2,Debit Card,0
100605,2023-01-20,CUST2536,Regular,South,Apparel,Dress,3,1758,5274,15.0,791.1,4482.9,UPI,0
100606,2024-10-03,CUST2262,Regular,West,Sports,Dumbbell Set,1,5375,5375,0.0,0.0,5375.0,Credit Card,0
100607,2024-12-23,CUST2239,Regular,Central,Home & Kitchen,Mixer Grinder,1,2222,2222,5.0,111.1,2110.9,UPI,0
100608,2023-08-10,CUST3072,Premium,East,Sports,Cricket Bat,1,6871,6871,5.0,343.55,6527.45,Net Banking,0
100609,2023-01-26,CUST2340,Wholesale,East,Beauty,Sunscreen,1,2130,2130,15.0,319.5,1810.5,Net Banking,0
100610,2023-05-27,CUST1474,Regular,North,Electronics,Tablet,1,45849,45849,10.0,4584.9,41264.1,UPI,0
100611,2023-01-05,CUST3132,Premium,East,Home & Kitchen,Mixer Grinder,1,10536,10536,10.0,1053.6,9482.4,UPI,0
100612,2024-11-05,CUST3180,Regular,West,Home & Kitchen,Mixer Grinder,1,5914,5914,5.0,295.7,5618.3,UPI,0
100613,2023-11-23,CUST3105,Regular,West,Beauty,Face Cream,1,1270,1270,,,,Debit Card,0
100614,2023-04-15,CUST3351,Regular,West,Apparel,Dress,1,2650,2650,15.0,397.5,2252.5,Net Banking,0
100615,2023-09-08,CUST1206,Premium,West,Apparel,T-Shirt,1,2911,2911,0.0,0.0,2911.0,Cash on Delivery,0
100616,2023-04-19,CUST2826,Premium,West,Beauty,Face Cream,1,883,883,5.0,44.15,838.85,Net Banking,0
100617,2024-09-23,CUST2907,Premium,Central,Home & Kitchen,Vacuum Cleaner,1,4046,4046,10.0,404.6,3641.4,Cash on Delivery,0
100618,2024-08-04,CUST2906,New,South,Apparel,T-Shirt,3,3686,11058,15.0,1658.7,9399.3,Cash on Delivery,0
100619,2024-04-26,CUST2353,Wholesale,South,Apparel,Jeans,2,3927,7854,15.0,1178.1,6675.9,UPI,0
100620,2023-11-29,CUST2156,Regular,Central,Beauty,Lipstick,1,612,612,10.0,61.2,550.8,UPI,0
100621,2023-12-23,CUST3277,New,South,Sports,Cycling Helmet,1,7197,7197,10.0,719.7,6477.3,Cash on Delivery,0
100622,2024-10-27,CUST2975,Regular,North,Electronics,Headphones,2,36414,72828,5.0,3641.4,69186.6,UPI,1
100623,2024-01-29,CUST2401,Premium,South,Electronics,Headphones,1,15147,15147,10.0,1514.7,13632.3,UPI,0
100624,2024-07-11,CUST3273,Premium,West,Apparel,Jeans,3,3142,9426,15.0,1413.9,8012.1,Cash on Delivery,0
100625,2023-04-10,CUST2552,Regular,North,Beauty,Shampoo,1,595,595,5.0,29.75,565.25,Debit Card,0
100626,2023-12-02,CUST3176,Wholesale,Central,Beauty,Face Cream,2,150,300,10.0,30.0,270.0,UPI,0
100627,2023-10-26,CUST2247,Regular,North,Beauty,Sunscreen,3,992,2976,5.0,148.8,2827.2,Credit Card,0
100628,2024-03-21,CUST1255,Regular,East,Home & Kitchen,Mixer Grinder,1,10818,10818,10.0,1081.8,9736.2,Credit Card,0
100629,2024-01-14,CUST1963,Regular,North,Sports,Yoga Mat,4,1398,5592,5.0,279.6,5312.4,Credit Card,0
100630,2024-03-18,CUST1710,Wholesale,West,Sports,Running Shoes,2,3625,7250,10.0,725.0,6525.0,Cash on Delivery,0
100631,2024-05-01,CUST1514,Regular,South,Apparel,Jeans,3,1975,5925,15.0,888.75,5036.25,UPI,0
100632,2023-05-18,CUST1346,Premium,East,Electronics,Smartphone,5,43992,219960,0.0,0.0,219960.0,UPI,0
100633,2023-05-21,CUST3261,New,East,Beauty,Lipstick,2,1893,3786,10.0,378.6,3407.4,UPI,0
100634,2024-04-05,CUST3055,Premium,North,Beauty,Perfume,4,180,720,15.0,108.0,612.0,UPI,1
100635,2023-10-03,CUST3376,Wholesale,South,Beauty,Sunscreen,1,305,305,0.0,0.0,305.0,Credit Card,0
100636,2024-05-08,CUST3498,Premium,West,Electronics,Laptop,2,49353,98706,0.0,0.0,98706.0,UPI,0
100637,2023-04-01,CUST2279,New,South,Apparel,Sneakers,1,3437,3437,5.0,171.85,3265.15,Cash on Delivery,0
100638,2024-09-19,CUST2357,Regular,West,Electronics,Headphones,1,36563,36563,5.0,1828.15,34734.85,UPI,0
100639,2024-03-07,CUST2938,Regular,Central,Home & Kitchen,Vacuum Cleaner,3,1378,4134,15.0,620.1,3513.9,Credit Card,0
100640,2024-08-15,CUST1314,Regular,South,Apparel,Dress,1,3088,3088,20.0,617.6,2470.4,Cash on Delivery,0
100641,2023-10-12,CUST3423,Regular,East,Home & Kitchen,Cookware Set,1,5309,5309,5.0,265.45,5043.55,Credit Card,0
100642,2023-06-04,CUST1135,Premium,Central,Beauty,Perfume,1,1117,1117,5.0,55.85,1061.15,Net Banking,0
100643,2023-12-18,CUST1974,Wholesale,East,Electronics,Laptop,1,40529,40529,10.0,4052.9,36476.1,Debit Card,0
100644,2024-11-07,CUST1215,New,South,Beauty,Shampoo,2,372,744,10.0,74.4,669.6,Cash on Delivery,0
100645,2023-06-21,CUST2943,Regular,North,Beauty,Lipstick,2,2331,4662,10.0,466.2,4195.8,Credit Card,0
100646,2023-09-26,CUST3171,Regular,South,Apparel,Dress,3,2180,6540,0.0,0.0,6540.0,UPI,0
100647,2024-11-30,CUST2372,New,North,Electronics,Smartphone,1,36318,36318,15.0,5447.7,30870.3,Debit Card,0
100648,2023-10-04,CUST3411,Regular,Central,Home & Kitchen,Mixer Grinder,4,10371,41484,30.0,12445.2,29038.8,Cash on Delivery,0
100649,2023-07-19,CUST1278,Regular,East,Sports,Cricket Bat,1,4986,4986,,,,,0
100650,2023-01-13,CUST1139,New,West,Beauty,Face Cream,3,1589,4767,10.0,476.7,4290.3,UPI,0
100651,2023-01-25,CUST1491,Regular,South,Sports,Yoga Mat,1,5410,5410,15.0,811.5,4598.5,Cash on Delivery,0
100652,2023-03-30,CUST1754,Regular,East,Sports,Dumbbell Set,1,7079,7079,0.0,0.0,7079.0,Debit Card,0
100653,2023-09-17,CUST2324,Wholesale,North,Home & Kitchen,Air Fryer,1,11265,11265,15.0,1689.75,9575.25,Cash on Delivery,0
100654,2023-09-21,CUST2084,New,West,Apparel,T-Shirt,1,3583,3583,15.0,537.45,3045.55,Cash on Delivery,0
100655,2023-07-02,CUST3214,Regular,Central,Beauty,Face Cream,2,1758,3516,10.0,351.6,3164.4,Debit Card,0
100656,2024-03-17,CUST2026,Regular,Central,Apparel,Dress,1,835,835,5.0,41.75,793.25,Debit Card,0
100657,2024-04-01,CUST2350,Regular,South,Electronics,Smartwatch,1,11255,11255,15.0,1688.25,9566.75,UPI,0
100658,2024-02-05,CUST1287,Regular,North,Sports,Yoga Mat,1,4072,4072,10.0,407.2,3664.8,UPI,0
100659,2024-07-07,CUST2365,Regular,North,Apparel,T-Shirt,3,3223,9669,30.0,2900.7,6768.3,UPI,0
100660,2024-11-29,CUST1329,New,South,Home & Kitchen,Air Fryer,1,11401,11401,0.0,0.0,11401.0,Cash on Delivery,0
100661,2024-04-15,CUST1437,Regular,East,Home & Kitchen,Cookware Set,2,1444,2888,0.0,0.0,2888.0,UPI,0
100662,2024-10-07,CUST3428,Regular,South,Home & Kitchen,Air Fryer,1,7975,7975,30.0,2392.5,5582.5,Debit Card,0
100663,2023-09-02,CUST2840,New,South,Beauty,Lipstick,4,1410,5640,5.0,282.0,5358.0,UPI,0
100664,2023-01-17,CUST3142,Regular,North,Electronics,Headphones,3,5173,15519,0.0,0.0,15519.0,Cash on Delivery,0
100665,2024-04-14,CUST1078,Wholesale,West,Sports,Dumbbell Set,1,802,802,5.0,40.1,761.9,UPI,0
100666,2024-04-27,CUST2258,Regular,North,Sports,Yoga Mat,1,617,617,5.0,30.85,586.15,Net Banking,0
100667,2023-04-10,CUST3437,Regular,South,Beauty,Sunscreen,1,411,411,10.0,41.1,369.9,Credit Card,0
100668,2024-09-22,CUST2646,Regular,West,Apparel,T-Shirt,1,1230,1230,5.0,61.5,1168.5,UPI,0
100669,2023-11-29,CUST1258,Regular,West,Electronics,Tablet,1,37275,37275,15.0,5591.25,31683.75,UPI,0
100670,2023-05-04,CUST3383,Regular,West,Home & Kitchen,Cookware Set,3,3553,10659,0.0,0.0,10659.0,Cash on Delivery,0
100671,2023-02-11,CUST1330,Regular,South,Apparel,T-Shirt,3,3870,11610,10.0,1161.0,10449.0,Debit Card,0
100672,2023-01-07,CUST2949,Regular,South,Electronics,Laptop,1,7341,7341,10.0,734.1,6606.9,Net Banking,0
100673,2024-12-09,CUST3500,Wholesale,North,Apparel,Jeans,5,3020,15100,30.0,4530.0,10570.0,UPI,0
100674,2024-12-09,CUST2715,Premium,West,Electronics,Tablet,1,13296,13296,15.0,1994.4,11301.6,Cash on Delivery,0
100675,2023-01-05,CUST3210,Regular,South,Sports,Dumbbell Set,2,5570,11140,20.0,2228.0,8912.0,UPI,0
100676,2024-06-03,CUST1611,Premium,Central,Apparel,Sneakers,2,2965,5930,15.0,889.5,5040.5,Cash on Delivery,0
100677,2024-12-02,CUST2780,Regular,West,Beauty,Lipstick,5,326,1630,10.0,163.0,1467.0,Cash on Delivery,0
100678,2023-09-15,CUST1720,Regular,West,Home & Kitchen,Bedsheet Set,1,8224,8224,0.0,0.0,8224.0,Cash on Delivery,1
100679,2023-06-11,CUST2716,New,West,Electronics,Smartwatch,2,35244,70488,10.0,7048.8,63439.2,UPI,0
100680,2023-07-23,CUST1819,Premium,West,Home & Kitchen,Cookware Set,1,6143,6143,15.0,921.45,5221.55,Credit Card,0
100681,2024-01-20,CUST3496,Regular,West,Apparel,T-Shirt,2,2796,5592,0.0,0.0,5592.0,Debit Card,0
100682,2024-04-10,CUST2375,Premium,North,Apparel,Sneakers,1,958,958,15.0,143.7,814.3,Cash on Delivery,0
100683,2023-05-11,CUST2407,Wholesale,East,Electronics,Tablet,1,5409,5409,0.0,0.0,5409.0,UPI,0
100684,2023-08-14,CUST1354,Regular,South,Home & Kitchen,Bedsheet Set,1,11252,11252,10.0,1125.2,10126.8,Debit Card,0
100685,2024-02-26,CUST2753,Premium,South,Sports,Running Shoes,1,7356,7356,20.0,1471.2,5884.8,,0
100686,2023-09-10,CUST1181,Premium,East,Apparel,Jacket,1,2773,2773,10.0,277.3,2495.7,,0
100687,2023-02-11,CUST1401,Regular,Central,Beauty,Sunscreen,2,1765,3530,0.0,0.0,3530.0,UPI,0
100688,2024-04-08,CUST1371,Wholesale,West,Beauty,Shampoo,2,1815,3630,10.0,363.0,3267.0,Net Banking,1
100689,2023-01-17,CUST2899,Regular,South,Beauty,Perfume,1,2486,2486,10.0,248.6,2237.4,UPI,0
100690,2023-05-22,CUST1289,Regular,East,Beauty,Shampoo,1,2051,2051,10.0,205.1,1845.9,Net Banking,0
100691,2024-01-30,CUST1848,Regular,South,Home & Kitchen,Bedsheet Set,3,7777,23331,20.0,4666.2,18664.8,UPI,0
100692,2024-12-02,CUST1454,Regular,North,Electronics,Tablet,2,59227,118454,5.0,5922.7,112531.3,Net Banking,0
100693,2024-01-28,CUST3296,Regular,West,Home & Kitchen,Air Fryer,1,6789,6789,10.0,678.9,6110.1,UPI,0
100694,2024-12-27,CUST3376,Premium,Central,Apparel,Jeans,1,1377,1377,15.0,206.55,1170.45,Credit Card,0
100695,2024-12-20,CUST2527,Regular,East,Apparel,Jeans,1,1844,1844,10.0,184.4,1659.6,UPI,0
100696,2023-12-20,CUST2197,Wholesale,North,Beauty,Lipstick,1,2075,2075,20.0,415.0,1660.0,Credit Card,1
100697,2024-04-07,CUST2600,New,East,Sports,Cricket Bat,1,7806,7806,5.0,390.3,7415.7,UPI,0
100698,2023-07-03,CUST1836,Regular,West,Home & Kitchen,Mixer Grinder,2,5321,10642,0.0,0.0,10642.0,UPI,0
100699,2024-06-17,CUST1087,New,West,Electronics,Headphones,3,28798,86394,5.0,4319.7,82074.3,Net Banking,0
100700,2023-10-26,CUST2336,Regular,East,Apparel,T-Shirt,1,3970,3970,10.0,397.0,3573.0,UPI,0
100701,2024-05-12,CUST2255,Regular,Central,Sports,Cycling Helmet,5,2991,14955,0.0,0.0,14955.0,UPI,0
100702,2023-06-25,CUST1681,Premium,East,Home & Kitchen,Cookware Set,1,5520,5520,0.0,0.0,5520.0,UPI,0
100703,2024-09-25,CUST2296,Regular,East,Apparel,Dress,3,1146,3438,0.0,0.0,3438.0,Debit Card,0
100704,2024-08-11,CUST2408,Regular,West,Apparel,Sneakers,2,1914,3828,20.0,765.6,3062.4,UPI,0
100705,2023-06-01,CUST3045,New,East,Home & Kitchen,Air Fryer,2,9543,19086,5.0,954.3,18131.7,Credit Card,0
100706,2023-05-29,CUST2187,Premium,West,Beauty,Perfume,4,2228,8912,0.0,0.0,8912.0,Credit Card,0
100707,2024-08-10,CUST3256,New,North,Apparel,Dress,1,2210,2210,10.0,221.0,1989.0,Net Banking,0
100708,2023-04-30,CUST1799,Premium,West,Home & Kitchen,Mixer Grinder,4,4410,17640,0.0,0.0,17640.0,Credit Card,0
100709,2024-08-20,CUST1357,Wholesale,East,Sports,Dumbbell Set,1,684,684,5.0,34.2,649.8,Credit Card,0
100710,2024-06-08,CUST1605,Premium,North,Beauty,Shampoo,1,2245,2245,5.0,112.25,2132.75,Cash on Delivery,0
100711,2024-03-13,CUST3297,New,North,Home & Kitchen,Air Fryer,1,5463,5463,10.0,546.3,4916.7,Credit Card,0
100712,2023-03-31,CUST2736,Regular,West,Apparel,Sneakers,4,2102,8408,10.0,840.8,7567.2,Cash on Delivery,1
100713,2024-02-29,CUST2373,Premium,North,Apparel,Dress,2,752,1504,5.0,75.2,1428.8,Debit Card,0
100714,2023-03-09,CUST3326,Regular,North,Sports,Running Shoes,2,3895,7790,0.0,0.0,7790.0,UPI,0
100715,2023-05-21,CUST3397,Premium,East,Apparel,Jeans,2,1963,3926,5.0,196.3,3729.7,Cash on Delivery,0
100716,2023-11-08,CUST2935,Regular,East,Beauty,Sunscreen,4,259,1036,,,,Debit Card,0
100717,2023-05-08,CUST1273,Regular,North,Home & Kitchen,Air Fryer,2,11364,22728,0.0,0.0,22728.0,Credit Card,0
100718,2024-09-05,CUST1489,Premium,West,Home & Kitchen,Bedsheet Set,1,7944,7944,5.0,397.2,7546.8,Cash on Delivery,0
100719,2024-01-18,CUST1554,New,West,Sports,Cycling Helmet,4,5264,21056,0.0,0.0,21056.0,UPI,0
100720,2024-01-01,CUST1314,Regular,Central,Apparel,T-Shirt,1,1879,1879,5.0,93.95,1785.05,Net Banking,0
100721,2024-06-10,CUST2233,Wholesale,East,Apparel,Jeans,1,787,787,15.0,118.05,668.95,Debit Card,1
100722,2023-10-05,CUST2986,Wholesale,North,Home & Kitchen,Mixer Grinder,3,6561,19683,10.0,1968.3,17714.7,UPI,0
100723,2024-02-26,CUST3288,Premium,South,Home & Kitchen,Cookware Set,1,3332,3332,10.0,333.2,2998.8,Credit Card,0
100724,2024-09-20,CUST1537,Regular,South,Sports,Cycling Helmet,1,4272,4272,15.0,640.8,3631.2,Credit Card,0
100725,2023-01-18,CUST3142,Regular,East,Beauty,Perfume,2,719,1438,15.0,215.7,1222.3,Net Banking,0
100726,2023-12-17,CUST1928,Premium,West,Apparel,Jacket,4,3449,13796,15.0,2069.4,11726.6,Credit Card,0
100727,2023-11-11,CUST2766,Premium,South,Apparel,Jeans,1,721,721,,,,Debit Card,0
100728,2023-02-13,CUST2036,Premium,West,Apparel,T-Shirt,2,3648,7296,0.0,0.0,7296.0,UPI,0
100729,2023-02-14,CUST1756,Regular,North,Electronics,Headphones,1,45250,45250,0.0,0.0,45250.0,UPI,0
100730,2024-11-17,CUST1990,Premium,East,Home & Kitchen,Mixer Grinder,3,5344,16032,5.0,801.6,15230.4,Credit Card,0
100731,2024-06-01,CUST2154,Regular,North,Sports,Yoga Mat,2,4832,9664,20.0,1932.8,7731.2,Debit Card,0
100732,2023-06-25,CUST3414,Regular,Central,Sports,Yoga Mat,1,7473,7473,0.0,0.0,7473.0,UPI,0
100733,2023-07-09,CUST1462,Regular,West,Beauty,Face Cream,3,1704,5112,0.0,0.0,5112.0,Cash on Delivery,0
100734,2023-11-18,CUST1166,Regular,North,Electronics,Smartwatch,1,8729,8729,5.0,436.45,8292.55,UPI,0
100735,2023-03-26,CUST2818,Premium,Central,Home & Kitchen,Air Fryer,1,5446,5446,5.0,272.3,5173.7,Cash on Delivery,0
100736,2023-08-20,CUST2948,Regular,North,Sports,Running Shoes,2,7518,15036,5.0,751.8,14284.2,Debit Card,0
100737,2024-11-26,CUST1348,Regular,South,Home & Kitchen,Cookware Set,1,8855,8855,0.0,0.0,8855.0,UPI,1
100738,2023-05-03,CUST1265,New,East,Apparel,Sneakers,1,3246,3246,0.0,0.0,3246.0,UPI,0
100739,2024-01-08,CUST2140,New,North,Apparel,Jacket,1,2836,2836,5.0,141.8,2694.2,Debit Card,0
100740,2024-12-31,CUST2656,Regular,North,Sports,Cycling Helmet,2,3417,6834,30.0,2050.2,4783.8,UPI,0
100741,2024-05-11,CUST1551,New,Central,Sports,Cricket Bat,1,1500,1500,5.0,75.0,1425.0,UPI,1
100742,2023-01-31,CUST1625,New,North,Electronics,Smartphone,2,55915,111830,5.0,5591.5,106238.5,UPI,0
100743,2023-11-07,CUST2202,New,West,Sports,Cycling Helmet,1,6787,6787,15.0,1018.05,5768.95,Cash on Delivery,0
100744,2024-11-08,CUST1129,Premium,South,Beauty,Lipstick,1,1557,1557,30.0,467.1,1089.9,Credit Card,0
100745,2024-03-16,CUST2241,Regular,West,Electronics,Smartwatch,1,30998,30998,20.0,6199.6,24798.4,UPI,0
100746,2024-12-24,CUST3009,Wholesale,Central,Apparel,Sneakers,1,950,950,15.0,142.5,807.5,UPI,0
100747,2024-11-06,CUST2078,Regular,South,Sports,Cycling Helmet,2,7498,14996,5.0,749.8,14246.2,Debit Card,0
100748,2024-05-21,CUST1525,Premium,East,Sports,Running Shoes,2,3125,6250,0.0,0.0,6250.0,UPI,0
100749,2024-01-11,CUST2463,Premium,West,Home & Kitchen,Bedsheet Set,2,11042,22084,10.0,2208.4,19875.6,UPI,0
100750,2024-02-26,CUST1268,Premium,West,Home & Kitchen,Mixer Grinder,1,4856,4856,0.0,0.0,4856.0,Credit Card,0
100751,2023-11-09,CUST3326,Premium,East,Electronics,Headphones,1,12626,12626,15.0,1893.9,10732.1,UPI,0
100752,2024-06-11,CUST3345,Regular,West,Beauty,Perfume,4,241,964,0.0,0.0,964.0,Debit Card,0
100753,2023-04-11,CUST2390,Premium,North,Beauty,Face Cream,1,1526,1526,10.0,152.6,1373.4,Debit Card,0
100754,2023-06-20,CUST3194,Regular,North,Sports,Cricket Bat,2,5705,11410,20.0,2282.0,9128.0,Cash on Delivery,0
100755,2023-08-08,CUST1376,Regular,West,Home & Kitchen,Vacuum Cleaner,4,10196,40784,10.0,4078.4,36705.6,Net Banking,0
100756,2024-08-15,CUST2422,Regular,South,Electronics,Tablet,1,23575,23575,10.0,2357.5,21217.5,UPI,0
100757,2023-03-20,CUST3110,Premium,South,Home & Kitchen,Bedsheet Set,1,7892,7892,0.0,0.0,7892.0,UPI,0
100758,2024-04-09,CUST2914,Regular,North,Sports,Dumbbell Set,3,7567,22701,0.0,0.0,22701.0,Credit Card,0
100759,2023-10-02,CUST2492,New,West,Sports,Cycling Helmet,1,6452,6452,5.0,322.6,6129.4,Cash on Delivery,0
100760,2024-04-18,CUST1263,Premium,South,Apparel,Jeans,2,3457,6914,20.0,1382.8,5531.2,Debit Card,1
100761,2024-10-11,CUST1976,Regular,West,Apparel,Sneakers,1,3773,3773,5.0,188.65,3584.35,Cash on Delivery,0
100762,2023-04-27,CUST1151,Regular,South,Apparel,Jeans,3,1405,4215,10.0,421.5,3793.5,UPI,0
100763,2023-07-26,CUST1172,New,South,Apparel,Jacket,1,519,519,5.0,25.95,493.05,Net Banking,0
100764,2024-05-12,CUST2488,Premium,Central,Electronics,Smartphone,1,57833,57833,15.0,8674.95,49158.05,Cash on Delivery,0
100765,2024-11-18,CUST1494,Wholesale,West,Electronics,Smartwatch,1,56537,56537,15.0,8480.55,48056.45,Credit Card,0
100766,2024-06-18,CUST2348,Regular,East,Sports,Cycling Helmet,1,5413,5413,5.0,270.65,5142.35,Credit Card,0
100767,2024-08-21,CUST2672,Regular,West,Beauty,Shampoo,1,587,587,0.0,0.0,587.0,Credit Card,0
100768,2023-09-18,CUST2009,Regular,Central,Sports,Yoga Mat,3,3092,9276,15.0,1391.4,7884.6,Net Banking,0
100769,2023-10-12,CUST1142,Regular,Central,Apparel,Jacket,1,3331,3331,15.0,499.65,2831.35,UPI,0
100770,2024-11-09,CUST1499,Regular,South,Electronics,Laptop,3,18079,54237,10.0,5423.7,48813.3,Cash on Delivery,0
100771,2024-07-01,CUST1964,New,Central,Apparel,Sneakers,2,432,864,20.0,172.8,691.2,UPI,0
100772,2023-11-01,CUST3013,Premium,South,Apparel,Jeans,1,2986,2986,5.0,149.3,2836.7,Debit Card,0
100773,2024-04-27,CUST2723,New,West,Beauty,Perfume,4,806,3224,5.0,161.2,3062.8,UPI,0
100774,2024-09-08,CUST1557,New,West,Sports,Cricket Bat,1,5754,5754,20.0,1150.8,4603.2,Cash on Delivery,0
100775,2023-01-04,CUST1532,New,West,Beauty,Shampoo,1,486,486,20.0,97.2,388.8,Debit Card,0
100776,2024-08-31,CUST2154,New,North,Beauty,Perfume,3,1217,3651,5.0,182.55,3468.45,Credit Card,0
100777,2023-07-23,CUST1094,Premium,West,Electronics,Smartwatch,2,25591,51182,10.0,5118.2,46063.8,UPI,0
100778,2024-07-25,CUST2756,New,East,Sports,Dumbbell Set,2,6244,12488,0.0,0.0,12488.0,Cash on Delivery,0
100779,2024-09-06,CUST2858,Premium,West,Home & Kitchen,Cookware Set,3,3587,10761,,,,Credit Card,0
100780,2024-11-20,CUST3024,New,South,Beauty,Face Cream,5,930,4650,15.0,697.5,3952.5,UPI,0
100781,2024-01-27,CUST2713,Regular,South,Apparel,Sneakers,1,1246,1246,15.0,186.9,1059.1,Cash on Delivery,0
100782,2023-07-04,CUST3387,Regular,North,Beauty,Shampoo,5,1114,5570,5.0,278.5,5291.5,Credit Card,0
100783,2024-12-01,CUST2570,Premium,South,Beauty,Face Cream,3,1474,4422,15.0,663.3,3758.7,Credit Card,0
100784,2024-12-26,CUST2928,Wholesale,North,Beauty,Sunscreen,1,2431,2431,15.0,364.65,2066.35,UPI,0
100785,2023-12-29,CUST2616,Regular,South,Sports,Cycling Helmet,1,2577,2577,20.0,515.4,2061.6,Net Banking,0
100786,2024-11-18,CUST2389,Premium,South,Home & Kitchen,Cookware Set,2,1473,2946,15.0,441.9,2504.1,UPI,0
100787,2024-04-24,CUST1523,Wholesale,East,Apparel,T-Shirt,4,3309,13236,5.0,661.8,12574.2,Credit Card,0
100788,2024-05-26,CUST2292,Regular,North,Home & Kitchen,Vacuum Cleaner,1,5112,5112,20.0,1022.4,4089.6,UPI,0
100789,2024-05-18,CUST1750,Regular,West,Apparel,Dress,1,3092,3092,15.0,463.8,2628.2,UPI,0
100790,2023-02-06,CUST1167,Regular,South,Beauty,Perfume,1,1937,1937,5.0,96.85,1840.15,Credit Card,0
100791,2024-03-28,CUST2431,Regular,West,Home & Kitchen,Bedsheet Set,5,8877,44385,0.0,0.0,44385.0,UPI,0
100792,2023-04-06,CUST3398,Regular,North,Apparel,Jacket,3,3819,11457,5.0,572.85,10884.15,Credit Card,0
100793,2023-08-06,CUST3040,Premium,West,Sports,Yoga Mat,3,3911,11733,0.0,0.0,11733.0,Cash on Delivery,0
100794,2024-11-24,CUST1434,Wholesale,East,Electronics,Headphones,5,3201,16005,20.0,3201.0,12804.0,Credit Card,0
100795,2023-11-28,CUST1023,Wholesale,East,Apparel,T-Shirt,1,2285,2285,20.0,457.0,1828.0,Cash on Delivery,0
100796,2023-12-04,CUST2158,Regular,North,Electronics,Tablet,3,31194,93582,10.0,9358.2,84223.8,UPI,0
100797,2023-11-27,CUST2633,Regular,North,Electronics,Smartphone,1,37358,37358,0.0,0.0,37358.0,UPI,0
100798,2023-04-02,CUST1493,Regular,East,Electronics,Laptop,1,12178,12178,20.0,2435.6,9742.4,Credit Card,0
100799,2023-11-02,CUST3099,Regular,East,Beauty,Lipstick,4,687,2748,0.0,0.0,2748.0,UPI,0
100800,2023-07-24,CUST2730,Regular,South,Beauty,Lipstick,2,1249,2498,0.0,0.0,2498.0,UPI,0
100801,2024-01-13,CUST1918,Regular,North,Sports,Dumbbell Set,1,831,831,15.0,124.65,706.35,Cash on Delivery,0
100802,2024-10-25,CUST2956,Wholesale,North,Apparel,Sneakers,3,2978,8934,5.0,446.7,8487.3,UPI,0
100803,2023-11-04,CUST1313,Premium,North,Apparel,Jeans,4,1630,6520,30.0,1956.0,4564.0,Net Banking,0
100804,2023-02-16,CUST2037,Regular,Central,Sports,Yoga Mat,1,4306,4306,5.0,215.3,4090.7,UPI,0
100805,2023-12-30,CUST1746,Regular,East,Home & Kitchen,Bedsheet Set,1,9048,9048,10.0,904.8,8143.2,Debit Card,0
100806,2024-02-07,CUST2842,New,West,Electronics,Smartphone,1,28779,28779,10.0,2877.9,25901.1,Debit Card,0
100807,2024-09-30,CUST2062,Regular,South,Home & Kitchen,Vacuum Cleaner,1,3866,3866,30.0,1159.8,2706.2,UPI,1
100808,2024-11-20,CUST2884,Regular,South,Electronics,Smartwatch,1,36520,36520,,,,UPI,0
100809,2024-12-09,CUST2617,Regular,West,Beauty,Sunscreen,1,1627,1627,20.0,325.4,1301.6,Cash on Delivery,0
100810,2023-11-06,CUST1109,Regular,East,Electronics,Laptop,4,10354,41416,,,,UPI,0
100811,2023-08-03,CUST1606,New,East,Beauty,Shampoo,1,2356,2356,5.0,117.8,2238.2,UPI,0
100812,2024-04-30,CUST3397,Regular,South,Beauty,Face Cream,3,1973,5919,5.0,295.95,5623.05,Debit Card,0
100813,2023-09-06,CUST2768,Regular,North,Apparel,Jacket,2,3797,7594,,,,UPI,0
100814,2024-03-01,CUST3420,New,South,Beauty,Sunscreen,1,1341,1341,15.0,201.15,1139.85,UPI,0
100815,2024-09-18,CUST2097,New,North,Beauty,Shampoo,2,227,454,0.0,0.0,454.0,UPI,0
100816,2024-10-25,CUST2179,Regular,South,Beauty,Lipstick,1,1570,1570,10.0,157.0,1413.0,Debit Card,0
100817,2023-07-16,CUST3466,Regular,North,Beauty,Perfume,4,1049,4196,0.0,0.0,4196.0,UPI,0
100818,2024-11-03,CUST2475,Regular,North,Beauty,Shampoo,1,1857,1857,30.0,557.1,1299.9,Cash on Delivery,0
100819,2024-04-28,CUST3015,Premium,West,Apparel,Dress,2,1556,3112,10.0,311.2,2800.8,Cash on Delivery,0
100820,2023-04-14,CUST2068,Wholesale,North,Beauty,Lipstick,1,2430,2430,15.0,364.5,2065.5,UPI,0
100821,2024-01-01,CUST1928,New,Central,Apparel,Jeans,3,3920,11760,0.0,0.0,11760.0,Debit Card,0
100822,2023-05-04,CUST2095,Regular,East,Sports,Dumbbell Set,4,6802,27208,5.0,1360.4,25847.6,Net Banking,0
100823,2023-06-04,CUST1454,Regular,Central,Sports,Cycling Helmet,1,7045,7045,20.0,1409.0,5636.0,Credit Card,0
100824,2023-04-19,CUST1483,New,West,Sports,Cycling Helmet,1,843,843,15.0,126.45,716.55,UPI,0
100825,2023-07-30,CUST2489,Wholesale,West,Home & Kitchen,Cookware Set,2,8033,16066,15.0,2409.9,13656.1,Debit Card,0
100826,2023-12-09,CUST2940,Regular,South,Apparel,T-Shirt,2,1226,2452,15.0,367.8,2084.2,Credit Card,0
100827,2023-12-16,CUST2005,Premium,South,Home & Kitchen,Bedsheet Set,2,5158,10316,15.0,1547.4,8768.6,UPI,0
100828,2023-06-05,CUST3114,New,South,Sports,Running Shoes,1,3886,3886,30.0,1165.8,2720.2,Credit Card,0
100829,2024-11-29,CUST1673,Regular,Central,Home & Kitchen,Mixer Grinder,3,962,2886,15.0,432.9,2453.1,Credit Card,0
100830,2024-03-20,CUST3129,Regular,South,Electronics,Smartwatch,1,51254,51254,0.0,0.0,51254.0,UPI,0
100831,2023-10-30,CUST1032,Regular,Central,Beauty,Lipstick,3,1396,4188,15.0,628.2,3559.8,Debit Card,0
100832,2023-10-14,CUST2811,Premium,West,Sports,Cycling Helmet,2,5774,11548,30.0,3464.4,8083.6,Net Banking,0
100833,2024-12-15,CUST1516,Premium,South,Home & Kitchen,Air Fryer,3,5740,17220,5.0,861.0,16359.0,UPI,0
100834,2024-06-16,CUST1655,Premium,West,Sports,Cricket Bat,1,3057,3057,20.0,611.4,2445.6,Credit Card,0
100835,2023-01-24,CUST1245,Regular,Central,Electronics,Tablet,3,40330,120990,0.0,0.0,120990.0,Net Banking,0
100836,2024-01-17,CUST2856,New,North,Home & Kitchen,Bedsheet Set,2,1582,3164,0.0,0.0,3164.0,Credit Card,0
100837,2023-12-14,CUST2165,Regular,North,Apparel,Dress,3,3327,9981,15.0,1497.15,8483.85,Debit Card,0
100838,2024-11-13,CUST2479,New,Central,Sports,Dumbbell Set,1,1362,1362,10.0,136.2,1225.8,Cash on Delivery,0
100839,2024-04-10,CUST2950,Regular,West,Electronics,Laptop,1,48138,48138,10.0,4813.8,43324.2,UPI,0
100840,2023-08-08,CUST2080,Regular,North,Beauty,Face Cream,5,1799,8995,15.0,1349.25,7645.75,Debit Card,0
100841,2024-08-21,CUST2985,Premium,West,Beauty,Lipstick,2,1857,3714,10.0,371.4,3342.6,UPI,0
100842,2024-12-29,CUST1642,Premium,East,Beauty,Shampoo,1,633,633,5.0,31.65,601.35,UPI,0
100843,2024-07-26,CUST3141,Regular,North,Home & Kitchen,Mixer Grinder,2,7494,14988,5.0,749.4,14238.6,Credit Card,0
100844,2023-06-06,CUST3415,Regular,East,Electronics,Headphones,4,21483,85932,,,,Cash on Delivery,0
100845,2024-03-07,CUST3242,Regular,West,Electronics,Headphones,1,59765,59765,20.0,11953.0,47812.0,,0
100846,2023-12-24,CUST2545,New,East,Electronics,Smartphone,1,28866,28866,30.0,8659.8,20206.2,Credit Card,0
100847,2024-05-01,CUST2332,Regular,East,Sports,Dumbbell Set,1,6739,6739,0.0,0.0,6739.0,Credit Card,0
100848,2023-04-02,CUST2814,Regular,West,Sports,Cycling Helmet,1,3277,3277,15.0,491.55,2785.45,UPI,0
100849,2023-10-12,CUST1348,Regular,East,Electronics,Laptop,1,47847,47847,20.0,9569.4,38277.6,UPI,0
100850,2023-07-17,CUST1076,Regular,North,Sports,Cycling Helmet,1,4774,4774,5.0,238.7,4535.3,Cash on Delivery,0
100851,2023-05-04,CUST2819,Premium,South,Sports,Dumbbell Set,1,7296,7296,5.0,364.8,6931.2,Debit Card,0
100852,2023-03-28,CUST2790,Regular,South,Sports,Cycling Helmet,5,4526,22630,30.0,6789.0,15841.0,Net Banking,0
100853,2023-07-04,CUST3219,New,East,Beauty,Face Cream,2,1714,3428,5.0,171.4,3256.6,UPI,0
100854,2023-06-22,CUST1241,Regular,West,Home & Kitchen,Cookware Set,4,2268,9072,0.0,0.0,9072.0,UPI,0
100855,2024-09-21,CUST2327,Premium,Central,Home & Kitchen,Cookware Set,1,1758,1758,5.0,87.9,1670.1,Credit Card,0
100856,2023-09-22,CUST1471,Premium,East,Beauty,Face Cream,1,1118,1118,30.0,335.4,782.6,UPI,0
100857,2023-10-03,CUST1076,Regular,East,Electronics,Headphones,4,31962,127848,,,,Debit Card,0
100858,2023-10-03,CUST2666,New,East,Sports,Cycling Helmet,3,5837,17511,15.0,2626.65,14884.35,Credit Card,0
100859,2024-04-01,CUST3201,Regular,East,Electronics,Tablet,1,14833,14833,20.0,2966.6,11866.4,UPI,0
100860,2024-03-09,CUST2975,Regular,West,Sports,Running Shoes,2,5849,11698,5.0,584.9,11113.1,,0
100861,2023-10-07,CUST3090,Regular,East,Sports,Cricket Bat,1,7401,7401,5.0,370.05,7030.95,UPI,1
100862,2023-10-16,CUST1572,Regular,North,Electronics,Laptop,2,49943,99886,10.0,9988.6,89897.4,UPI,0
100863,2024-07-23,CUST2070,Regular,North,Home & Kitchen,Air Fryer,3,9070,27210,20.0,5442.0,21768.0,Credit Card,0
100864,2024-12-25,CUST1065,Wholesale,East,Beauty,Perfume,3,1549,4647,5.0,232.35,4414.65,Credit Card,0
100865,2024-12-09,CUST3002,Wholesale,West,Apparel,T-Shirt,1,2351,2351,30.0,705.3,1645.7,Debit Card,0
100866,2024-02-07,CUST2823,New,South,Sports,Yoga Mat,4,4912,19648,0.0,0.0,19648.0,Net Banking,0
100867,2024-11-19,CUST1034,Regular,West,Electronics,Headphones,1,54766,54766,10.0,5476.6,49289.4,Credit Card,1
100868,2023-05-08,CUST2465,New,West,Beauty,Perfume,1,1057,1057,,,,Cash on Delivery,0
100869,2023-07-16,CUST3018,Regular,Central,Electronics,Tablet,1,42475,42475,5.0,2123.75,40351.25,Cash on Delivery,0
100870,2024-12-21,CUST3023,Premium,South,Sports,Dumbbell Set,2,1408,2816,5.0,140.8,2675.2,Credit Card,0
100871,2023-06-24,CUST1266,Premium,South,Sports,Dumbbell Set,1,1937,1937,5.0,96.85,1840.15,UPI,0
100872,2023-05-11,CUST3182,New,East,Home & Kitchen,Bedsheet Set,2,9370,18740,10.0,1874.0,16866.0,UPI,0
100873,2024-09-21,CUST2323,Regular,West,Home & Kitchen,Bedsheet Set,1,832,832,10.0,83.2,748.8,Credit Card,0
100874,2024-03-18,CUST1919,Regular,North,Beauty,Perfume,1,2061,2061,10.0,206.1,1854.9,Cash on Delivery,0
100875,2023-02-18,CUST3342,Premium,West,Home & Kitchen,Air Fryer,3,5981,17943,5.0,897.15,17045.85,Net Banking,0
100876,2023-01-26,CUST1396,Wholesale,South,Apparel,Sneakers,1,1423,1423,20.0,284.6,1138.4,Debit Card,0
100877,2023-01-29,CUST1976,Premium,North,Beauty,Lipstick,3,1519,4557,0.0,0.0,4557.0,Credit Card,0
100878,2023-12-15,CUST1391,Regular,East,Electronics,Headphones,1,35557,35557,10.0,3555.7,32001.3,Cash on Delivery,0
100879,2024-10-02,CUST1266,Regular,Central,Beauty,Sunscreen,1,286,286,10.0,28.6,257.4,UPI,0
100880,2023-05-11,CUST1213,Regular,East,Electronics,Smartwatch,1,5090,5090,20.0,1018.0,4072.0,UPI,0
100881,2023-10-29,CUST1043,Premium,Central,Beauty,Lipstick,3,1104,3312,15.0,496.8,2815.2,UPI,0
100882,2024-04-09,CUST1106,Regular,Central,Beauty,Lipstick,2,564,1128,0.0,0.0,1128.0,UPI,0
100883,2024-04-09,CUST1793,Regular,North,Sports,Cricket Bat,1,600,600,5.0,30.0,570.0,Net Banking,0
100884,2024-08-09,CUST1563,Regular,South,Apparel,Dress,1,1855,1855,15.0,278.25,1576.75,Net Banking,0
100885,2023-02-15,CUST3216,Premium,South,Electronics,Laptop,1,21925,21925,20.0,4385.0,17540.0,Credit Card,0
100886,2023-05-30,CUST1592,Premium,South,Apparel,Sneakers,5,2871,14355,10.0,1435.5,12919.5,Cash on Delivery,0
100887,2023-02-28,CUST1824,Wholesale,South,Apparel,Dress,2,3820,7640,0.0,0.0,7640.0,UPI,0
100888,2023-03-12,CUST2227,Wholesale,South,Home & Kitchen,Cookware Set,2,8457,16914,0.0,0.0,16914.0,UPI,0
100889,2024-03-04,CUST1943,Premium,South,Home & Kitchen,Cookware Set,1,1491,1491,0.0,0.0,1491.0,UPI,0
100890,2024-04-22,CUST1027,Wholesale,Central,Sports,Dumbbell Set,2,2181,4362,20.0,872.4,3489.6,UPI,0
100891,2024-01-07,CUST3398,Wholesale,West,Electronics,Smartphone,1,24954,24954,30.0,7486.2,17467.8,UPI,0
100892,2024-01-04,CUST2391,Regular,North,Electronics,Smartphone,2,14549,29098,15.0,4364.7,24733.3,Credit Card,1
100893,2024-07-21,CUST1562,Premium,South,Apparel,Jeans,1,488,488,0.0,0.0,488.0,Credit Card,1
100894,2024-01-24,CUST3158,Premium,Central,Electronics,Headphones,1,15278,15278,10.0,1527.8,13750.2,Debit Card,0
100895,2024-09-30,CUST2302,Wholesale,East,Beauty,Face Cream,1,926,926,15.0,138.9,787.1,Debit Card,0
100896,2024-09-05,CUST2342,Regular,South,Beauty,Shampoo,2,924,1848,5.0,92.4,1755.6,Credit Card,0
100897,2023-09-11,CUST1265,Regular,East,Electronics,Headphones,1,58703,58703,0.0,0.0,58703.0,Cash on Delivery,0
100898,2023-06-21,CUST2531,Regular,South,Sports,Running Shoes,1,4584,4584,5.0,229.2,4354.8,Debit Card,1
100899,2024-06-22,CUST1149,New,East,Beauty,Lipstick,2,1792,3584,20.0,716.8,2867.2,UPI,0
100900,2023-08-01,CUST3340,Regular,West,Apparel,Jeans,1,3935,3935,5.0,196.75,3738.25,UPI,0
100901,2023-06-10,CUST3391,Wholesale,South,Home & Kitchen,Vacuum Cleaner,1,3000,3000,5.0,150.0,2850.0,Cash on Delivery,0
100902,2023-02-12,CUST3037,Regular,Central,Beauty,Sunscreen,1,1997,1997,10.0,199.7,1797.3,UPI,0
100903,2023-11-21,CUST1337,Regular,West,Home & Kitchen,Air Fryer,1,8036,8036,10.0,803.6,7232.4,UPI,0
100904,2023-10-29,CUST1156,Regular,East,Sports,Cycling Helmet,1,2365,2365,30.0,709.5,1655.5,UPI,0
100905,2024-07-13,CUST2124,Premium,South,Apparel,Jacket,1,3165,3165,10.0,316.5,2848.5,Cash on Delivery,0
100906,2023-07-15,CUST2419,Regular,East,Sports,Dumbbell Set,1,569,569,10.0,56.9,512.1,Debit Card,0
100907,2024-02-18,CUST1611,New,North,Beauty,Sunscreen,3,2083,6249,5.0,312.45,5936.55,UPI,0
100908,2024-02-12,CUST2919,Wholesale,North,Apparel,Jeans,1,3468,3468,5.0,173.4,3294.6,UPI,0
100909,2024-04-17,CUST2796,Regular,East,Home & Kitchen,Mixer Grinder,1,3877,3877,0.0,0.0,3877.0,UPI,0
100910,2024-04-05,CUST2452,Regular,West,Sports,Yoga Mat,1,3003,3003,30.0,900.9,2102.1,,1
100911,2023-12-14,CUST1131,Regular,West,Apparel,Sneakers,1,3208,3208,10.0,320.8,2887.2,UPI,0
100912,2023-05-23,CUST2600,New,West,Apparel,Jacket,1,2979,2979,10.0,297.9,2681.1,Cash on Delivery,0
100913,2023-03-07,CUST2247,New,North,Sports,Running Shoes,1,5165,5165,5.0,258.25,4906.75,UPI,0
100914,2023-04-06,CUST1764,Regular,West,Apparel,T-Shirt,1,2664,2664,5.0,133.2,2530.8,Cash on Delivery,0
100915,2023-07-23,CUST2509,Wholesale,West,Electronics,Smartwatch,2,20100,40200,10.0,4020.0,36180.0,UPI,0
100916,2024-06-14,CUST2713,New,North,Electronics,Laptop,1,22915,22915,5.0,1145.75,21769.25,Debit Card,0
100917,2024-05-04,CUST2944,New,East,Electronics,Smartwatch,2,58234,116468,10.0,11646.8,104821.2,Debit Card,0
100918,2023-06-12,CUST1030,Premium,South,Sports,Cycling Helmet,1,6371,6371,10.0,637.1,5733.9,UPI,0
100919,2023-05-27,CUST3010,Premium,South,Beauty,Face Cream,4,1161,4644,20.0,928.8,3715.2,UPI,0
100920,2024-04-16,CUST2218,New,North,Beauty,Sunscreen,2,1329,2658,0.0,0.0,2658.0,Cash on Delivery,0
100921,2024-02-05,CUST3329,Premium,West,Sports,Dumbbell Set,1,4250,4250,10.0,425.0,3825.0,Debit Card,0
100922,2023-04-08,CUST1273,Regular,East,Beauty,Face Cream,1,1271,1271,10.0,127.1,1143.9,Credit Card,0
100923,2024-12-15,CUST2335,New,West,Apparel,Sneakers,1,3520,3520,5.0,176.0,3344.0,UPI,0
100924,2024-02-24,CUST2891,Premium,East,Beauty,Shampoo,2,332,664,,,,UPI,0
100925,2024-01-26,CUST1559,Regular,East,Home & Kitchen,Air Fryer,1,7299,7299,0.0,0.0,7299.0,UPI,0
100926,2023-12-01,CUST1574,Regular,South,Beauty,Lipstick,2,2396,4792,20.0,958.4,3833.6,Cash on Delivery,0
100927,2024-04-27,CUST2600,New,North,Home & Kitchen,Cookware Set,2,1095,2190,5.0,109.5,2080.5,UPI,1
100928,2023-06-22,CUST3180,Regular,South,Electronics,Smartphone,1,45892,45892,10.0,4589.2,41302.8,Cash on Delivery,0
100929,2023-08-10,CUST3450,Wholesale,West,Beauty,Face Cream,1,571,571,15.0,85.65,485.35,Cash on Delivery,0
100930,2023-01-05,CUST2727,Regular,West,Electronics,Smartwatch,5,51773,258865,20.0,51773.0,207092.0,Debit Card,0
100931,2023-01-29,CUST1687,Regular,North,Electronics,Headphones,2,55274,110548,5.0,5527.4,105020.6,Cash on Delivery,0
100932,2023-06-21,CUST3218,Premium,South,Electronics,Smartwatch,2,35087,70174,5.0,3508.7,66665.3,Cash on Delivery,0
100933,2024-02-09,CUST2295,Wholesale,North,Beauty,Face Cream,1,1610,1610,5.0,80.5,1529.5,Credit Card,0
100934,2023-01-13,CUST1895,New,West,Beauty,Shampoo,1,1290,1290,0.0,0.0,1290.0,UPI,0
100935,2024-02-25,CUST2328,Premium,North,Home & Kitchen,Bedsheet Set,3,9584,28752,5.0,1437.6,27314.4,Cash on Delivery,0
100936,2024-10-08,CUST1072,Premium,North,Beauty,Shampoo,1,1452,1452,10.0,145.2,1306.8,Cash on Delivery,0
100937,2024-09-15,CUST1952,Regular,Central,Sports,Running Shoes,1,4624,4624,0.0,0.0,4624.0,Debit Card,0
100938,2023-01-22,CUST3042,New,West,Sports,Yoga Mat,3,5577,16731,5.0,836.55,15894.45,UPI,0
100939,2023-10-31,CUST2817,Regular,East,Apparel,Jeans,2,1237,2474,5.0,123.7,2350.3,Net Banking,0
100940,2023-12-03,CUST2181,Regular,North,Apparel,Jacket,3,3036,9108,0.0,0.0,9108.0,Debit Card,0
100941,2023-01-25,CUST2017,New,East,Apparel,Jacket,1,1392,1392,10.0,139.2,1252.8,UPI,0
100942,2024-12-04,CUST3013,New,North,Apparel,Dress,2,1962,3924,20.0,784.8,3139.2,,0
100943,2023-03-13,CUST1837,Regular,North,Apparel,T-Shirt,1,979,979,10.0,97.9,881.1,UPI,0
100944,2023-08-30,CUST1722,Premium,Central,Sports,Yoga Mat,1,1844,1844,15.0,276.6,1567.4,UPI,0
100945,2024-09-12,CUST2472,New,East,Apparel,Jacket,3,2761,8283,0.0,0.0,8283.0,Net Banking,0
100946,2024-02-12,CUST2974,Regular,Central,Beauty,Shampoo,1,2219,2219,30.0,665.7,1553.3,Debit Card,0
100947,2023-01-21,CUST2558,Regular,East,Beauty,Lipstick,1,2350,2350,0.0,0.0,2350.0,Net Banking,0
100948,2024-04-19,CUST1801,Regular,Central,Home & Kitchen,Air Fryer,2,10010,20020,10.0,2002.0,18018.0,UPI,0
100949,2023-06-08,CUST2616,Premium,North,Apparel,T-Shirt,1,3929,3929,10.0,392.9,3536.1,UPI,0
100950,2024-01-18,CUST1509,Regular,West,Beauty,Lipstick,1,441,441,30.0,132.3,308.7,Credit Card,0
100951,2024-01-30,CUST3087,Regular,South,Sports,Dumbbell Set,1,6818,6818,20.0,1363.6,5454.4,Debit Card,0
100952,2024-12-27,CUST1141,Regular,Central,Beauty,Perfume,4,1728,6912,5.0,345.6,6566.4,Debit Card,1
100953,2024-01-06,CUST1661,Wholesale,South,Electronics,Laptop,1,18626,18626,0.0,0.0,18626.0,Debit Card,0
100954,2023-01-13,CUST3123,Regular,North,Electronics,Smartphone,1,43731,43731,15.0,6559.65,37171.35,UPI,0
100955,2023-07-13,CUST2567,Premium,North,Beauty,Shampoo,1,1387,1387,0.0,0.0,1387.0,UPI,0
100956,2024-08-23,CUST1584,Regular,West,Home & Kitchen,Air Fryer,1,2256,2256,10.0,225.6,2030.4,Debit Card,0
100957,2023-10-03,CUST2711,Regular,East,Apparel,Sneakers,1,1661,1661,20.0,332.2,1328.8,UPI,0
100958,2024-06-21,CUST2992,Wholesale,West,Beauty,Perfume,2,872,1744,10.0,174.4,1569.6,UPI,1
100959,2023-07-06,CUST1785,Premium,Central,Sports,Yoga Mat,2,2146,4292,0.0,0.0,4292.0,UPI,0
100960,2023-09-23,CUST2133,Regular,Central,Beauty,Lipstick,1,830,830,5.0,41.5,788.5,Debit Card,0
100961,2023-03-07,CUST2089,Wholesale,West,Home & Kitchen,Mixer Grinder,1,8629,8629,20.0,1725.8,6903.2,,0
100962,2023-01-08,CUST2088,Regular,South,Sports,Yoga Mat,4,3577,14308,10.0,1430.8,12877.2,UPI,0
100963,2024-05-12,CUST1981,New,South,Beauty,Perfume,1,1668,1668,10.0,166.8,1501.2,UPI,0
100964,2024-01-05,CUST2645,Regular,West,Beauty,Lipstick,1,1502,1502,10.0,150.2,1351.8,Debit Card,0
100965,2023-05-23,CUST2851,Wholesale,North,Electronics,Tablet,3,9554,28662,30.0,8598.6,20063.4,UPI,0
100966,2024-09-25,CUST1068,Premium,South,Beauty,Sunscreen,4,162,648,10.0,64.8,583.2,Cash on Delivery,0
100967,2024-10-10,CUST1333,Wholesale,North,Home & Kitchen,Mixer Grinder,1,6133,6133,10.0,613.3,5519.7,Cash on Delivery,0
100968,2023-12-23,CUST3130,New,South,Beauty,Lipstick,1,1726,1726,10.0,172.6,1553.4,Credit Card,1
100969,2024-08-08,CUST2912,Regular,East,Sports,Yoga Mat,5,7318,36590,15.0,5488.5,31101.5,UPI,0
100970,2023-06-22,CUST1366,Regular,North,Beauty,Face Cream,2,1136,2272,20.0,454.4,1817.6,UPI,0
100971,2023-04-19,CUST1504,Regular,Central,Beauty,Face Cream,2,1298,2596,0.0,0.0,2596.0,Net Banking,0
100972,2024-11-12,CUST3359,Regular,East,Apparel,Dress,1,3371,3371,30.0,1011.3,2359.7,Credit Card,0
100973,2024-09-07,CUST2061,Regular,West,Electronics,Headphones,2,26207,52414,20.0,10482.8,41931.2,Net Banking,0
100974,2023-04-29,CUST1521,Premium,East,Home & Kitchen,Mixer Grinder,1,6374,6374,0.0,0.0,6374.0,Credit Card,0
100975,2023-11-17,CUST2735,Regular,Central,Beauty,Sunscreen,2,403,806,10.0,80.6,725.4,UPI,0
100976,2023-11-24,CUST2886,Wholesale,North,Home & Kitchen,Cookware Set,3,10656,31968,10.0,3196.8,28771.2,Cash on Delivery,0
100977,2023-11-20,CUST1140,Regular,North,Apparel,Jacket,2,1296,2592,15.0,388.8,2203.2,UPI,0
100978,2024-09-05,CUST1883,Regular,North,Home & Kitchen,Vacuum Cleaner,1,2822,2822,15.0,423.3,2398.7,Net Banking,0
100979,2024-05-21,CUST1921,Premium,West,Home & Kitchen,Air Fryer,1,6258,6258,10.0,625.8,5632.2,UPI,0
100980,2024-12-18,CUST1088,Regular,South,Electronics,Laptop,2,57649,115298,10.0,11529.8,103768.2,Cash on Delivery,0
100981,2024-07-15,CUST2159,Premium,North,Beauty,Perfume,5,1576,7880,5.0,394.0,7486.0,Credit Card,0
100982,2023-10-17,CUST1221,Wholesale,East,Apparel,Dress,1,798,798,20.0,159.6,638.4,Cash on Delivery,0
100983,2024-12-27,CUST1593,Regular,East,Home & Kitchen,Air Fryer,1,10256,10256,30.0,3076.8,7179.2,Credit Card,0
100984,2023-08-03,CUST1604,Premium,Central,Apparel,Jeans,1,3067,3067,0.0,0.0,3067.0,Debit Card,0
100985,2024-01-21,CUST3111,Premium,North,Beauty,Shampoo,2,2090,4180,0.0,0.0,4180.0,Credit Card,0
100986,2024-10-27,CUST3001,Wholesale,South,Home & Kitchen,Bedsheet Set,1,11072,11072,15.0,1660.8,9411.2,Net Banking,0
100987,2023-11-06,CUST2565,Premium,Central,Sports,Dumbbell Set,2,6871,13742,5.0,687.1,13054.9,UPI,1
100988,2023-10-09,CUST3087,Premium,North,Beauty,Perfume,2,488,976,20.0,195.2,780.8,UPI,0
100989,2023-08-19,CUST1741,New,East,Electronics,Tablet,1,39050,39050,0.0,0.0,39050.0,UPI,1
100990,2024-01-29,CUST3201,New,South,Beauty,Lipstick,1,557,557,0.0,0.0,557.0,Debit Card,0
100991,2023-07-09,CUST3207,Regular,South,Beauty,Face Cream,3,2321,6963,30.0,2088.9,4874.1,UPI,0
100992,2024-12-31,CUST1503,Regular,South,Electronics,Laptop,3,44660,133980,5.0,6699.0,127281.0,Debit Card,0
100993,2023-02-10,CUST1346,Premium,West,Apparel,Dress,2,3073,6146,5.0,307.3,5838.7,UPI,0
100994,2023-05-08,CUST3127,New,West,Sports,Cricket Bat,4,5891,23564,,,,Credit Card,0
100995,2023-10-28,CUST3482,New,East,Sports,Running Shoes,1,4781,4781,30.0,1434.3,3346.7,Cash on Delivery,0
100996,2024-07-05,CUST1881,Regular,West,Sports,Dumbbell Set,3,2442,7326,0.0,0.0,7326.0,Cash on Delivery,1
100997,2023-05-18,CUST3252,Regular,North,Sports,Cycling Helmet,2,1552,3104,10.0,310.4,2793.6,Credit Card,0
100998,2023-09-19,CUST1586,Regular,Central,Home & Kitchen,Air Fryer,1,7354,7354,10.0,735.4,6618.6,UPI,0
100999,2024-07-02,CUST3094,New,West,Apparel,T-Shirt,1,3401,3401,5.0,170.05,3230.95,UPI,0
101000,2024-09-11,CUST1317,Premium,North,Apparel,Sneakers,2,1028,2056,,,,Credit Card,0
101001,2023-10-04,CUST2366,Regular,West,Electronics,Tablet,2,8708,17416,5.0,870.8,16545.2,Cash on Delivery,1
101002,2023-10-07,CUST1505,Regular,East,Apparel,Jeans,1,440,440,20.0,88.0,352.0,Debit Card,0
101003,2023-06-29,CUST2155,Premium,Central,Sports,Cricket Bat,2,4833,9666,0.0,0.0,9666.0,Credit Card,0
101004,2024-07-18,CUST3177,Regular,East,Home & Kitchen,Bedsheet Set,3,3597,10791,20.0,2158.2,8632.8,Credit Card,0
101005,2024-07-18,CUST1517,Regular,North,Sports,Running Shoes,1,577,577,15.0,86.55,490.45,Cash on Delivery,0
101006,2023-05-27,CUST2713,Regular,East,Beauty,Sunscreen,1,1666,1666,10.0,166.6,1499.4,Net Banking,0
101007,2024-12-24,CUST1937,New,West,Beauty,Shampoo,3,2207,6621,15.0,993.15,5627.85,UPI,0
101008,2023-11-09,CUST1383,Regular,South,Electronics,Headphones,2,28141,56282,5.0,2814.1,53467.9,Net Banking,0
101009,2023-06-19,CUST2736,Wholesale,West,Sports,Yoga Mat,4,4537,18148,10.0,1814.8,16333.2,,0
101010,2024-11-24,CUST1778,Premium,Central,Sports,Dumbbell Set,1,6217,6217,20.0,1243.4,4973.6,,0
101011,2023-01-08,CUST1690,Regular,South,Beauty,Sunscreen,2,2313,4626,0.0,0.0,4626.0,Credit Card,0
101012,2024-11-21,CUST3029,Regular,East,Sports,Dumbbell Set,1,4708,4708,30.0,1412.4,3295.6,UPI,0
101013,2024-01-24,CUST1482,Premium,North,Apparel,Jacket,1,1784,1784,5.0,89.2,1694.8,UPI,0
101014,2023-10-25,CUST2248,Regular,East,Home & Kitchen,Air Fryer,5,4290,21450,10.0,2145.0,19305.0,Credit Card,0
101015,2024-10-20,CUST2222,Premium,South,Sports,Yoga Mat,1,3414,3414,,,,Net Banking,0
101016,2023-12-29,CUST1809,New,South,Electronics,Smartphone,2,24419,48838,,,,UPI,0
101017,2023-03-28,CUST1926,New,North,Sports,Cycling Helmet,3,556,1668,5.0,83.4,1584.6,UPI,0
101018,2024-04-26,CUST2796,Wholesale,South,Beauty,Perfume,1,896,896,5.0,44.8,851.2,UPI,0
101019,2024-11-03,CUST1453,Wholesale,North,Beauty,Shampoo,1,173,173,30.0,51.9,121.1,Cash on Delivery,0
101020,2023-07-14,CUST2963,New,South,Home & Kitchen,Mixer Grinder,5,7698,38490,0.0,0.0,38490.0,Debit Card,0
101021,2024-11-12,CUST2637,Regular,North,Home & Kitchen,Mixer Grinder,5,9813,49065,20.0,9813.0,39252.0,UPI,0
101022,2024-05-28,CUST1968,Regular,East,Beauty,Shampoo,1,666,666,5.0,33.3,632.7,,0
101023,2023-02-23,CUST2756,Regular,East,Home & Kitchen,Air Fryer,1,931,931,5.0,46.55,884.45,UPI,0
101024,2023-09-11,CUST2013,New,East,Sports,Dumbbell Set,1,2803,2803,0.0,0.0,2803.0,Credit Card,0
101025,2024-11-13,CUST3421,Regular,West,Beauty,Shampoo,1,2207,2207,15.0,331.05,1875.95,Credit Card,1
101026,2024-10-06,CUST2746,Premium,East,Apparel,Jeans,1,941,941,5.0,47.05,893.95,UPI,0
101027,2023-01-19,CUST1947,New,West,Sports,Dumbbell Set,3,3836,11508,0.0,0.0,11508.0,UPI,0
101028,2023-08-16,CUST2489,Regular,South,Home & Kitchen,Air Fryer,1,9153,9153,5.0,457.65,8695.35,UPI,1
101029,2023-10-15,CUST2317,Regular,North,Home & Kitchen,Air Fryer,2,1579,3158,,,,UPI,0
101030,2023-08-06,CUST2369,Premium,East,Home & Kitchen,Air Fryer,1,2450,2450,0.0,0.0,2450.0,Debit Card,0
101031,2023-11-08,CUST2480,Regular,East,Electronics,Smartphone,5,45340,226700,0.0,0.0,226700.0,UPI,0
101032,2024-08-26,CUST1435,Regular,West,Sports,Cycling Helmet,1,2220,2220,10.0,222.0,1998.0,UPI,0
101033,2023-05-14,CUST1306,Wholesale,West,Sports,Yoga Mat,1,2080,2080,0.0,0.0,2080.0,Debit Card,0
101034,2024-07-13,CUST1785,Regular,North,Sports,Cricket Bat,1,4870,4870,20.0,974.0,3896.0,Net Banking,0
101035,2024-03-04,CUST1480,Wholesale,North,Sports,Cricket Bat,1,7831,7831,5.0,391.55,7439.45,UPI,0
101036,2024-03-22,CUST1528,Regular,East,Electronics,Smartwatch,1,28959,28959,15.0,4343.85,24615.15,Credit Card,0
101037,2023-10-24,CUST1307,Regular,North,Electronics,Tablet,1,5484,5484,20.0,1096.8,4387.2,Credit Card,0
101038,2023-06-19,CUST1655,Regular,North,Beauty,Sunscreen,2,1791,3582,0.0,0.0,3582.0,UPI,1
101039,2024-08-08,CUST2242,Regular,West,Apparel,Dress,4,436,1744,10.0,174.4,1569.6,Debit Card,0
101040,2023-08-14,CUST1606,New,South,Home & Kitchen,Vacuum Cleaner,2,3603,7206,20.0,1441.2,5764.8,Debit Card,0
101041,2023-10-12,CUST2423,Regular,Central,Apparel,Jacket,2,3638,7276,20.0,1455.2,5820.8,Credit Card,0
101042,2024-10-09,CUST2207,New,North,Sports,Cricket Bat,1,6415,6415,15.0,962.25,5452.75,Net Banking,0
101043,2023-11-29,CUST3389,Regular,South,Electronics,Smartphone,1,55497,55497,15.0,8324.55,47172.45,,0
101044,2023-04-19,CUST2100,Regular,West,Beauty,Perfume,3,2406,7218,0.0,0.0,7218.0,UPI,1
101045,2023-07-28,CUST3031,Premium,Central,Sports,Running Shoes,1,3519,3519,5.0,175.95,3343.05,Cash on Delivery,0
101046,2023-07-05,CUST2155,Wholesale,South,Beauty,Shampoo,1,923,923,10.0,92.3,830.7,UPI,0
101047,2023-01-22,CUST2863,Regular,South,Home & Kitchen,Cookware Set,1,7258,7258,15.0,1088.7,6169.3,Cash on Delivery,0
101048,2024-10-22,CUST1450,New,West,Beauty,Face Cream,2,198,396,20.0,79.2,316.8,UPI,0
101049,2023-01-14,CUST1038,Premium,Central,Electronics,Laptop,1,17775,17775,30.0,5332.5,12442.5,UPI,0
101050,2023-04-19,CUST2819,New,Central,Sports,Cricket Bat,1,1640,1640,15.0,246.0,1394.0,Credit Card,0
101051,2023-06-17,CUST1504,Regular,West,Home & Kitchen,Vacuum Cleaner,2,4794,9588,5.0,479.4,9108.6,Credit Card,0
101052,2023-01-22,CUST1918,Regular,South,Electronics,Smartphone,3,37193,111579,5.0,5578.95,106000.05,Credit Card,0
101053,2023-01-25,CUST1460,Regular,West,Apparel,Sneakers,4,1003,4012,15.0,601.8,3410.2,UPI,0
101054,2024-05-18,CUST1347,Regular,West,Apparel,T-Shirt,1,816,816,10.0,81.6,734.4,Debit Card,0
101055,2023-02-14,CUST2235,Regular,North,Sports,Dumbbell Set,1,5412,5412,5.0,270.6,5141.4,Cash on Delivery,0
101056,2024-10-01,CUST1312,New,North,Home & Kitchen,Vacuum Cleaner,1,5241,5241,5.0,262.05,4978.95,Credit Card,0
101057,2023-01-03,CUST1275,Regular,North,Apparel,Jeans,1,1005,1005,0.0,0.0,1005.0,Credit Card,0
101058,2023-04-26,CUST2577,New,West,Sports,Running Shoes,1,3146,3146,0.0,0.0,3146.0,Credit Card,1
101059,2023-12-28,CUST2007,New,East,Home & Kitchen,Air Fryer,1,7582,7582,0.0,0.0,7582.0,UPI,0
101060,2024-01-28,CUST1342,Wholesale,Central,Beauty,Sunscreen,1,2167,2167,20.0,433.4,1733.6,Credit Card,0
101061,2024-08-17,CUST1070,Premium,North,Beauty,Sunscreen,1,507,507,5.0,25.35,481.65,UPI,0
101062,2024-01-07,CUST1570,Regular,South,Sports,Running Shoes,3,3456,10368,10.0,1036.8,9331.2,Credit Card,0
101063,2023-10-29,CUST1564,Wholesale,Central,Beauty,Shampoo,1,1874,1874,20.0,374.8,1499.2,UPI,0
101064,2023-05-01,CUST1302,New,Central,Apparel,Sneakers,1,507,507,0.0,0.0,507.0,Debit Card,0
101065,2024-05-03,CUST2705,Premium,South,Sports,Dumbbell Set,2,1147,2294,0.0,0.0,2294.0,,0
101066,2023-06-03,CUST1054,Regular,North,Apparel,Sneakers,2,973,1946,30.0,583.8,1362.2,Net Banking,0
101067,2023-10-21,CUST2735,Regular,East,Electronics,Laptop,3,5432,16296,15.0,2444.4,13851.6,Credit Card,0
101068,2024-11-27,CUST1642,New,North,Beauty,Sunscreen,3,2493,7479,10.0,747.9,6731.1,UPI,0
101069,2023-10-06,CUST3290,Wholesale,East,Electronics,Tablet,1,26243,26243,20.0,5248.6,20994.4,UPI,0
101070,2024-09-11,CUST2521,Regular,North,Electronics,Smartwatch,4,32787,131148,15.0,19672.2,111475.8,Credit Card,0
101071,2024-10-24,CUST1114,Premium,Central,Beauty,Shampoo,1,468,468,10.0,46.8,421.2,UPI,0
101072,2023-09-03,CUST1768,New,Central,Home & Kitchen,Cookware Set,2,1870,3740,,,,UPI,1
101073,2024-07-18,CUST2981,Premium,Central,Apparel,T-Shirt,2,1502,3004,10.0,300.4,2703.6,Net Banking,0
101074,2023-02-16,CUST1798,Premium,North,Electronics,Headphones,1,7608,7608,15.0,1141.2,6466.8,UPI,0
101075,2023-11-19,CUST1413,Premium,East,Beauty,Perfume,1,548,548,0.0,0.0,548.0,Cash on Delivery,0
101076,2024-05-29,CUST1660,Wholesale,Central,Apparel,T-Shirt,1,3660,3660,20.0,732.0,2928.0,Credit Card,0
101077,2023-06-05,CUST1576,Regular,East,Beauty,Face Cream,1,1098,1098,0.0,0.0,1098.0,UPI,0
101078,2023-06-14,CUST2388,Regular,Central,Sports,Cycling Helmet,1,6796,6796,10.0,679.6,6116.4,Cash on Delivery,0
101079,2023-10-25,CUST1307,New,Central,Home & Kitchen,Bedsheet Set,3,1455,4365,15.0,654.75,3710.25,Debit Card,1
101080,2023-06-06,CUST1357,Wholesale,West,Sports,Running Shoes,1,6777,6777,10.0,677.7,6099.3,Credit Card,0
101081,2024-05-25,CUST1365,Premium,East,Electronics,Smartwatch,1,22059,22059,0.0,0.0,22059.0,Debit Card,0
101082,2023-03-14,CUST3329,Regular,Central,Apparel,Sneakers,2,2338,4676,10.0,467.6,4208.4,Credit Card,0
101083,2024-05-14,CUST2805,Regular,South,Electronics,Headphones,1,57795,57795,5.0,2889.75,54905.25,Cash on Delivery,0
101084,2024-01-11,CUST1174,New,South,Sports,Cycling Helmet,1,4644,4644,5.0,232.2,4411.8,UPI,0
101085,2024-09-27,CUST1648,New,North,Electronics,Laptop,4,47358,189432,20.0,37886.4,151545.6,Net Banking,0
101086,2024-08-06,CUST2904,New,North,Beauty,Face Cream,2,532,1064,10.0,106.4,957.6,Cash on Delivery,0
101087,2023-04-22,CUST2402,New,Central,Electronics,Laptop,1,49457,49457,0.0,0.0,49457.0,Cash on Delivery,0
101088,2024-09-10,CUST2924,Regular,West,Beauty,Shampoo,5,618,3090,0.0,0.0,3090.0,UPI,0
101089,2023-05-30,CUST2761,New,South,Apparel,Jacket,4,528,2112,20.0,422.4,1689.6,Debit Card,0
101090,2024-04-29,CUST1580,Regular,North,Apparel,T-Shirt,3,3955,11865,5.0,593.25,11271.75,Debit Card,0
101091,2023-03-12,CUST1753,New,North,Home & Kitchen,Air Fryer,1,8196,8196,5.0,409.8,7786.2,Cash on Delivery,0
101092,2023-02-25,CUST2947,Premium,East,Electronics,Smartwatch,1,23914,23914,5.0,1195.7,22718.3,UPI,0
101093,2024-07-02,CUST3445,Regular,East,Apparel,Sneakers,2,3238,6476,,,,Net Banking,0
101094,2023-07-23,CUST1604,Wholesale,West,Electronics,Tablet,1,41903,41903,0.0,0.0,41903.0,UPI,0
101095,2024-05-26,CUST1514,Regular,North,Home & Kitchen,Mixer Grinder,2,7458,14916,5.0,745.8,14170.2,Debit Card,0
101096,2024-10-11,CUST3461,Regular,East,Beauty,Sunscreen,3,918,2754,0.0,0.0,2754.0,UPI,0
101097,2024-01-22,CUST2257,Regular,Central,Apparel,Jacket,2,1182,2364,20.0,472.8,1891.2,,1
101098,2024-05-29,CUST3142,Regular,West,Electronics,Smartwatch,1,44027,44027,5.0,2201.35,41825.65,Debit Card,0
101099,2023-12-10,CUST2562,New,North,Electronics,Laptop,1,31569,31569,10.0,3156.9,28412.1,Credit Card,0
101100,2023-10-19,CUST1067,Regular,West,Beauty,Perfume,1,508,508,30.0,152.4,355.6,UPI,0
101101,2024-09-23,CUST1133,Premium,East,Beauty,Face Cream,3,2381,7143,10.0,714.3,6428.7,Credit Card,0
101102,2024-11-14,CUST1509,Premium,North,Home & Kitchen,Air Fryer,1,8248,8248,20.0,1649.6,6598.4,Cash on Delivery,0
101103,2023-12-26,CUST2096,Regular,South,Beauty,Lipstick,2,181,362,5.0,18.1,343.9,UPI,0
101104,2024-11-05,CUST1063,New,East,Home & Kitchen,Vacuum Cleaner,1,7594,7594,15.0,1139.1,6454.9,UPI,0
101105,2023-01-27,CUST2761,Regular,West,Apparel,Jacket,2,3745,7490,10.0,749.0,6741.0,Cash on Delivery,0
101106,2023-09-05,CUST2757,Regular,South,Sports,Running Shoes,1,7287,7287,10.0,728.7,6558.3,Debit Card,0
101107,2023-05-12,CUST1517,Premium,Central,Beauty,Shampoo,1,798,798,15.0,119.7,678.3,UPI,0
101108,2024-05-31,CUST1834,New,East,Electronics,Tablet,1,52898,52898,20.0,10579.6,42318.4,UPI,0
101109,2023-04-06,CUST1322,New,West,Electronics,Smartphone,3,30166,90498,5.0,4524.9,85973.1,UPI,0
101110,2024-08-08,CUST1981,Regular,South,Beauty,Face Cream,1,2008,2008,0.0,0.0,2008.0,UPI,0
101111,2024-10-30,CUST1339,Regular,East,Apparel,Jacket,2,2593,5186,20.0,1037.2,4148.8,UPI,0
101112,2023-05-28,CUST2073,New,South,Electronics,Tablet,1,58315,58315,5.0,2915.75,55399.25,UPI,0
101113,2023-07-04,CUST2694,Regular,South,Electronics,Smartphone,3,33890,101670,10.0,10167.0,91503.0,UPI,0
101114,2023-03-17,CUST1659,Premium,East,Beauty,Face Cream,1,1687,1687,20.0,337.4,1349.6,Debit Card,0
101115,2023-07-04,CUST2982,Regular,West,Home & Kitchen,Mixer Grinder,1,10094,10094,10.0,1009.4,9084.6,Credit Card,0
101116,2024-09-20,CUST1094,Regular,West,Sports,Cycling Helmet,3,1496,4488,10.0,448.8,4039.2,Debit Card,0
101117,2024-06-14,CUST1900,Regular,West,Sports,Dumbbell Set,1,7861,7861,10.0,786.1,7074.9,Cash on Delivery,0
101118,2023-03-27,CUST2913,Regular,South,Apparel,Jacket,3,2372,7116,20.0,1423.2,5692.8,Credit Card,0
101119,2024-05-22,CUST2151,Wholesale,West,Beauty,Sunscreen,1,858,858,15.0,128.7,729.3,UPI,0
101120,2024-02-07,CUST2998,Regular,Central,Electronics,Tablet,1,53480,53480,0.0,0.0,53480.0,UPI,0
101121,2024-03-19,CUST1818,Regular,West,Beauty,Lipstick,1,1455,1455,10.0,145.5,1309.5,Cash on Delivery,0
101122,2024-08-03,CUST2036,Regular,South,Home & Kitchen,Vacuum Cleaner,3,1852,5556,5.0,277.8,5278.2,Cash on Delivery,0
101123,2024-08-23,CUST2321,Regular,Central,Beauty,Perfume,2,2322,4644,20.0,928.8,3715.2,UPI,0
101124,2024-03-15,CUST1039,Wholesale,South,Apparel,Jacket,1,697,697,10.0,69.7,627.3,UPI,0
101125,2023-11-23,CUST2161,Wholesale,East,Electronics,Headphones,1,15509,15509,30.0,4652.7,10856.3,Debit Card,0
101126,2024-09-08,CUST1306,Premium,South,Apparel,Dress,1,821,821,0.0,0.0,821.0,UPI,0
101127,2024-08-10,CUST1191,Premium,West,Beauty,Lipstick,1,961,961,0.0,0.0,961.0,Cash on Delivery,0
101128,2023-10-09,CUST2167,Regular,North,Beauty,Face Cream,4,1488,5952,30.0,1785.6,4166.4,Net Banking,0
101129,2023-01-19,CUST1160,Regular,Central,Sports,Yoga Mat,3,803,2409,10.0,240.9,2168.1,UPI,0
101130,2023-12-12,CUST1326,Regular,South,Electronics,Smartphone,1,32294,32294,30.0,9688.2,22605.8,Net Banking,0
101131,2024-07-23,CUST1497,Premium,South,Home & Kitchen,Air Fryer,1,7244,7244,15.0,1086.6,6157.4,Credit Card,0
101132,2024-01-18,CUST2784,New,Central,Sports,Yoga Mat,2,1636,3272,15.0,490.8,2781.2,Cash on Delivery,0
101133,2023-08-20,CUST2063,Regular,South,Apparel,T-Shirt,1,3365,3365,30.0,1009.5,2355.5,Credit Card,0
101134,2023-02-14,CUST2105,Premium,North,Electronics,Smartphone,1,21441,21441,0.0,0.0,21441.0,UPI,0
101135,2024-12-16,CUST2692,New,South,Apparel,Jeans,1,2287,2287,10.0,228.7,2058.3,Net Banking,0
101136,2024-10-14,CUST2977,Regular,West,Beauty,Face Cream,2,2107,4214,15.0,632.1,3581.9,UPI,0
101137,2023-08-20,CUST1843,Wholesale,South,Electronics,Headphones,2,51713,103426,5.0,5171.3,98254.7,Cash on Delivery,0
101138,2024-12-12,CUST1769,Wholesale,Central,Electronics,Smartphone,3,33914,101742,5.0,5087.1,96654.9,UPI,0
101139,2024-05-14,CUST2277,Regular,West,Electronics,Headphones,1,15174,15174,10.0,1517.4,13656.6,Cash on Delivery,0
101140,2024-12-26,CUST2853,Regular,Central,Beauty,Shampoo,2,682,1364,5.0,68.2,1295.8,Credit Card,1
101141,2024-09-27,CUST3364,Regular,Central,Sports,Dumbbell Set,1,2776,2776,20.0,555.2,2220.8,UPI,0
101142,2024-10-25,CUST2092,Regular,South,Electronics,Laptop,1,31709,31709,,,,Debit Card,0
101143,2023-01-30,CUST1616,New,Central,Beauty,Sunscreen,1,634,634,10.0,63.4,570.6,UPI,0
101144,2024-02-11,CUST2566,Premium,Central,Sports,Running Shoes,4,2733,10932,30.0,3279.6,7652.4,UPI,0
101145,2024-03-08,CUST1447,Regular,East,Apparel,Jacket,1,2049,2049,10.0,204.9,1844.1,Credit Card,1
101146,2024-11-28,CUST1269,Regular,East,Electronics,Laptop,1,8779,8779,20.0,1755.8,7023.2,Debit Card,0
101147,2024-06-28,CUST2098,Regular,North,Electronics,Headphones,1,16341,16341,15.0,2451.15,13889.85,Net Banking,0
101148,2024-05-22,CUST1386,Premium,South,Apparel,Jeans,4,1233,4932,0.0,0.0,4932.0,Cash on Delivery,0
101149,2023-07-09,CUST1767,Premium,North,Sports,Cycling Helmet,4,1894,7576,20.0,1515.2,6060.8,Credit Card,0
101150,2023-12-07,CUST1315,New,East,Beauty,Shampoo,1,1902,1902,,,,Cash on Delivery,0
101151,2023-06-24,CUST1185,Regular,South,Electronics,Tablet,2,24578,49156,0.0,0.0,49156.0,UPI,0
101152,2023-01-18,CUST1409,New,South,Sports,Cricket Bat,1,1870,1870,5.0,93.5,1776.5,Cash on Delivery,1
101153,2023-11-08,CUST2879,Regular,North,Home & Kitchen,Air Fryer,1,6547,6547,10.0,654.7,5892.3,UPI,0
101154,2023-01-14,CUST1084,Regular,East,Home & Kitchen,Vacuum Cleaner,1,9284,9284,0.0,0.0,9284.0,Cash on Delivery,0
101155,2023-06-01,CUST2764,Regular,East,Beauty,Shampoo,2,2189,4378,10.0,437.8,3940.2,Credit Card,0
101156,2024-01-04,CUST2840,Regular,South,Apparel,T-Shirt,1,1947,1947,20.0,389.4,1557.6,Credit Card,0
101157,2024-06-23,CUST2266,New,South,Apparel,Jacket,1,1828,1828,15.0,274.2,1553.8,Credit Card,0
101158,2023-07-15,CUST2421,Regular,West,Electronics,Tablet,2,35583,71166,0.0,0.0,71166.0,Debit Card,0
101159,2023-10-23,CUST3286,Regular,Central,Electronics,Smartphone,1,34197,34197,10.0,3419.7,30777.3,Net Banking,0
101160,2024-11-11,CUST3429,Regular,West,Apparel,Jacket,2,1580,3160,20.0,632.0,2528.0,Credit Card,1
101161,2023-05-07,CUST1564,Regular,East,Electronics,Smartwatch,2,21542,43084,0.0,0.0,43084.0,Cash on Delivery,0
101162,2023-12-25,CUST1805,Regular,Central,Home & Kitchen,Bedsheet Set,1,9987,9987,5.0,499.35,9487.65,Debit Card,0
101163,2024-03-18,CUST2582,Regular,North,Sports,Yoga Mat,1,3405,3405,15.0,510.75,2894.25,Credit Card,0
101164,2024-03-08,CUST2320,Regular,West,Beauty,Face Cream,1,1422,1422,20.0,284.4,1137.6,UPI,0
101165,2024-08-15,CUST3321,Regular,Central,Apparel,Jeans,1,955,955,0.0,0.0,955.0,Credit Card,0
101166,2024-10-05,CUST3063,Regular,Central,Beauty,Sunscreen,1,543,543,30.0,162.9,380.1,UPI,0
101167,2024-12-02,CUST1108,Wholesale,West,Home & Kitchen,Air Fryer,2,8443,16886,0.0,0.0,16886.0,UPI,0
101168,2024-03-07,CUST3316,New,West,Electronics,Laptop,1,41818,41818,10.0,4181.8,37636.2,Credit Card,0
101169,2023-10-28,CUST2885,Regular,South,Electronics,Smartwatch,3,9753,29259,10.0,2925.9,26333.1,UPI,0
101170,2023-02-25,CUST3316,New,East,Electronics,Smartphone,1,19206,19206,5.0,960.3,18245.7,UPI,0
101171,2024-05-08,CUST3114,New,East,Home & Kitchen,Mixer Grinder,2,10378,20756,10.0,2075.6,18680.4,Cash on Delivery,0
101172,2023-05-28,CUST1026,Wholesale,North,Sports,Running Shoes,1,2964,2964,10.0,296.4,2667.6,Credit Card,0
101173,2024-05-11,CUST2012,Premium,East,Sports,Dumbbell Set,3,5446,16338,0.0,0.0,16338.0,Credit Card,0
101174,2023-07-29,CUST2657,Premium,East,Electronics,Smartwatch,1,3115,3115,10.0,311.5,2803.5,Net Banking,0
101175,2024-05-10,CUST1504,Regular,Central,Apparel,Jeans,1,3872,3872,0.0,0.0,3872.0,Net Banking,0
101176,2024-03-18,CUST1820,Premium,Central,Apparel,T-Shirt,1,980,980,5.0,49.0,931.0,Cash on Delivery,0
101177,2024-05-02,CUST1439,Regular,West,Beauty,Perfume,4,2169,8676,20.0,1735.2,6940.8,Cash on Delivery,0
101178,2024-04-20,CUST2240,New,West,Beauty,Lipstick,2,2022,4044,0.0,0.0,4044.0,,0
101179,2023-02-04,CUST1648,Regular,North,Sports,Running Shoes,1,7728,7728,10.0,772.8,6955.2,Credit Card,0
101180,2024-01-02,CUST2441,Regular,East,Sports,Cycling Helmet,2,4702,9404,10.0,940.4,8463.6,Debit Card,0
101181,2024-11-02,CUST2613,New,South,Sports,Cricket Bat,1,6930,6930,15.0,1039.5,5890.5,Credit Card,0
101182,2023-03-11,CUST3152,Premium,West,Beauty,Lipstick,1,888,888,0.0,0.0,888.0,UPI,0
101183,2023-09-23,CUST1651,Regular,West,Apparel,Jacket,2,2778,5556,15.0,833.4,4722.6,Credit Card,0
101184,2023-08-26,CUST1969,New,South,Electronics,Smartphone,1,34230,34230,30.0,10269.0,23961.0,UPI,0
101185,2023-04-18,CUST1298,Regular,South,Apparel,Sneakers,1,2120,2120,20.0,424.0,1696.0,UPI,0
101186,2024-03-28,CUST1545,Wholesale,West,Home & Kitchen,Bedsheet Set,1,1282,1282,10.0,128.2,1153.8,Credit Card,0
101187,2024-10-14,CUST1663,Regular,West,Sports,Cycling Helmet,2,4084,8168,30.0,2450.4,5717.6,Debit Card,0
101188,2024-03-20,CUST1021,New,East,Sports,Dumbbell Set,1,2167,2167,0.0,0.0,2167.0,Credit Card,0
101189,2024-01-04,CUST3163,Wholesale,South,Beauty,Sunscreen,1,1545,1545,10.0,154.5,1390.5,UPI,0
101190,2024-05-23,CUST1564,New,East,Apparel,Jeans,2,3789,7578,10.0,757.8,6820.2,Cash on Delivery,0
101191,2023-03-10,CUST1413,Regular,Central,Beauty,Lipstick,1,2481,2481,20.0,496.2,1984.8,Net Banking,0
101192,2023-05-01,CUST2029,Regular,West,Beauty,Shampoo,2,1505,3010,15.0,451.5,2558.5,Credit Card,0
101193,2024-02-04,CUST3120,New,Central,Home & Kitchen,Mixer Grinder,3,3386,10158,10.0,1015.8,9142.2,UPI,0
101194,2024-09-17,CUST2077,Premium,South,Sports,Cricket Bat,1,6214,6214,10.0,621.4,5592.6,Net Banking,0
101195,2024-10-30,CUST1836,Regular,West,Electronics,Smartphone,1,23654,23654,10.0,2365.4,21288.6,Cash on Delivery,0
101196,2024-07-14,CUST1144,New,East,Home & Kitchen,Mixer Grinder,2,1994,3988,0.0,0.0,3988.0,Credit Card,0
101197,2023-12-21,CUST2108,New,Central,Electronics,Smartwatch,1,40700,40700,5.0,2035.0,38665.0,UPI,0
101198,2023-02-12,CUST1932,New,West,Electronics,Smartphone,4,34044,136176,10.0,13617.6,122558.4,UPI,0
101199,2023-01-22,CUST1074,Premium,East,Electronics,Smartphone,1,52199,52199,10.0,5219.9,46979.1,Debit Card,0
101200,2024-07-19,CUST1473,Premium,West,Beauty,Face Cream,2,662,1324,20.0,264.8,1059.2,UPI,1
101201,2024-03-24,CUST1376,Regular,South,Electronics,Tablet,1,25598,25598,20.0,5119.6,20478.4,Credit Card,0
101202,2024-08-25,CUST2023,Regular,South,Electronics,Laptop,2,28570,57140,5.0,2857.0,54283.0,,0
101203,2023-02-28,CUST2000,Premium,South,Electronics,Smartphone,2,9804,19608,10.0,1960.8,17647.2,UPI,0
101204,2023-10-27,CUST3226,Wholesale,Central,Apparel,Dress,1,2360,2360,5.0,118.0,2242.0,Cash on Delivery,0
101205,2023-07-30,CUST2000,Wholesale,Central,Beauty,Perfume,1,1389,1389,20.0,277.8,1111.2,Cash on Delivery,0
101206,2024-06-23,CUST2991,Regular,North,Home & Kitchen,Vacuum Cleaner,1,9048,9048,5.0,452.4,8595.6,UPI,0
101207,2023-10-14,CUST2525,New,East,Electronics,Laptop,1,10487,10487,20.0,2097.4,8389.6,Debit Card,0
101208,2023-05-26,CUST2107,Premium,North,Electronics,Laptop,1,47266,47266,,,,UPI,0
101209,2023-10-12,CUST1077,New,North,Sports,Running Shoes,4,2786,11144,10.0,1114.4,10029.6,Cash on Delivery,0
101210,2024-01-27,CUST2249,Premium,South,Beauty,Lipstick,1,1703,1703,15.0,255.45,1447.55,UPI,0
101211,2023-02-02,CUST1112,Regular,South,Sports,Cricket Bat,1,7137,7137,15.0,1070.55,6066.45,Debit Card,0
101212,2023-12-16,CUST2177,Regular,North,Sports,Running Shoes,1,5032,5032,10.0,503.2,4528.8,Credit Card,1
101213,2024-07-01,CUST1975,Regular,West,Beauty,Lipstick,3,2275,6825,5.0,341.25,6483.75,Credit Card,0
101214,2023-05-16,CUST3339,Premium,West,Electronics,Headphones,1,53901,53901,0.0,0.0,53901.0,Debit Card,0
101215,2024-02-09,CUST1050,Premium,North,Electronics,Tablet,1,19474,19474,20.0,3894.8,15579.2,Credit Card,0
101216,2023-05-08,CUST2910,Regular,West,Home & Kitchen,Bedsheet Set,1,5133,5133,0.0,0.0,5133.0,UPI,1
101217,2023-02-07,CUST2132,Premium,North,Home & Kitchen,Air Fryer,2,9919,19838,0.0,0.0,19838.0,Credit Card,0
101218,2024-09-16,CUST3027,New,South,Sports,Cricket Bat,4,6774,27096,15.0,4064.4,23031.6,UPI,0
101219,2023-05-11,CUST3075,Regular,West,Apparel,Jeans,1,3968,3968,5.0,198.4,3769.6,Cash on Delivery,0
101220,2024-03-26,CUST1066,Wholesale,North,Sports,Cricket Bat,2,6353,12706,5.0,635.3,12070.7,UPI,1
101221,2024-11-25,CUST1463,Premium,South,Home & Kitchen,Bedsheet Set,2,10639,21278,0.0,0.0,21278.0,Credit Card,0
101222,2024-06-07,CUST2746,New,North,Electronics,Laptop,2,14872,29744,0.0,0.0,29744.0,UPI,0
101223,2023-10-17,CUST2204,Premium,Central,Apparel,T-Shirt,1,2886,2886,0.0,0.0,2886.0,Credit Card,0
101224,2024-09-28,CUST1866,Premium,West,Electronics,Laptop,1,25637,25637,10.0,2563.7,23073.3,Cash on Delivery,0
101225,2023-11-17,CUST1614,Regular,East,Sports,Cycling Helmet,1,3603,3603,20.0,720.6,2882.4,Credit Card,1
101226,2024-01-26,CUST3161,Regular,South,Electronics,Smartphone,1,16218,16218,0.0,0.0,16218.0,Credit Card,0
101227,2023-02-22,CUST2200,Wholesale,Central,Sports,Running Shoes,3,3096,9288,15.0,1393.2,7894.8,UPI,0
101228,2023-09-07,CUST1987,New,East,Home & Kitchen,Cookware Set,1,6730,6730,5.0,336.5,6393.5,Credit Card,0
101229,2024-03-31,CUST3478,Wholesale,North,Beauty,Perfume,2,2221,4442,0.0,0.0,4442.0,Debit Card,0
101230,2023-08-24,CUST3395,Regular,North,Beauty,Lipstick,1,2352,2352,10.0,235.2,2116.8,Credit Card,0
101231,2024-11-12,CUST3068,Regular,South,Apparel,Dress,2,3659,7318,15.0,1097.7,6220.3,Cash on Delivery,0
101232,2023-06-01,CUST2714,Wholesale,North,Sports,Running Shoes,1,7679,7679,10.0,767.9,6911.1,UPI,0
101233,2023-09-27,CUST1299,Premium,West,Sports,Running Shoes,1,7330,7330,0.0,0.0,7330.0,UPI,0
101234,2023-05-16,CUST2201,Regular,West,Sports,Cycling Helmet,2,3795,7590,10.0,759.0,6831.0,UPI,0
101235,2023-05-02,CUST2453,Regular,South,Home & Kitchen,Vacuum Cleaner,5,10902,54510,0.0,0.0,54510.0,Debit Card,0
101236,2024-04-04,CUST1751,Regular,South,Beauty,Lipstick,3,1334,4002,5.0,200.1,3801.9,UPI,0
101237,2024-08-26,CUST2796,Regular,South,Sports,Yoga Mat,2,6020,12040,0.0,0.0,12040.0,UPI,0
101238,2023-06-30,CUST3120,Regular,South,Sports,Cycling Helmet,1,2935,2935,0.0,0.0,2935.0,Credit Card,0
101239,2024-06-21,CUST1586,Premium,West,Sports,Cycling Helmet,1,3646,3646,0.0,0.0,3646.0,UPI,0
101240,2023-02-12,CUST2179,New,North,Apparel,Sneakers,1,1539,1539,0.0,0.0,1539.0,UPI,0
101241,2023-10-08,CUST2141,Regular,East,Beauty,Lipstick,2,1212,2424,10.0,242.4,2181.6,UPI,0
101242,2023-05-25,CUST3211,Regular,East,Electronics,Laptop,1,37686,37686,10.0,3768.6,33917.4,Debit Card,0
101243,2024-07-04,CUST2746,Premium,South,Apparel,T-Shirt,5,3809,19045,10.0,1904.5,17140.5,Cash on Delivery,0
101244,2024-03-31,CUST2820,Regular,South,Sports,Dumbbell Set,1,6367,6367,20.0,1273.4,5093.6,Credit Card,0
101245,2024-03-18,CUST1323,Regular,South,Beauty,Perfume,2,1290,2580,10.0,258.0,2322.0,Cash on Delivery,0
101246,2023-08-16,CUST1303,Regular,West,Electronics,Headphones,1,11771,11771,5.0,588.55,11182.45,Cash on Delivery,0
101247,2024-12-24,CUST1145,Regular,West,Home & Kitchen,Mixer Grinder,1,9340,9340,10.0,934.0,8406.0,Cash on Delivery,0
101248,2024-10-11,CUST2984,Premium,South,Electronics,Laptop,2,10470,20940,10.0,2094.0,18846.0,Credit Card,1
101249,2023-07-11,CUST1013,New,East,Beauty,Perfume,1,513,513,5.0,25.65,487.35,UPI,0
101250,2024-03-20,CUST2557,Regular,Central,Electronics,Smartwatch,3,38051,114153,0.0,0.0,114153.0,UPI,0
101251,2024-10-08,CUST1949,New,East,Sports,Dumbbell Set,1,5881,5881,15.0,882.15,4998.85,UPI,1
101252,2023-10-27,CUST1460,Regular,South,Beauty,Lipstick,4,1612,6448,20.0,1289.6,5158.4,Debit Card,1
101253,2023-10-22,CUST1465,Regular,North,Beauty,Lipstick,3,1890,5670,10.0,567.0,5103.0,Debit Card,0
101254,2023-12-22,CUST3078,Regular,West,Beauty,Shampoo,1,1837,1837,15.0,275.55,1561.45,Credit Card,0
101255,2023-08-09,CUST2810,Premium,South,Beauty,Face Cream,1,1221,1221,10.0,122.1,1098.9,Debit Card,0
101256,2024-03-11,CUST2833,Regular,North,Beauty,Perfume,1,1046,1046,15.0,156.9,889.1,UPI,0
101257,2024-02-24,CUST2350,Regular,West,Apparel,Dress,1,1082,1082,0.0,0.0,1082.0,Credit Card,0
101258,2023-05-13,CUST2444,Wholesale,East,Sports,Cycling Helmet,1,1239,1239,15.0,185.85,1053.15,UPI,0
101259,2024-07-20,CUST2620,New,West,Electronics,Smartphone,1,35490,35490,10.0,3549.0,31941.0,Cash on Delivery,0
101260,2023-08-23,CUST1147,Regular,East,Home & Kitchen,Cookware Set,1,7573,7573,10.0,757.3,6815.7,UPI,0
101261,2023-01-21,CUST2012,Premium,West,Sports,Yoga Mat,2,1785,3570,10.0,357.0,3213.0,UPI,0
101262,2023-02-04,CUST1347,Regular,Central,Home & Kitchen,Mixer Grinder,1,6990,6990,5.0,349.5,6640.5,Cash on Delivery,0
101263,2023-03-20,CUST1621,New,North,Electronics,Tablet,1,48824,48824,10.0,4882.4,43941.6,UPI,0
101264,2023-04-08,CUST1095,New,Central,Sports,Running Shoes,1,6928,6928,0.0,0.0,6928.0,Debit Card,0
101265,2023-11-06,CUST2664,Premium,East,Home & Kitchen,Air Fryer,2,5129,10258,15.0,1538.7,8719.3,Credit Card,0
101266,2024-07-28,CUST2612,New,North,Home & Kitchen,Air Fryer,3,9536,28608,0.0,0.0,28608.0,Net Banking,1
101267,2024-01-17,CUST2952,Regular,North,Sports,Yoga Mat,1,3755,3755,10.0,375.5,3379.5,Cash on Delivery,0
101268,2024-07-30,CUST3006,Wholesale,East,Electronics,Headphones,2,23286,46572,0.0,0.0,46572.0,UPI,0
101269,2024-08-30,CUST1952,Regular,South,Apparel,T-Shirt,1,2051,2051,20.0,410.2,1640.8,UPI,0
101270,2023-03-02,CUST2665,Regular,South,Beauty,Perfume,2,766,1532,30.0,459.6,1072.4,UPI,0
101271,2023-01-06,CUST2318,Premium,Central,Home & Kitchen,Cookware Set,2,8807,17614,10.0,1761.4,15852.6,UPI,0
101272,2024-04-17,CUST1055,Regular,Central,Beauty,Sunscreen,2,580,1160,5.0,58.0,1102.0,Cash on Delivery,0
101273,2023-06-15,CUST3148,Wholesale,South,Sports,Yoga Mat,1,819,819,5.0,40.95,778.05,Debit Card,0
101274,2024-05-13,CUST2110,Regular,North,Apparel,Dress,1,2035,2035,5.0,101.75,1933.25,Credit Card,0
101275,2024-06-19,CUST2520,Premium,North,Home & Kitchen,Bedsheet Set,1,10037,10037,5.0,501.85,9535.15,Credit Card,0
101276,2024-06-15,CUST1554,Regular,North,Sports,Cricket Bat,3,6617,19851,15.0,2977.65,16873.35,UPI,0
101277,2023-06-18,CUST1022,Premium,West,Sports,Running Shoes,2,1731,3462,0.0,0.0,3462.0,Credit Card,0
101278,2023-11-16,CUST3434,Premium,West,Apparel,Jeans,1,784,784,15.0,117.6,666.4,Credit Card,0
101279,2023-06-10,CUST2164,Regular,Central,Electronics,Headphones,2,43203,86406,,,,Net Banking,0
101280,2024-03-12,CUST1317,Premium,East,Sports,Cricket Bat,5,5096,25480,0.0,0.0,25480.0,Net Banking,0
101281,2024-08-29,CUST3139,Premium,Central,Apparel,T-Shirt,1,1286,1286,0.0,0.0,1286.0,Debit Card,0
101282,2024-08-24,CUST2939,Regular,West,Beauty,Perfume,3,1285,3855,0.0,0.0,3855.0,UPI,0
101283,2023-08-03,CUST2947,Premium,South,Apparel,T-Shirt,2,1349,2698,5.0,134.9,2563.1,Cash on Delivery,0
101284,2023-01-01,CUST3049,Regular,South,Home & Kitchen,Mixer Grinder,2,9183,18366,10.0,1836.6,16529.4,Cash on Delivery,0
101285,2023-05-01,CUST3173,Regular,North,Apparel,Dress,2,1945,3890,10.0,389.0,3501.0,Debit Card,0
101286,2023-03-22,CUST2026,Regular,North,Sports,Dumbbell Set,1,7380,7380,0.0,0.0,7380.0,UPI,1
101287,2024-12-02,CUST2417,Wholesale,South,Electronics,Tablet,5,30035,150175,15.0,22526.25,127648.75,Credit Card,0
101288,2024-03-10,CUST1043,New,North,Apparel,Dress,1,3989,3989,0.0,0.0,3989.0,Cash on Delivery,0
101289,2023-07-20,CUST2039,Premium,Central,Beauty,Perfume,1,1421,1421,0.0,0.0,1421.0,Credit Card,0
101290,2024-05-29,CUST2036,Premium,North,Electronics,Tablet,1,19393,19393,10.0,1939.3,17453.7,Cash on Delivery,0
101291,2023-10-08,CUST3234,Regular,East,Electronics,Tablet,1,55457,55457,15.0,8318.55,47138.45,Net Banking,0
101292,2023-04-17,CUST1489,New,North,Electronics,Headphones,-2,3389,6778,0.0,0.0,6778.0,UPI,0
101293,2023-02-27,CUST1068,Regular,North,Beauty,Face Cream,2,1286,2572,0.0,0.0,2572.0,UPI,0
101294,2023-12-07,CUST1251,Regular,Central,Home & Kitchen,Cookware Set,1,6800,6800,10.0,680.0,6120.0,Debit Card,0
101295,2023-03-08,CUST1813,Premium,West,Apparel,Dress,1,3385,3385,0.0,0.0,3385.0,UPI,0
101296,2024-12-06,CUST2909,New,East,Sports,Running Shoes,1,2742,2742,10.0,274.2,2467.8,UPI,0
101297,2024-08-04,CUST3421,New,South,Electronics,Tablet,1,31843,31843,5.0,1592.15,30250.85,Cash on Delivery,0
101298,2024-10-03,CUST2010,Regular,Central,Electronics,Laptop,1,53190,53190,10.0,5319.0,47871.0,Cash on Delivery,0
101299,2023-11-12,CUST2695,Premium,North,Apparel,Jeans,1,618,618,10.0,61.8,556.2,Credit Card,0
101300,2023-08-20,CUST3006,Regular,West,Apparel,Jacket,1,1216,1216,0.0,0.0,1216.0,Cash on Delivery,0
101301,2023-12-30,CUST1698,Regular,North,Sports,Cricket Bat,1,4183,4183,5.0,209.15,3973.85,Cash on Delivery,0
101302,2023-02-07,CUST2182,New,West,Sports,Running Shoes,1,6252,6252,0.0,0.0,6252.0,UPI,0
101303,2023-08-01,CUST2915,Regular,North,Home & Kitchen,Bedsheet Set,1,5206,5206,0.0,0.0,5206.0,UPI,1
101304,2023-09-25,CUST2524,Premium,Central,Electronics,Smartphone,1,35384,35384,5.0,1769.2,33614.8,Credit Card,0
101305,2024-07-31,CUST2947,New,South,Beauty,Sunscreen,1,1619,1619,10.0,161.9,1457.1,Cash on Delivery,0
101306,2023-12-09,CUST2798,Regular,North,Home & Kitchen,Mixer Grinder,3,5818,17454,5.0,872.7,16581.3,UPI,0
101307,2024-09-23,CUST2528,Premium,East,Beauty,Sunscreen,3,1785,5355,10.0,535.5,4819.5,Credit Card,0
101308,2024-09-07,CUST3076,Premium,North,Home & Kitchen,Air Fryer,2,5718,11436,15.0,1715.4,9720.6,Cash on Delivery,0
101309,2023-04-21,CUST2231,Regular,North,Beauty,Lipstick,2,1791,3582,,,,UPI,0
101310,2024-09-03,CUST1370,Regular,East,Sports,Dumbbell Set,1,5934,5934,0.0,0.0,5934.0,Credit Card,0
101311,2023-11-13,CUST1704,Regular,North,Apparel,Jacket,2,2021,4042,10.0,404.2,3637.8,UPI,1
101312,2023-11-05,CUST3274,Regular,North,Home & Kitchen,Mixer Grinder,1,4131,4131,20.0,826.2,3304.8,Credit Card,0
101313,2024-01-19,CUST2934,New,Central,Electronics,Smartwatch,1,11941,11941,10.0,1194.1,10746.9,Credit Card,0
101314,2024-11-15,CUST2637,Regular,West,Beauty,Lipstick,1,1737,1737,15.0,260.55,1476.45,UPI,0
101315,2023-12-01,CUST3402,New,North,Home & Kitchen,Air Fryer,1,9550,9550,10.0,955.0,8595.0,UPI,0
101316,2023-01-28,CUST3500,Premium,North,Apparel,Dress,1,3545,3545,5.0,177.25,3367.75,Cash on Delivery,0
101317,2024-09-05,CUST1380,Premium,West,Beauty,Face Cream,3,2197,6591,10.0,659.1,5931.9,UPI,0
101318,2023-12-14,CUST2069,New,South,Beauty,Shampoo,5,1424,7120,5.0,356.0,6764.0,UPI,0
101319,2024-03-07,CUST1415,Premium,South,Apparel,Jeans,1,3194,3194,10.0,319.4,2874.6,Cash on Delivery,0
101320,2024-11-02,CUST2645,Regular,North,Beauty,Face Cream,1,2226,2226,5.0,111.3,2114.7,,0
101321,2024-03-08,CUST3056,New,West,Electronics,Headphones,1,29351,29351,20.0,5870.2,23480.8,UPI,0
101322,2024-01-17,CUST2570,New,Central,Beauty,Perfume,1,607,607,15.0,91.05,515.95,Net Banking,0
101323,2024-11-21,CUST2863,Regular,East,Electronics,Laptop,1,1955,1955,15.0,293.25,1661.75,UPI,0
101324,2024-03-21,CUST2512,Premium,South,Electronics,Smartwatch,2,19962,39924,20.0,7984.8,31939.2,Credit Card,0
101325,2023-09-16,CUST1071,Regular,South,Beauty,Perfume,2,2373,4746,20.0,949.2,3796.8,Debit Card,0
101326,2024-04-02,CUST2622,Regular,Central,Home & Kitchen,Vacuum Cleaner,1,10561,10561,20.0,2112.2,8448.8,Debit Card,0
101327,2023-09-12,CUST2414,New,West,Apparel,T-Shirt,1,787,787,20.0,157.4,629.6,UPI,0
101328,2024-04-14,CUST1156,Premium,North,Sports,Dumbbell Set,1,4255,4255,0.0,0.0,4255.0,Debit Card,0
101329,2023-05-31,CUST1091,New,South,Sports,Yoga Mat,2,5716,11432,0.0,0.0,11432.0,Cash on Delivery,0
101330,2023-07-08,CUST3105,Regular,East,Home & Kitchen,Mixer Grinder,2,2707,5414,15.0,812.1,4601.9,Cash on Delivery,0
101331,2024-07-06,CUST1760,Regular,North,Apparel,T-Shirt,1,2748,2748,5.0,137.4,2610.6,Debit Card,0
101332,2023-10-11,CUST2697,Premium,West,Sports,Yoga Mat,3,2733,8199,,,,Net Banking,0
101333,2024-11-03,CUST2329,Regular,South,Apparel,Jacket,1,2294,2294,5.0,114.7,2179.3,,0
101334,2023-08-15,CUST3217,Regular,Central,Electronics,Tablet,2,20363,40726,0.0,0.0,40726.0,Net Banking,0
101335,2024-02-03,CUST3043,Regular,East,Beauty,Sunscreen,1,1459,1459,10.0,145.9,1313.1,Net Banking,0
101336,2023-08-04,CUST1321,Regular,West,Sports,Dumbbell Set,1,764,764,10.0,76.4,687.6,Debit Card,0
101337,2024-10-08,CUST2849,Premium,East,Beauty,Sunscreen,3,2319,6957,15.0,1043.55,5913.45,Credit Card,0
101338,2024-11-21,CUST1095,Regular,West,Beauty,Face Cream,1,832,832,20.0,166.4,665.6,UPI,0
101339,2023-10-18,CUST1397,New,East,Sports,Running Shoes,2,3600,7200,5.0,360.0,6840.0,Credit Card,0
101340,2024-02-10,CUST2642,Regular,West,Apparel,Jeans,3,2737,8211,5.0,410.55,7800.45,UPI,1
101341,2024-07-17,CUST2301,Regular,Central,Beauty,Perfume,2,1292,2584,5.0,129.2,2454.8,UPI,0
101342,2024-05-29,CUST2840,Regular,West,Sports,Cycling Helmet,1,6699,6699,0.0,0.0,6699.0,Cash on Delivery,0
101343,2023-06-10,CUST1402,Premium,Central,Apparel,Sneakers,1,413,413,5.0,20.65,392.35,Cash on Delivery,0
101344,2024-01-28,CUST3061,Premium,East,Sports,Running Shoes,1,5569,5569,20.0,1113.8,4455.2,Debit Card,0
101345,2023-03-24,CUST2932,Regular,Central,Sports,Cycling Helmet,1,5495,5495,5.0,274.75,5220.25,Credit Card,0
101346,2024-12-01,CUST1661,Regular,South,Electronics,Headphones,2,2988,5976,20.0,1195.2,4780.8,Net Banking,0
101347,2024-04-13,CUST1847,Premium,East,Home & Kitchen,Cookware Set,1,4073,4073,5.0,203.65,3869.35,Credit Card,0
101348,2024-08-14,CUST3048,Regular,North,Beauty,Lipstick,2,1967,3934,30.0,1180.2,2753.8,Debit Card,0
101349,2024-10-18,CUST1132,New,North,Electronics,Tablet,1,56411,56411,15.0,8461.65,47949.35,Cash on Delivery,1
101350,2024-11-29,CUST3200,Wholesale,East,Beauty,Sunscreen,1,438,438,10.0,43.8,394.2,UPI,0
101351,2023-05-04,CUST2631,Wholesale,West,Sports,Cycling Helmet,1,7280,7280,15.0,1092.0,6188.0,Credit Card,0
101352,2023-02-10,CUST2075,Premium,North,Home & Kitchen,Air Fryer,2,11109,22218,5.0,1110.9,21107.1,Net Banking,0
101353,2024-08-16,CUST1860,Premium,Central,Electronics,Laptop,1,25516,25516,15.0,3827.4,21688.6,Credit Card,0
101354,2023-09-28,CUST2064,Premium,North,Electronics,Headphones,2,43576,87152,0.0,0.0,87152.0,UPI,0
101355,2023-12-17,CUST1573,Regular,South,Home & Kitchen,Air Fryer,4,8178,32712,20.0,6542.4,26169.6,UPI,0
101356,2023-06-01,CUST1648,Premium,West,Sports,Cricket Bat,1,3471,3471,10.0,347.1,3123.9,Cash on Delivery,0
101357,2024-08-04,CUST1600,Wholesale,South,Home & Kitchen,Air Fryer,1,11830,11830,0.0,0.0,11830.0,Credit Card,0
101358,2024-09-14,CUST3393,Regular,West,Home & Kitchen,Air Fryer,1,4534,4534,5.0,226.7,4307.3,Cash on Delivery,0
101359,2023-01-13,CUST2409,Regular,South,Home & Kitchen,Vacuum Cleaner,3,9267,27801,0.0,0.0,27801.0,Credit Card,1
101360,2024-10-21,CUST1692,Regular,West,Apparel,Dress,1,2452,2452,10.0,245.2,2206.8,Net Banking,0
101361,2024-06-21,CUST1614,Regular,Central,Beauty,Shampoo,1,415,415,5.0,20.75,394.25,Credit Card,0
101362,2023-10-12,CUST1049,Premium,North,Sports,Yoga Mat,1,4262,4262,20.0,852.4,3409.6,Credit Card,0
101363,2024-06-20,CUST1275,Regular,East,Apparel,Jeans,1,3120,3120,0.0,0.0,3120.0,Debit Card,0
101364,2023-10-05,CUST2015,Regular,North,Sports,Cycling Helmet,1,7036,7036,0.0,0.0,7036.0,UPI,1
101365,2023-09-08,CUST3495,Regular,South,Home & Kitchen,Cookware Set,4,4815,19260,10.0,1926.0,17334.0,UPI,0
101366,2023-09-30,CUST1249,Regular,Central,Sports,Cricket Bat,1,7923,7923,5.0,396.15,7526.85,UPI,0
101367,2023-08-01,CUST1209,Regular,West,Apparel,Jeans,1,3519,3519,0.0,0.0,3519.0,Debit Card,0
101368,2023-11-23,CUST1880,Regular,Central,Electronics,Laptop,1,32845,32845,5.0,1642.25,31202.75,Debit Card,0
101369,2024-09-04,CUST2813,Regular,South,Beauty,Perfume,2,1910,3820,0.0,0.0,3820.0,UPI,0
101370,2024-10-20,CUST2108,Premium,South,Apparel,Dress,1,3000,3000,10.0,300.0,2700.0,Debit Card,0
101371,2024-05-19,CUST2019,Regular,Central,Apparel,Jacket,3,2379,7137,5.0,356.85,6780.15,UPI,0
101372,2023-12-16,CUST2997,Regular,South,Home & Kitchen,Bedsheet Set,1,11055,11055,5.0,552.75,10502.25,Debit Card,0
101373,2023-01-07,CUST1387,Premium,West,Home & Kitchen,Bedsheet Set,1,3472,3472,15.0,520.8,2951.2,UPI,0
101374,2024-03-29,CUST2250,Regular,East,Home & Kitchen,Bedsheet Set,2,3971,7942,0.0,0.0,7942.0,Net Banking,0
101375,2023-11-24,CUST1786,Premium,South,Sports,Running Shoes,2,5177,10354,30.0,3106.2,7247.8,UPI,0
101376,2024-02-10,CUST2707,Wholesale,Central,Apparel,Jeans,2,3113,6226,5.0,311.3,5914.7,UPI,0
101377,2023-10-03,CUST2291,Wholesale,South,Apparel,Jacket,2,3907,7814,0.0,0.0,7814.0,Debit Card,0
101378,2024-04-05,CUST2674,Regular,West,Home & Kitchen,Air Fryer,1,7634,7634,10.0,763.4,6870.6,Cash on Delivery,0
101379,2023-12-29,CUST2529,Premium,East,Apparel,Sneakers,1,1523,1523,0.0,0.0,1523.0,UPI,0
101380,2023-01-25,CUST3060,New,East,Home & Kitchen,Air Fryer,1,6136,6136,5.0,306.8,5829.2,Credit Card,0
101381,2024-03-26,CUST2924,Wholesale,South,Home & Kitchen,Mixer Grinder,1,3428,3428,10.0,342.8,3085.2,Cash on Delivery,0
101382,2023-02-17,CUST2130,Regular,South,Beauty,Lipstick,1,1686,1686,30.0,505.8,1180.2,UPI,0
101383,2024-07-04,CUST2694,Regular,North,Home & Kitchen,Air Fryer,3,8530,25590,10.0,2559.0,23031.0,Net Banking,0
101384,2023-06-05,CUST3238,New,North,Apparel,Dress,1,2751,2751,15.0,412.65,2338.35,Net Banking,0
101385,2024-11-07,CUST2285,Regular,North,Home & Kitchen,Bedsheet Set,1,5574,5574,10.0,557.4,5016.6,UPI,0
101386,2024-01-05,CUST2060,Regular,East,Beauty,Shampoo,2,1082,2164,5.0,108.2,2055.8,UPI,0
101387,2023-09-19,CUST1196,New,Central,Sports,Yoga Mat,1,4000,4000,0.0,0.0,4000.0,Cash on Delivery,0
101388,2024-06-25,CUST2339,Regular,North,Electronics,Tablet,3,25976,77928,0.0,0.0,77928.0,UPI,0
101389,2024-07-05,CUST3286,Premium,Central,Beauty,Perfume,2,424,848,15.0,127.2,720.8,Net Banking,0
101390,2023-04-26,CUST1299,Premium,West,Sports,Dumbbell Set,1,4337,4337,5.0,216.85,4120.15,Cash on Delivery,0
101391,2024-12-01,CUST2859,Premium,West,Beauty,Perfume,1,1503,1503,30.0,450.9,1052.1,UPI,0
101392,2024-06-24,CUST1922,Regular,West,Beauty,Face Cream,2,176,352,15.0,52.8,299.2,,0
101393,2023-11-27,CUST3352,Premium,Central,Beauty,Shampoo,1,1487,1487,10.0,148.7,1338.3,UPI,0
101394,2023-12-30,CUST3465,Regular,North,Sports,Dumbbell Set,1,3027,3027,5.0,151.35,2875.65,Cash on Delivery,0
101395,2023-02-10,CUST1668,New,East,Apparel,Dress,2,683,1366,10.0,136.6,1229.4,Credit Card,0
101396,2024-03-10,CUST1504,Regular,North,Home & Kitchen,Cookware Set,2,6621,13242,10.0,1324.2,11917.8,Credit Card,0
101397,2024-01-20,CUST1842,Regular,North,Electronics,Smartwatch,1,58354,58354,10.0,5835.4,52518.6,Debit Card,0
101398,2024-01-25,CUST3003,New,West,Sports,Yoga Mat,1,1496,1496,30.0,448.8,1047.2,UPI,0
101399,2024-09-11,CUST3083,Regular,East,Home & Kitchen,Vacuum Cleaner,1,4246,4246,30.0,1273.8,2972.2,Debit Card,0
101400,2023-04-25,CUST2269,New,West,Beauty,Face Cream,1,1789,1789,20.0,357.8,1431.2,Debit Card,1
101401,2023-03-08,CUST2125,Wholesale,East,Beauty,Perfume,1,1746,1746,5.0,87.3,1658.7,Debit Card,0
101402,2024-10-24,CUST1574,Regular,North,Home & Kitchen,Mixer Grinder,1,4879,4879,,,,Credit Card,1
101403,2024-12-12,CUST2717,Premium,South,Beauty,Face Cream,1,1350,1350,20.0,270.0,1080.0,UPI,0
101404,2023-06-26,CUST1665,Regular,West,Apparel,Dress,1,3439,3439,0.0,0.0,3439.0,Debit Card,0
101405,2023-01-31,CUST1116,Regular,North,Beauty,Shampoo,5,1678,8390,5.0,419.5,7970.5,UPI,0
101406,2023-01-27,CUST3451,Premium,North,Home & Kitchen,Mixer Grinder,3,1360,4080,30.0,1224.0,2856.0,UPI,0
101407,2024-06-21,CUST2948,Regular,South,Apparel,Jeans,1,461,461,0.0,0.0,461.0,Debit Card,0
101408,2024-04-20,CUST2052,Regular,West,Beauty,Sunscreen,2,152,304,10.0,30.4,273.6,UPI,0
101409,2023-05-12,CUST3339,New,North,Home & Kitchen,Bedsheet Set,1,11751,11751,10.0,1175.1,10575.9,Debit Card,0
101410,2023-07-20,CUST2654,Regular,Central,Apparel,Jeans,1,931,931,30.0,279.3,651.7,Debit Card,0
101411,2023-10-17,CUST2892,Wholesale,Central,Sports,Yoga Mat,3,6480,19440,30.0,5832.0,13608.0,UPI,0
101412,2024-11-15,CUST3373,Premium,South,Sports,Cycling Helmet,1,3186,3186,5.0,159.3,3026.7,UPI,0
101413,2023-02-05,CUST1974,Regular,South,Beauty,Face Cream,2,208,416,0.0,0.0,416.0,Cash on Delivery,0
101414,2023-06-15,CUST3364,Wholesale,West,Beauty,Perfume,1,2131,2131,20.0,426.2,1704.8,UPI,0
101415,2024-02-20,CUST3107,New,West,Beauty,Shampoo,1,2385,2385,0.0,0.0,2385.0,UPI,0
101416,2023-12-12,CUST2402,Regular,West,Home & Kitchen,Cookware Set,4,8784,35136,5.0,1756.8,33379.2,Credit Card,1
101417,2024-06-15,CUST2873,Premium,Central,Home & Kitchen,Mixer Grinder,1,7788,7788,5.0,389.4,7398.6,UPI,0
101418,2023-04-24,CUST1339,Wholesale,South,Electronics,Tablet,2,48207,96414,0.0,0.0,96414.0,UPI,0
101419,2024-05-31,CUST1813,Regular,Central,Apparel,Sneakers,2,2492,4984,15.0,747.6,4236.4,UPI,0
101420,2023-12-29,CUST3209,Regular,South,Sports,Cycling Helmet,4,4801,19204,15.0,2880.6,16323.4,Cash on Delivery,0
101421,2023-08-24,CUST1622,Regular,South,Sports,Dumbbell Set,1,5701,5701,10.0,570.1,5130.9,UPI,0
101422,2024-07-07,CUST2725,New,South,Sports,Running Shoes,2,3783,7566,20.0,1513.2,6052.8,Debit Card,0
101423,2024-05-02,CUST2276,New,East,Beauty,Perfume,1,151,151,0.0,0.0,151.0,Credit Card,0
101424,2023-08-02,CUST1993,New,East,Sports,Cycling Helmet,2,1677,3354,15.0,503.1,2850.9,Debit Card,0
101425,2024-02-05,CUST2131,Premium,South,Apparel,Sneakers,1,2822,2822,5.0,141.1,2680.9,Cash on Delivery,0
101426,2023-05-24,CUST2341,Regular,Central,Beauty,Face Cream,1,771,771,5.0,38.55,732.45,Debit Card,0
101427,2023-01-12,CUST1511,Premium,North,Electronics,Tablet,3,21892,65676,0.0,0.0,65676.0,Net Banking,0
101428,2024-07-08,CUST1462,New,West,Sports,Running Shoes,1,835,835,20.0,167.0,668.0,Credit Card,0
101429,2024-10-03,CUST3471,Regular,South,Beauty,Lipstick,1,1342,1342,10.0,134.2,1207.8,Credit Card,0
101430,2024-09-05,CUST1232,Regular,Central,Home & Kitchen,Cookware Set,1,11693,11693,5.0,584.65,11108.35,Debit Card,0
101431,2024-10-15,CUST2029,New,South,Electronics,Headphones,1,56702,56702,15.0,8505.3,48196.7,Cash on Delivery,0
101432,2024-01-01,CUST2088,New,Central,Electronics,Smartphone,2,8127,16254,15.0,2438.1,13815.9,Credit Card,0
101433,2023-04-17,CUST2567,Wholesale,South,Beauty,Sunscreen,1,1689,1689,10.0,168.9,1520.1,Net Banking,0
101434,2023-02-13,CUST1977,Premium,East,Sports,Yoga Mat,2,5215,10430,20.0,2086.0,8344.0,Credit Card,0
101435,2024-01-05,CUST2887,Regular,South,Sports,Cycling Helmet,1,3345,3345,10.0,334.5,3010.5,Debit Card,0
101436,2024-08-10,CUST1740,Wholesale,South,Sports,Yoga Mat,1,5981,5981,0.0,0.0,5981.0,Cash on Delivery,1
101437,2023-01-25,CUST2409,Regular,Central,Home & Kitchen,Mixer Grinder,1,1264,1264,30.0,379.2,884.8,UPI,0
101438,2023-12-27,CUST1657,New,East,Apparel,Jacket,2,3610,7220,10.0,722.0,6498.0,UPI,0
101439,2023-08-03,CUST1364,Premium,South,Sports,Cycling Helmet,1,6897,6897,0.0,0.0,6897.0,Debit Card,0
101440,2023-12-08,CUST1370,New,South,Home & Kitchen,Bedsheet Set,1,4528,4528,15.0,679.2,3848.8,Cash on Delivery,0
101441,2024-10-16,CUST2988,Regular,West,Beauty,Perfume,1,912,912,15.0,136.8,775.2,UPI,0
101442,2023-12-26,CUST2271,Regular,South,Home & Kitchen,Air Fryer,1,3408,3408,,,,Net Banking,0
101443,2024-06-02,CUST1382,Premium,South,Sports,Cricket Bat,1,3760,3760,10.0,376.0,3384.0,Credit Card,0
101444,2023-04-03,CUST2577,New,North,Sports,Running Shoes,1,4864,4864,0.0,0.0,4864.0,Credit Card,0
101445,2023-04-17,CUST1634,Premium,East,Home & Kitchen,Bedsheet Set,1,6105,6105,0.0,0.0,6105.0,Net Banking,0
101446,2024-11-14,CUST1884,Regular,Central,Home & Kitchen,Mixer Grinder,1,4387,4387,0.0,0.0,4387.0,Credit Card,0
101447,2023-05-29,CUST3326,New,North,Electronics,Headphones,1,17469,17469,0.0,0.0,17469.0,Credit Card,0
101448,2023-07-16,CUST2585,Premium,North,Beauty,Shampoo,2,1786,3572,5.0,178.6,3393.4,UPI,0
101449,2023-09-25,CUST1550,Regular,South,Home & Kitchen,Vacuum Cleaner,2,6772,13544,0.0,0.0,13544.0,Credit Card,0
101450,2023-11-26,CUST3474,Premium,East,Apparel,Dress,2,927,1854,15.0,278.1,1575.9,Cash on Delivery,0
101451,2023-08-22,CUST2793,New,Central,Home & Kitchen,Bedsheet Set,1,8423,8423,0.0,0.0,8423.0,UPI,0
101452,2024-05-24,CUST2423,Premium,West,Sports,Running Shoes,2,4173,8346,15.0,1251.9,7094.1,UPI,0
101453,2024-05-03,CUST1112,Regular,West,Apparel,T-Shirt,3,1851,5553,10.0,555.3,4997.7,Cash on Delivery,0
101454,2024-12-31,CUST2247,Premium,Central,Sports,Running Shoes,2,2262,4524,5.0,226.2,4297.8,UPI,0
101455,2023-12-05,CUST3403,New,Central,Apparel,Dress,1,3987,3987,10.0,398.7,3588.3,Credit Card,0
101456,2023-11-19,CUST3169,New,North,Electronics,Tablet,1,4971,4971,10.0,497.1,4473.9,UPI,1
101457,2024-02-28,CUST1489,Regular,South,Apparel,Jeans,2,2863,5726,10.0,572.6,5153.4,UPI,0
101458,2023-12-06,CUST2406,Regular,South,Electronics,Smartphone,1,27947,27947,5.0,1397.35,26549.65,Credit Card,0
101459,2023-07-07,CUST1821,Regular,North,Electronics,Headphones,1,24775,24775,0.0,0.0,24775.0,Debit Card,0
101460,2023-08-21,CUST3281,New,Central,Home & Kitchen,Mixer Grinder,1,2340,2340,,,,UPI,0
101461,2023-03-02,CUST3326,Premium,North,Home & Kitchen,Mixer Grinder,3,9469,28407,0.0,0.0,28407.0,Credit Card,0
101462,2024-07-30,CUST1397,Regular,West,Home & Kitchen,Mixer Grinder,1,11228,11228,0.0,0.0,11228.0,Credit Card,0
101463,2024-11-30,CUST3078,Regular,East,Apparel,Dress,1,2751,2751,30.0,825.3,1925.7,Cash on Delivery,0
101464,2023-06-02,CUST1441,Regular,West,Beauty,Face Cream,3,642,1926,5.0,96.3,1829.7,UPI,0
101465,2023-12-24,CUST2381,Premium,East,Apparel,Dress,2,1085,2170,0.0,0.0,2170.0,Credit Card,0
101466,2024-04-10,CUST1980,Regular,Central,Sports,Running Shoes,2,1036,2072,5.0,103.6,1968.4,UPI,0
101467,2024-05-17,CUST3421,Premium,North,Apparel,Sneakers,1,1867,1867,15.0,280.05,1586.95,UPI,0
101468,2023-04-12,CUST2614,Wholesale,East,Sports,Yoga Mat,3,5112,15336,5.0,766.8,14569.2,Debit Card,0
101469,2024-07-13,CUST2782,Regular,North,Apparel,Jacket,1,954,954,15.0,143.1,810.9,UPI,0
101470,2024-01-22,CUST3038,New,West,Electronics,Smartwatch,1,3061,3061,10.0,306.1,2754.9,Debit Card,0
101471,2023-10-22,CUST3339,Wholesale,North,Electronics,Tablet,1,55977,55977,20.0,11195.4,44781.6,UPI,0
101472,2024-07-09,CUST2440,Regular,West,Apparel,Jacket,1,596,596,5.0,29.8,566.2,Credit Card,0
101473,2024-07-04,CUST1878,Premium,West,Electronics,Smartwatch,1,49900,49900,10.0,4990.0,44910.0,Cash on Delivery,0
101474,2023-04-12,CUST1063,Regular,Central,Beauty,Shampoo,3,448,1344,0.0,0.0,1344.0,Debit Card,0
101475,2023-02-16,CUST2354,New,North,Beauty,Shampoo,2,169,338,5.0,16.9,321.1,Cash on Delivery,0
101476,2023-07-01,CUST2057,Premium,Central,Beauty,Shampoo,2,333,666,5.0,33.3,632.7,UPI,0
101477,2024-03-08,CUST2694,Regular,North,Sports,Cricket Bat,2,3852,7704,10.0,770.4,6933.6,Debit Card,0
101478,2024-01-22,CUST1171,Premium,Central,Home & Kitchen,Cookware Set,2,8798,17596,,,,UPI,0
101479,2024-12-13,CUST3001,Regular,West,Beauty,Shampoo,1,438,438,15.0,65.7,372.3,Cash on Delivery,0
101480,2023-03-10,CUST3335,Regular,Central,Apparel,Dress,1,1085,1085,5.0,54.25,1030.75,UPI,0
101481,2023-09-25,CUST3122,Regular,East,Electronics,Smartphone,1,27380,27380,15.0,4107.0,23273.0,UPI,0
101482,2023-02-06,CUST1276,Premium,West,Beauty,Lipstick,1,305,305,0.0,0.0,305.0,UPI,0
101483,2023-09-05,CUST3062,Premium,Central,Beauty,Sunscreen,1,1960,1960,5.0,98.0,1862.0,UPI,0
101484,2023-07-13,CUST1718,Wholesale,North,Apparel,Jacket,4,2729,10916,15.0,1637.4,9278.6,Credit Card,0
101485,2023-12-25,CUST1922,Premium,East,Beauty,Shampoo,2,1706,3412,15.0,511.8,2900.2,Debit Card,1
101486,2023-07-08,CUST3464,New,West,Apparel,Jacket,1,3353,3353,0.0,0.0,3353.0,Cash on Delivery,0
101487,2024-06-25,CUST3121,New,East,Home & Kitchen,Bedsheet Set,2,9764,19528,10.0,1952.8,17575.2,Credit Card,0
101488,2024-07-01,CUST1957,New,East,Electronics,Tablet,2,48717,97434,10.0,9743.4,87690.6,UPI,0
101489,2023-01-07,CUST1144,Wholesale,North,Beauty,Face Cream,1,2472,2472,0.0,0.0,2472.0,Credit Card,0
101490,2024-07-31,CUST2584,Premium,East,Sports,Yoga Mat,3,5782,17346,5.0,867.3,16478.7,UPI,0
101491,2024-04-05,CUST3197,Regular,East,Apparel,Sneakers,4,1424,5696,5.0,284.8,5411.2,Cash on Delivery,0
101492,2024-01-04,CUST1085,Wholesale,West,Apparel,Jeans,2,3009,6018,0.0,0.0,6018.0,UPI,0
101493,2024-03-18,CUST2445,Premium,North,Home & Kitchen,Cookware Set,1,7523,7523,10.0,752.3,6770.7,UPI,0
101494,2023-08-02,CUST2383,New,East,Beauty,Lipstick,1,2002,2002,5.0,100.1,1901.9,UPI,0
101495,2023-11-30,CUST2488,Premium,East,Beauty,Shampoo,2,1157,2314,15.0,347.1,1966.9,Debit Card,0
101496,2024-04-19,CUST2852,Premium,North,Sports,Running Shoes,1,3718,3718,5.0,185.9,3532.1,UPI,0
101497,2023-11-04,CUST3119,New,South,Sports,Running Shoes,1,5019,5019,20.0,1003.8,4015.2,Debit Card,0
101498,2024-03-18,CUST3307,Premium,East,Apparel,Sneakers,2,3242,6484,5.0,324.2,6159.8,UPI,1
101499,2023-06-09,CUST1534,Premium,West,Beauty,Sunscreen,1,767,767,5.0,38.35,728.65,UPI,0
101500,2024-05-13,CUST1087,Premium,South,Home & Kitchen,Bedsheet Set,5,9493,47465,0.0,0.0,47465.0,UPI,0
101501,2023-01-09,CUST2259,Premium,Central,Electronics,Headphones,1,57376,57376,10.0,5737.6,51638.4,Net Banking,0
101502,2023-03-09,CUST1415,Premium,South,Home & Kitchen,Bedsheet Set,2,8117,16234,0.0,0.0,16234.0,Credit Card,0
101503,2024-07-29,CUST3262,Regular,North,Apparel,Jeans,1,2100,2100,0.0,0.0,2100.0,UPI,0
101504,2024-10-05,CUST1397,Premium,North,Beauty,Perfume,3,614,1842,15.0,276.3,1565.7,UPI,0
101505,2023-02-10,CUST2484,Regular,East,Apparel,Sneakers,1,1953,1953,,,,Debit Card,0
101506,2024-03-27,CUST1348,New,South,Sports,Cycling Helmet,3,6003,18009,5.0,900.45,17108.55,Credit Card,0
101507,2024-01-14,CUST1807,New,North,Electronics,Laptop,1,10343,10343,0.0,0.0,10343.0,Net Banking,0
101508,2024-10-11,CUST3417,Regular,Central,Home & Kitchen,Vacuum Cleaner,1,2161,2161,10.0,216.1,1944.9,Credit Card,0
101509,2024-03-03,CUST1096,Premium,Central,Apparel,Jacket,1,1435,1435,0.0,0.0,1435.0,Cash on Delivery,0
101510,2024-05-16,CUST1165,Wholesale,East,Home & Kitchen,Cookware Set,1,4712,4712,0.0,0.0,4712.0,Cash on Delivery,0
101511,2023-10-07,CUST3349,New,Central,Beauty,Face Cream,1,685,685,15.0,102.75,582.25,Net Banking,0
101512,2023-01-20,CUST2536,Premium,South,Home & Kitchen,Air Fryer,1,7026,7026,20.0,1405.2,5620.8,UPI,0
101513,2023-12-10,CUST2071,Premium,South,Home & Kitchen,Bedsheet Set,2,7755,15510,20.0,3102.0,12408.0,Credit Card,0
101514,2024-07-19,CUST2305,Regular,West,Apparel,Sneakers,1,1492,1492,5.0,74.6,1417.4,UPI,0
101515,2024-06-05,CUST3342,Regular,South,Electronics,Smartphone,5,54633,273165,0.0,0.0,273165.0,Credit Card,0
101516,2023-08-31,CUST3386,Regular,South,Electronics,Smartphone,2,2132,4264,10.0,426.4,3837.6,Credit Card,0
101517,2024-10-03,CUST1332,Regular,South,Beauty,Perfume,1,649,649,15.0,97.35,551.65,Cash on Delivery,0
101518,2023-07-10,CUST3168,New,South,Electronics,Smartphone,1,1751,1751,0.0,0.0,1751.0,UPI,0
101519,2023-07-17,CUST1250,New,South,Beauty,Shampoo,1,912,912,10.0,91.2,820.8,Cash on Delivery,0
101520,2024-03-29,CUST1775,Premium,South,Apparel,Dress,5,725,3625,20.0,725.0,2900.0,Debit Card,0
101521,2024-12-17,CUST2215,Premium,Central,Electronics,Smartphone,3,13833,41499,10.0,4149.9,37349.1,Debit Card,1
101522,2024-09-07,CUST3173,Premium,South,Beauty,Sunscreen,4,1897,7588,0.0,0.0,7588.0,Net Banking,0
101523,2023-01-08,CUST1247,Regular,East,Home & Kitchen,Vacuum Cleaner,2,1859,3718,10.0,371.8,3346.2,Net Banking,0
101524,2024-09-26,CUST2480,Premium,East,Beauty,Face Cream,1,199,199,30.0,59.7,139.3,Credit Card,0
101525,2024-12-15,CUST3046,Regular,West,Sports,Yoga Mat,1,3433,3433,10.0,343.3,3089.7,Credit Card,0
101526,2023-11-04,CUST2678,Premium,East,Beauty,Perfume,1,1084,1084,5.0,54.2,1029.8,UPI,0
101527,2024-04-21,CUST1581,Premium,Central,Beauty,Perfume,1,2049,2049,20.0,409.8,1639.2,Debit Card,0
101528,2024-01-30,CUST1057,Regular,West,Beauty,Face Cream,3,1712,5136,20.0,1027.2,4108.8,Cash on Delivery,0
101529,2024-03-20,CUST2381,Regular,South,Apparel,Jeans,3,1153,3459,0.0,0.0,3459.0,UPI,0
101530,2023-07-22,CUST3044,Regular,South,Electronics,Smartwatch,2,27205,54410,10.0,5441.0,48969.0,UPI,0
101531,2024-03-19,CUST2952,Regular,South,Beauty,Shampoo,2,1597,3194,15.0,479.1,2714.9,UPI,0
101532,2024-09-14,CUST1649,Regular,West,Home & Kitchen,Cookware Set,3,8897,26691,20.0,5338.2,21352.8,Cash on Delivery,0
101533,2023-12-13,CUST1524,New,Central,Home & Kitchen,Bedsheet Set,1,2796,2796,20.0,559.2,2236.8,Cash on Delivery,1
101534,2024-01-14,CUST1956,Premium,West,Sports,Running Shoes,1,3916,3916,10.0,391.6,3524.4,Cash on Delivery,0
101535,2023-11-17,CUST2318,Regular,Central,Beauty,Perfume,2,1506,3012,20.0,602.4,2409.6,Credit Card,0
101536,2024-10-09,CUST2924,Wholesale,Central,Sports,Dumbbell Set,1,7162,7162,0.0,0.0,7162.0,UPI,0
101537,2023-01-20,CUST2895,Wholesale,East,Home & Kitchen,Bedsheet Set,1,7093,7093,0.0,0.0,7093.0,Cash on Delivery,0
101538,2024-09-09,CUST1241,Regular,East,Home & Kitchen,Mixer Grinder,4,3965,15860,5.0,793.0,15067.0,Cash on Delivery,0
101539,2024-04-30,CUST2117,New,South,Apparel,Jeans,1,412,412,20.0,82.4,329.6,Credit Card,0
101540,2023-11-24,CUST1248,Regular,West,Beauty,Perfume,1,920,920,15.0,138.0,782.0,UPI,0
101541,2023-07-19,CUST2069,Premium,South,Sports,Cycling Helmet,2,6239,12478,5.0,623.9,11854.1,,0
101542,2023-07-29,CUST1604,Premium,East,Apparel,Jacket,1,518,518,0.0,0.0,518.0,UPI,0
101543,2024-04-02,CUST1810,Regular,South,Beauty,Sunscreen,1,1436,1436,0.0,0.0,1436.0,Net Banking,0
101544,2024-12-24,CUST2337,Regular,West,Sports,Running Shoes,1,3144,3144,15.0,471.6,2672.4,Credit Card,0
101545,2024-07-19,CUST2620,Regular,West,Beauty,Perfume,1,2403,2403,0.0,0.0,2403.0,UPI,0
101546,2023-07-02,CUST3095,Premium,South,Home & Kitchen,Bedsheet Set,1,1365,1365,15.0,204.75,1160.25,Debit Card,0
101547,2023-02-27,CUST1962,Premium,South,Apparel,Sneakers,1,678,678,5.0,33.9,644.1,UPI,1
101548,2023-04-05,CUST1254,Regular,West,Home & Kitchen,Vacuum Cleaner,2,7560,15120,10.0,1512.0,13608.0,Cash on Delivery,0
101549,2024-06-21,CUST2068,Regular,South,Beauty,Lipstick,1,516,516,10.0,51.6,464.4,Credit Card,0
101550,2023-08-21,CUST2960,Wholesale,Central,Apparel,T-Shirt,3,3199,9597,20.0,1919.4,7677.6,Cash on Delivery,0
101551,2023-02-13,CUST2621,Premium,South,Electronics,Laptop,1,51210,51210,15.0,7681.5,43528.5,Cash on Delivery,0
101552,2023-01-20,CUST1147,New,South,Sports,Cricket Bat,1,5005,5005,0.0,0.0,5005.0,UPI,0
101553,2023-08-02,CUST1672,Regular,West,Apparel,Dress,1,429,429,15.0,64.35,364.65,Debit Card,0
101554,2024-02-11,CUST1654,New,West,Apparel,Jeans,3,430,1290,10.0,129.0,1161.0,UPI,0
101555,2023-07-26,CUST1118,Wholesale,North,Sports,Cricket Bat,1,3716,3716,5.0,185.8,3530.2,Net Banking,0
101556,2024-04-01,CUST1842,New,West,Sports,Cycling Helmet,2,1423,2846,5.0,142.3,2703.7,Credit Card,0
101557,2023-07-24,CUST2899,Wholesale,East,Sports,Cricket Bat,1,7763,7763,10.0,776.3,6986.7,UPI,0
101558,2023-02-25,CUST1741,New,Central,Apparel,Dress,5,3855,19275,,,,,0
101559,2023-12-08,CUST3013,New,West,Apparel,Sneakers,1,1991,1991,20.0,398.2,1592.8,UPI,0
101560,2024-05-06,CUST1127,New,North,Sports,Cycling Helmet,1,1136,1136,20.0,227.2,908.8,Cash on Delivery,0
101561,2024-09-26,CUST1398,New,East,Electronics,Smartphone,1,19472,19472,0.0,0.0,19472.0,Credit Card,0
101562,2023-02-24,CUST2218,New,East,Home & Kitchen,Cookware Set,2,7733,15466,15.0,2319.9,13146.1,Net Banking,0
101563,2023-02-05,CUST1124,New,North,Electronics,Headphones,1,10795,10795,10.0,1079.5,9715.5,UPI,0
101564,2024-05-02,CUST2118,Regular,Central,Apparel,T-Shirt,1,752,752,10.0,75.2,676.8,UPI,0
101565,2023-10-04,CUST1152,New,East,Electronics,Tablet,1,32939,32939,15.0,4940.85,27998.15,Cash on Delivery,0
101566,2024-05-24,CUST2150,Wholesale,Central,Beauty,Lipstick,2,330,660,5.0,33.0,627.0,UPI,0
101567,2024-12-27,CUST1961,Premium,North,Home & Kitchen,Air Fryer,1,5179,5179,15.0,776.85,4402.15,Credit Card,0
101568,2024-12-07,CUST1948,Regular,East,Beauty,Face Cream,1,1933,1933,5.0,96.65,1836.35,UPI,0
101569,2023-02-18,CUST2520,Premium,North,Home & Kitchen,Vacuum Cleaner,2,6817,13634,15.0,2045.1,11588.9,UPI,0
101570,2024-07-18,CUST2914,Regular,East,Sports,Dumbbell Set,1,3834,3834,10.0,383.4,3450.6,Debit Card,0
101571,2023-12-22,CUST3466,Premium,Central,Home & Kitchen,Cookware Set,1,8902,8902,30.0,2670.6,6231.4,Debit Card,0
101572,2023-09-17,CUST1175,New,South,Apparel,Jacket,3,3043,9129,15.0,1369.35,7759.65,Credit Card,0
101573,2023-12-18,CUST1843,Regular,West,Sports,Dumbbell Set,1,7472,7472,20.0,1494.4,5977.6,UPI,0
101574,2024-12-10,CUST1016,New,North,Beauty,Face Cream,1,2203,2203,5.0,110.15,2092.85,UPI,0
101575,2023-09-18,CUST2529,Regular,East,Sports,Dumbbell Set,2,1457,2914,5.0,145.7,2768.3,Cash on Delivery,0
101576,2024-07-15,CUST1435,Premium,South,Beauty,Sunscreen,1,1047,1047,20.0,209.4,837.6,UPI,0
101577,2023-08-20,CUST1441,New,South,Beauty,Shampoo,1,152,152,10.0,15.2,136.8,Debit Card,0
101578,2024-05-22,CUST1395,Premium,West,Apparel,T-Shirt,4,1655,6620,20.0,1324.0,5296.0,Cash on Delivery,0
101579,2023-07-15,CUST1274,Regular,East,Electronics,Smartphone,2,3538,7076,20.0,1415.2,5660.8,Credit Card,0
101580,2023-09-17,CUST2588,New,Central,Beauty,Face Cream,3,1800,5400,0.0,0.0,5400.0,Cash on Delivery,0
101581,2024-01-19,CUST3012,Regular,North,Apparel,Jacket,3,2936,8808,20.0,1761.6,7046.4,Debit Card,0
101582,2023-02-02,CUST1401,Regular,North,Beauty,Perfume,1,2089,2089,10.0,208.9,1880.1,UPI,0
101583,2024-03-08,CUST1355,Regular,South,Sports,Cycling Helmet,1,3612,3612,5.0,180.6,3431.4,Debit Card,0
101584,2024-05-01,CUST3472,Regular,Central,Home & Kitchen,Bedsheet Set,2,4820,9640,10.0,964.0,8676.0,Credit Card,0
101585,2024-04-25,CUST1525,Premium,South,Electronics,Headphones,2,21803,43606,0.0,0.0,43606.0,,0
101586,2024-08-30,CUST3194,Premium,East,Electronics,Tablet,2,30626,61252,10.0,6125.2,55126.8,UPI,0
101587,2024-10-31,CUST1666,New,East,Electronics,Headphones,1,39881,39881,10.0,3988.1,35892.9,Credit Card,0
101588,2023-02-10,CUST2020,Premium,Central,Home & Kitchen,Bedsheet Set,1,2596,2596,20.0,519.2,2076.8,UPI,0
101589,2023-01-06,CUST3390,Wholesale,Central,Beauty,Shampoo,4,1388,5552,5.0,277.6,5274.4,UPI,0
101590,2024-05-20,CUST3478,Regular,South,Apparel,Sneakers,2,3270,6540,0.0,0.0,6540.0,Debit Card,0
101591,2024-07-30,CUST3226,Regular,North,Electronics,Smartwatch,1,34015,34015,5.0,1700.75,32314.25,UPI,0
101592,2023-04-19,CUST2076,Regular,North,Beauty,Lipstick,4,2432,9728,0.0,0.0,9728.0,Credit Card,1
101593,2024-11-11,CUST1765,Premium,West,Home & Kitchen,Air Fryer,3,4785,14355,,,,Debit Card,0
101594,2024-11-11,CUST1759,Premium,West,Apparel,Sneakers,1,2636,2636,15.0,395.4,2240.6,Cash on Delivery,0
101595,2024-08-19,CUST2600,Regular,South,Beauty,Face Cream,3,979,2937,5.0,146.85,2790.15,Debit Card,0
101596,2023-01-12,CUST1036,Regular,South,Home & Kitchen,Mixer Grinder,1,999,999,5.0,49.95,949.05,UPI,0
101597,2023-11-07,CUST1877,New,West,Apparel,Jacket,1,3924,3924,10.0,392.4,3531.6,UPI,0
101598,2023-04-12,CUST1520,Regular,North,Apparel,Sneakers,3,2994,8982,0.0,0.0,8982.0,Cash on Delivery,0
101599,2024-06-06,CUST2481,New,South,Apparel,T-Shirt,1,2502,2502,15.0,375.3,2126.7,Credit Card,0
101600,2023-08-19,CUST1788,Regular,South,Home & Kitchen,Air Fryer,1,7875,7875,0.0,0.0,7875.0,Credit Card,0
101601,2024-11-18,CUST2665,New,North,Home & Kitchen,Air Fryer,1,4481,4481,15.0,672.15,3808.85,UPI,0
101602,2024-10-23,CUST2709,Premium,West,Apparel,Jeans,2,2535,5070,15.0,760.5,4309.5,UPI,0
101603,2023-03-09,CUST2398,Regular,Central,Sports,Yoga Mat,3,3527,10581,10.0,1058.1,9522.9,Cash on Delivery,0
101604,2023-11-07,CUST3414,Regular,West,Sports,Cycling Helmet,1,4495,4495,10.0,449.5,4045.5,Credit Card,0
101605,2024-12-12,CUST2402,Regular,South,Sports,Cycling Helmet,3,4344,13032,0.0,0.0,13032.0,Debit Card,0
101606,2024-06-29,CUST1933,Premium,North,Sports,Cycling Helmet,2,2722,5444,0.0,0.0,5444.0,UPI,0
101607,2023-11-17,CUST2685,Regular,Central,Home & Kitchen,Cookware Set,1,6510,6510,15.0,976.5,5533.5,Credit Card,0
101608,2023-10-13,CUST2208,Regular,South,Home & Kitchen,Bedsheet Set,2,11598,23196,20.0,4639.2,18556.8,Credit Card,0
101609,2023-07-14,CUST2193,Regular,East,Home & Kitchen,Bedsheet Set,1,4149,4149,0.0,0.0,4149.0,UPI,0
101610,2024-10-15,CUST2535,Premium,East,Apparel,Jeans,1,3635,3635,15.0,545.25,3089.75,Cash on Delivery,0
101611,2023-09-09,CUST1295,Regular,East,Beauty,Lipstick,1,2030,2030,5.0,101.5,1928.5,UPI,0
101612,2023-09-16,CUST3027,Regular,North,Electronics,Smartwatch,2,54788,109576,5.0,5478.8,104097.2,Net Banking,0
101613,2024-04-10,CUST2751,Regular,South,Sports,Cycling Helmet,2,3944,7888,20.0,1577.6,6310.4,Credit Card,0
101614,2024-10-05,CUST2480,Regular,East,Beauty,Sunscreen,1,1734,1734,10.0,173.4,1560.6,Credit Card,0
101615,2023-02-25,CUST2733,Premium,East,Electronics,Smartphone,1,19676,19676,5.0,983.8,18692.2,UPI,0
101616,2023-07-29,CUST1985,Regular,Central,Electronics,Tablet,3,5424,16272,5.0,813.6,15458.4,Credit Card,0
101617,2023-08-25,CUST3267,New,South,Apparel,Dress,3,2737,8211,15.0,1231.65,6979.35,Credit Card,0
101618,2024-08-21,CUST1373,New,West,Home & Kitchen,Cookware Set,1,7079,7079,0.0,0.0,7079.0,UPI,0
101619,2024-08-07,CUST2882,Premium,South,Sports,Cricket Bat,3,2516,7548,0.0,0.0,7548.0,UPI,0
101620,2024-09-16,CUST3456,Premium,East,Apparel,Jeans,1,1544,1544,0.0,0.0,1544.0,UPI,0
101621,2024-01-31,CUST2574,Premium,West,Beauty,Shampoo,2,1823,3646,0.0,0.0,3646.0,Net Banking,1
101622,2024-09-21,CUST3146,Regular,West,Beauty,Face Cream,1,990,990,0.0,0.0,990.0,UPI,0
101623,2023-12-17,CUST1591,New,East,Home & Kitchen,Mixer Grinder,2,10886,21772,15.0,3265.8,18506.2,Net Banking,0
101624,2024-12-21,CUST2287,Premium,South,Electronics,Tablet,1,56349,56349,20.0,11269.8,45079.2,UPI,0
101625,2023-12-28,CUST1099,Premium,South,Beauty,Perfume,1,1095,1095,0.0,0.0,1095.0,Net Banking,0
101626,2024-12-03,CUST2413,Regular,South,Sports,Dumbbell Set,2,6341,12682,5.0,634.1,12047.9,Credit Card,0
101627,2024-01-04,CUST2102,Wholesale,South,Beauty,Face Cream,2,1887,3774,20.0,754.8,3019.2,UPI,0
101628,2024-01-11,CUST1148,Wholesale,Central,Home & Kitchen,Air Fryer,1,4390,4390,10.0,439.0,3951.0,Cash on Delivery,0
101629,2024-01-26,CUST2025,Regular,Central,Home & Kitchen,Mixer Grinder,1,2274,2274,0.0,0.0,2274.0,Net Banking,0
101630,2023-03-23,CUST1761,Premium,West,Sports,Cricket Bat,5,7532,37660,5.0,1883.0,35777.0,Credit Card,0
101631,2023-08-23,CUST1720,Regular,South,Beauty,Perfume,4,1099,4396,10.0,439.6,3956.4,Debit Card,0
101632,2023-10-23,CUST1315,Regular,North,Sports,Running Shoes,1,7116,7116,10.0,711.6,6404.4,Credit Card,0
101633,2023-03-10,CUST2511,Regular,North,Electronics,Headphones,2,55061,110122,20.0,22024.4,88097.6,Credit Card,0
101634,2023-07-03,CUST1084,Wholesale,South,Apparel,Dress,1,1406,1406,0.0,0.0,1406.0,Net Banking,0
101635,2024-05-27,CUST3494,New,East,Sports,Yoga Mat,2,4342,8684,30.0,2605.2,6078.8,Net Banking,0
101636,2024-01-12,CUST3482,New,North,Sports,Cricket Bat,2,6318,12636,30.0,3790.8,8845.2,UPI,0
101637,2023-02-13,CUST2617,Premium,East,Electronics,Smartwatch,1,10406,10406,10.0,1040.6,9365.4,Credit Card,0
101638,2024-07-17,CUST2659,Regular,West,Sports,Running Shoes,2,3399,6798,5.0,339.9,6458.1,Credit Card,0
101639,2023-09-15,CUST2505,Premium,West,Sports,Running Shoes,3,7093,21279,0.0,0.0,21279.0,Credit Card,1
101640,2023-11-02,CUST1065,Regular,North,Electronics,Tablet,1,28527,28527,,,,Cash on Delivery,0
101641,2023-08-09,CUST1582,Wholesale,Central,Beauty,Shampoo,2,722,1444,0.0,0.0,1444.0,UPI,0
101642,2023-01-17,CUST2897,Regular,Central,Apparel,Sneakers,1,2393,2393,10.0,239.3,2153.7,Debit Card,1
101643,2023-05-14,CUST2583,Premium,North,Beauty,Face Cream,1,564,564,0.0,0.0,564.0,Cash on Delivery,0
101644,2024-10-31,CUST2963,Regular,South,Beauty,Face Cream,1,2249,2249,30.0,674.7,1574.3,Cash on Delivery,0
101645,2023-03-11,CUST3300,Regular,West,Home & Kitchen,Vacuum Cleaner,1,9102,9102,20.0,1820.4,7281.6,Credit Card,0
101646,2023-10-04,CUST2885,Premium,South,Electronics,Smartphone,1,34891,34891,,,,UPI,0
101647,2023-12-22,CUST2996,Regular,North,Sports,Cricket Bat,2,5297,10594,10.0,1059.4,9534.6,Net Banking,0
101648,2024-03-19,CUST2547,Wholesale,South,Sports,Yoga Mat,2,4644,9288,20.0,1857.6,7430.4,UPI,0
101649,2023-12-05,CUST1171,Regular,North,Beauty,Perfume,1,531,531,20.0,106.2,424.8,Net Banking,0
101650,2023-02-15,CUST1621,Regular,West,Home & Kitchen,Mixer Grinder,2,7654,15308,15.0,2296.2,13011.8,Net Banking,0
101651,2024-03-13,CUST2976,Regular,North,Sports,Cycling Helmet,2,1838,3676,20.0,735.2,2940.8,UPI,0
101652,2023-03-09,CUST2403,Regular,Central,Apparel,Sneakers,1,3155,3155,5.0,157.75,2997.25,UPI,0
101653,2024-09-23,CUST2337,Premium,North,Home & Kitchen,Air Fryer,4,9951,39804,0.0,0.0,39804.0,Credit Card,0
101654,2024-06-23,CUST2114,Regular,North,Apparel,Dress,3,3195,9585,10.0,958.5,8626.5,UPI,0
101655,2023-12-03,CUST1436,Regular,East,Sports,Cricket Bat,5,5347,26735,20.0,5347.0,21388.0,Credit Card,0
101656,2023-06-01,CUST3220,Regular,West,Sports,Dumbbell Set,1,4303,4303,5.0,215.15,4087.85,UPI,0
101657,2024-06-01,CUST2970,Premium,East,Home & Kitchen,Air Fryer,2,7669,15338,20.0,3067.6,12270.4,Cash on Delivery,0
101658,2024-11-09,CUST1125,Premium,North,Electronics,Headphones,1,59781,59781,10.0,5978.1,53802.9,UPI,0
101659,2023-12-08,CUST1963,Regular,East,Home & Kitchen,Mixer Grinder,2,8771,17542,10.0,1754.2,15787.8,Credit Card,0
101660,2023-10-21,CUST1339,Regular,North,Apparel,Dress,2,1075,2150,15.0,322.5,1827.5,Net Banking,0
101661,2023-04-14,CUST1622,Premium,East,Electronics,Smartphone,1,53679,53679,5.0,2683.95,50995.05,Credit Card,0
101662,2023-02-22,CUST2463,Regular,West,Electronics,Smartwatch,1,13137,13137,0.0,0.0,13137.0,Net Banking,1
101663,2024-11-13,CUST1161,Regular,Central,Sports,Yoga Mat,1,1318,1318,15.0,197.7,1120.3,Credit Card,0
101664,2024-09-21,CUST3154,Premium,Central,Electronics,Laptop,2,53243,106486,5.0,5324.3,101161.7,Credit Card,0
101665,2023-03-15,CUST1393,Premium,Central,Sports,Cricket Bat,1,1789,1789,0.0,0.0,1789.0,UPI,0
101666,2024-05-23,CUST2936,Regular,South,Sports,Dumbbell Set,3,7480,22440,0.0,0.0,22440.0,Credit Card,0
101667,2024-04-08,CUST2266,Wholesale,Central,Home & Kitchen,Bedsheet Set,1,11506,11506,5.0,575.3,10930.7,Credit Card,0
101668,2024-11-13,CUST1482,Premium,North,Home & Kitchen,Cookware Set,3,3236,9708,0.0,0.0,9708.0,Credit Card,0
101669,2023-06-01,CUST1979,New,West,Electronics,Smartwatch,2,9764,19528,20.0,3905.6,15622.4,Cash on Delivery,0
101670,2024-05-08,CUST1859,Regular,East,Beauty,Lipstick,1,2411,2411,0.0,0.0,2411.0,UPI,0
101671,2024-04-29,CUST2032,Regular,North,Electronics,Headphones,1,11758,11758,15.0,1763.7,9994.3,Cash on Delivery,0
101672,2024-02-03,CUST2729,New,Central,Apparel,Sneakers,2,3096,6192,0.0,0.0,6192.0,Debit Card,1
101673,2024-11-05,CUST2703,New,Central,Home & Kitchen,Bedsheet Set,1,3814,3814,20.0,762.8,3051.2,Debit Card,0
101674,2023-04-06,CUST1828,Regular,East,Beauty,Perfume,1,1133,1133,0.0,0.0,1133.0,Cash on Delivery,0
101675,2023-07-04,CUST2381,Premium,West,Beauty,Face Cream,1,1627,1627,15.0,244.05,1382.95,UPI,1
101676,2023-01-03,CUST3068,Premium,West,Electronics,Smartwatch,1,52065,52065,10.0,5206.5,46858.5,Cash on Delivery,0
101677,2023-10-08,CUST1161,New,South,Sports,Running Shoes,1,4063,4063,10.0,406.3,3656.7,Credit Card,0
101678,2024-04-10,CUST1257,Regular,East,Sports,Cycling Helmet,2,2830,5660,10.0,566.0,5094.0,UPI,0
101679,2024-04-30,CUST2084,New,East,Beauty,Lipstick,3,1095,3285,10.0,328.5,2956.5,Cash on Delivery,0
101680,2023-11-04,CUST1908,Regular,Central,Electronics,Laptop,1,45306,45306,,,,UPI,1
101681,2024-04-05,CUST3238,Premium,East,Apparel,Sneakers,1,2161,2161,0.0,0.0,2161.0,Debit Card,0
101682,2024-03-02,CUST3376,Regular,West,Electronics,Tablet,1,58421,58421,0.0,0.0,58421.0,Net Banking,0
101683,2023-08-07,CUST3232,New,South,Sports,Cycling Helmet,1,3686,3686,10.0,368.6,3317.4,Cash on Delivery,0
101684,2024-11-02,CUST1407,Regular,South,Apparel,T-Shirt,2,2159,4318,30.0,1295.4,3022.6,Cash on Delivery,0
101685,2023-05-13,CUST1671,Regular,West,Home & Kitchen,Cookware Set,1,11806,11806,5.0,590.3,11215.7,UPI,0
101686,2024-01-06,CUST1013,Regular,South,Electronics,Headphones,1,21782,21782,0.0,0.0,21782.0,Net Banking,0
101687,2023-09-03,CUST3189,Premium,North,Electronics,Headphones,2,13229,26458,0.0,0.0,26458.0,UPI,0
101688,2024-04-21,CUST2446,New,Central,Sports,Yoga Mat,3,6934,20802,5.0,1040.1,19761.9,UPI,0
101689,2023-06-30,CUST3138,Premium,East,Beauty,Shampoo,1,503,503,10.0,50.3,452.7,Cash on Delivery,0
101690,2024-12-07,CUST2771,Regular,North,Sports,Dumbbell Set,2,744,1488,15.0,223.2,1264.8,UPI,0
101691,2023-04-17,CUST1928,Premium,North,Sports,Running Shoes,1,6836,6836,10.0,683.6,6152.4,Cash on Delivery,0
101692,2024-11-03,CUST1149,Premium,West,Beauty,Sunscreen,1,1469,1469,20.0,293.8,1175.2,Cash on Delivery,0
101693,2024-04-08,CUST1030,Regular,South,Apparel,T-Shirt,1,1855,1855,0.0,0.0,1855.0,Net Banking,0
101694,2023-11-19,CUST2939,New,Central,Beauty,Face Cream,2,2282,4564,15.0,684.6,3879.4,Debit Card,0
101695,2024-05-21,CUST2298,Regular,Central,Sports,Cycling Helmet,1,5619,5619,5.0,280.95,5338.05,Credit Card,0
101696,2023-09-09,CUST1560,Regular,East,Home & Kitchen,Bedsheet Set,1,5607,5607,0.0,0.0,5607.0,Credit Card,0
101697,2024-12-13,CUST3040,Regular,West,Home & Kitchen,Air Fryer,2,6369,12738,15.0,1910.7,10827.3,Debit Card,0
101698,2023-11-12,CUST3150,Regular,South,Home & Kitchen,Air Fryer,1,5471,5471,20.0,1094.2,4376.8,Debit Card,0
101699,2024-09-09,CUST1748,Regular,North,Sports,Yoga Mat,1,6791,6791,0.0,0.0,6791.0,Debit Card,0
101700,2024-08-13,CUST3217,Wholesale,South,Apparel,Dress,2,722,1444,0.0,0.0,1444.0,Net Banking,0
101701,2023-03-23,CUST2653,Regular,East,Sports,Cycling Helmet,1,7924,7924,0.0,0.0,7924.0,UPI,0
101702,2023-02-11,CUST3409,Regular,West,Home & Kitchen,Air Fryer,2,6260,12520,30.0,3756.0,8764.0,UPI,0
101703,2023-01-05,CUST3298,Premium,North,Electronics,Smartwatch,2,4286,8572,10.0,857.2,7714.8,Cash on Delivery,0
101704,2023-09-11,CUST1068,Regular,East,Electronics,Headphones,2,12534,25068,30.0,7520.4,17547.6,Debit Card,0
101705,2024-04-26,CUST3142,Premium,North,Apparel,Jeans,2,3422,6844,0.0,0.0,6844.0,,0
101706,2023-10-07,CUST1788,Regular,East,Sports,Dumbbell Set,1,4020,4020,20.0,804.0,3216.0,Cash on Delivery,0
101707,2024-06-24,CUST1510,Regular,West,Home & Kitchen,Vacuum Cleaner,1,10479,10479,10.0,1047.9,9431.1,Cash on Delivery,0
101708,2024-12-24,CUST2036,Regular,East,Beauty,Perfume,5,155,775,5.0,38.75,736.25,UPI,0
101709,2024-12-08,CUST1945,Regular,Central,Apparel,Dress,1,3735,3735,0.0,0.0,3735.0,Debit Card,0
101710,2023-09-13,CUST1860,Regular,Central,Electronics,Smartphone,1,46331,46331,20.0,9266.2,37064.8,Debit Card,0
101711,2023-04-24,CUST1504,Premium,West,Electronics,Smartwatch,4,8509,34036,15.0,5105.4,28930.6,Debit Card,0
101712,2024-01-13,CUST1597,Regular,East,Home & Kitchen,Air Fryer,1,9301,9301,5.0,465.05,8835.95,UPI,0
101713,2023-07-31,CUST1200,Regular,Central,Beauty,Perfume,1,1144,1144,10.0,114.4,1029.6,Cash on Delivery,0
101714,2023-09-16,CUST2693,Regular,South,Electronics,Smartwatch,1,31881,31881,20.0,6376.2,25504.8,Credit Card,0
101715,2023-04-24,CUST3169,Regular,North,Home & Kitchen,Cookware Set,1,3700,3700,,,,Credit Card,0
101716,2023-03-08,CUST2953,Regular,East,Sports,Running Shoes,2,4181,8362,5.0,418.1,7943.9,UPI,1
101717,2024-02-04,CUST2575,Regular,Central,Home & Kitchen,Cookware Set,3,7978,23934,20.0,4786.8,19147.2,UPI,0
101718,2023-08-13,CUST1404,Wholesale,North,Sports,Cycling Helmet,2,6408,12816,20.0,2563.2,10252.8,UPI,0
101719,2023-10-06,CUST2158,Regular,Central,Sports,Cricket Bat,1,5146,5146,30.0,1543.8,3602.2,Cash on Delivery,0
101720,2023-09-16,CUST1013,Premium,West,Apparel,Dress,1,2913,2913,15.0,436.95,2476.05,Credit Card,0
101721,2023-06-02,CUST1767,Regular,East,Electronics,Headphones,1,51863,51863,0.0,0.0,51863.0,Cash on Delivery,0
101722,2023-04-22,CUST3464,Regular,South,Home & Kitchen,Air Fryer,3,5255,15765,15.0,2364.75,13400.25,Credit Card,0
101723,2024-08-01,CUST2376,Premium,North,Sports,Cricket Bat,2,7792,15584,0.0,0.0,15584.0,UPI,0
101724,2024-01-01,CUST1312,New,South,Beauty,Shampoo,2,1082,2164,0.0,0.0,2164.0,,0
101725,2023-04-16,CUST1297,Regular,Central,Sports,Dumbbell Set,4,4326,17304,10.0,1730.4,15573.6,Credit Card,0
101726,2023-04-16,CUST1047,Premium,East,Sports,Running Shoes,3,2289,6867,5.0,343.35,6523.65,UPI,0
101727,2024-08-24,CUST1969,Regular,West,Beauty,Face Cream,2,1992,3984,20.0,796.8,3187.2,UPI,0
101728,2024-09-18,CUST1180,New,Central,Electronics,Smartphone,1,54283,54283,15.0,8142.45,46140.55,UPI,0
101729,2024-05-02,CUST2354,Premium,East,Home & Kitchen,Bedsheet Set,4,904,3616,10.0,361.6,3254.4,Credit Card,0
101730,2023-04-13,CUST2461,Premium,Central,Electronics,Tablet,1,39699,39699,15.0,5954.85,33744.15,UPI,0
101731,2024-04-08,CUST1642,New,West,Sports,Dumbbell Set,3,674,2022,20.0,404.4,1617.6,UPI,0
101732,2023-08-28,CUST2841,Wholesale,North,Electronics,Laptop,3,14335,43005,20.0,8601.0,34404.0,Cash on Delivery,0
101733,2023-08-20,CUST2768,Premium,West,Sports,Dumbbell Set,2,5637,11274,10.0,1127.4,10146.6,UPI,0
101734,2023-06-07,CUST2721,Premium,East,Electronics,Laptop,1,32546,32546,0.0,0.0,32546.0,UPI,0
101735,2023-04-22,CUST1680,Regular,Central,Electronics,Laptop,2,15379,30758,10.0,3075.8,27682.2,UPI,0
101736,2023-09-30,CUST3434,New,West,Sports,Cycling Helmet,1,7761,7761,20.0,1552.2,6208.8,UPI,0
101737,2024-06-29,CUST1082,Regular,West,Sports,Dumbbell Set,2,2787,5574,0.0,0.0,5574.0,Credit Card,0
101738,2023-07-20,CUST1519,Regular,East,Beauty,Perfume,3,2054,6162,5.0,308.1,5853.9,Net Banking,0
101739,2023-02-25,CUST1553,New,North,Apparel,Dress,1,863,863,10.0,86.3,776.7,UPI,0
101740,2023-02-24,CUST3485,Regular,Central,Sports,Dumbbell Set,1,2470,2470,5.0,123.5,2346.5,UPI,0
101741,2024-07-10,CUST2360,New,West,Electronics,Laptop,5,36824,184120,0.0,0.0,184120.0,Cash on Delivery,0
101742,2024-07-16,CUST1366,Premium,South,Apparel,Jeans,5,2151,10755,15.0,1613.25,9141.75,Credit Card,1
101743,2024-06-14,CUST1674,Wholesale,West,Apparel,Dress,1,692,692,0.0,0.0,692.0,Cash on Delivery,0
101744,2024-11-28,CUST1124,Premium,North,Home & Kitchen,Vacuum Cleaner,1,988,988,30.0,296.4,691.6,Credit Card,0
101745,2023-03-27,CUST1402,Regular,North,Home & Kitchen,Cookware Set,1,11237,11237,15.0,1685.55,9551.45,Credit Card,0
101746,2024-03-25,CUST2552,New,East,Sports,Cricket Bat,1,6391,6391,15.0,958.65,5432.35,Cash on Delivery,0
101747,2024-11-19,CUST3459,Regular,South,Electronics,Tablet,1,43810,43810,10.0,4381.0,39429.0,Credit Card,0
101748,2024-11-15,CUST2183,Regular,West,Sports,Cycling Helmet,3,7956,23868,0.0,0.0,23868.0,UPI,0
101749,2024-05-28,CUST3454,Regular,East,Sports,Yoga Mat,1,4654,4654,0.0,0.0,4654.0,UPI,0
101750,2023-02-20,CUST3113,Regular,East,Electronics,Headphones,2,59551,119102,0.0,0.0,119102.0,Credit Card,0
101751,2023-10-09,CUST3095,Regular,North,Sports,Dumbbell Set,1,2431,2431,20.0,486.2,1944.8,Net Banking,0
101752,2023-08-22,CUST1171,Premium,South,Home & Kitchen,Vacuum Cleaner,1,6799,6799,0.0,0.0,6799.0,Net Banking,0
101753,2024-07-19,CUST2884,Regular,South,Electronics,Smartwatch,1,4975,4975,10.0,497.5,4477.5,Debit Card,0
101754,2024-09-24,CUST1192,New,West,Home & Kitchen,Mixer Grinder,2,11224,22448,20.0,4489.6,17958.4,Credit Card,0
101755,2023-05-06,CUST2059,New,South,Beauty,Perfume,1,2426,2426,20.0,485.2,1940.8,,0
101756,2024-10-21,CUST3164,New,West,Apparel,Dress,1,2441,2441,15.0,366.15,2074.85,Cash on Delivery,0
101757,2024-10-25,CUST2208,Regular,South,Electronics,Smartwatch,1,19050,19050,5.0,952.5,18097.5,Debit Card,0
101758,2023-06-24,CUST2719,New,West,Sports,Cycling Helmet,1,3839,3839,30.0,1151.7,2687.3,Cash on Delivery,0
101759,2023-05-14,CUST1167,Regular,South,Home & Kitchen,Bedsheet Set,1,2505,2505,10.0,250.5,2254.5,Credit Card,0
101760,2024-02-04,CUST1938,Premium,West,Home & Kitchen,Air Fryer,3,6922,20766,5.0,1038.3,19727.7,UPI,1
101761,2024-11-22,CUST1095,Wholesale,North,Home & Kitchen,Vacuum Cleaner,1,3863,3863,0.0,0.0,3863.0,UPI,0
101762,2024-11-15,CUST3172,Regular,Central,Electronics,Smartwatch,2,26224,52448,15.0,7867.2,44580.8,Cash on Delivery,0
101763,2024-06-01,CUST2128,Regular,South,Electronics,Laptop,4,49392,197568,30.0,59270.4,138297.6,Cash on Delivery,0
101764,2023-12-06,CUST2193,New,North,Apparel,Sneakers,5,3806,19030,15.0,2854.5,16175.5,Credit Card,0
101765,2023-09-02,CUST1500,Regular,East,Apparel,Jeans,3,3533,10599,15.0,1589.85,9009.15,UPI,0
101766,2024-02-09,CUST1506,Premium,West,Apparel,Jeans,1,818,818,20.0,163.6,654.4,Credit Card,0
101767,2024-07-11,CUST1551,Premium,East,Electronics,Tablet,1,14516,14516,0.0,0.0,14516.0,UPI,0
101768,2024-02-19,CUST3068,Wholesale,West,Home & Kitchen,Cookware Set,1,1369,1369,10.0,136.9,1232.1,Credit Card,0
101769,2024-05-23,CUST1034,New,West,Home & Kitchen,Air Fryer,2,9003,18006,0.0,0.0,18006.0,Credit Card,0
101770,2023-01-11,CUST1523,Premium,South,Apparel,Jeans,3,508,1524,0.0,0.0,1524.0,Cash on Delivery,0
101771,2024-09-03,CUST2161,Regular,South,Sports,Yoga Mat,4,4368,17472,30.0,5241.6,12230.4,Debit Card,0
101772,2024-09-02,CUST1548,Premium,West,Electronics,Smartwatch,1,1701,1701,10.0,170.1,1530.9,UPI,0
101773,2023-03-01,CUST3208,Regular,North,Electronics,Headphones,4,41063,164252,5.0,8212.6,156039.4,Credit Card,0
101774,2023-10-27,CUST2668,Regular,West,Apparel,Jeans,3,2570,7710,,,,Debit Card,1
101775,2023-07-19,CUST2372,Regular,North,Apparel,Jeans,3,2884,8652,30.0,2595.6,6056.4,Cash on Delivery,0
101776,2023-12-12,CUST1175,New,Central,Beauty,Face Cream,2,1354,2708,10.0,270.8,2437.2,Cash on Delivery,0
101777,2024-01-11,CUST3127,Premium,South,Electronics,Headphones,2,17074,34148,5.0,1707.4,32440.6,Credit Card,0
101778,2024-12-11,CUST1226,Regular,Central,Electronics,Smartphone,1,50412,50412,0.0,0.0,50412.0,Debit Card,0
101779,2024-06-16,CUST1630,Regular,West,Apparel,Jacket,1,2029,2029,0.0,0.0,2029.0,Cash on Delivery,0
101780,2024-12-02,CUST2394,New,North,Beauty,Face Cream,2,559,1118,5.0,55.9,1062.1,Cash on Delivery,0
101781,2023-12-31,CUST2987,Wholesale,East,Electronics,Smartwatch,2,34862,69724,10.0,6972.4,62751.6,UPI,0
101782,2024-03-10,CUST1991,Regular,South,Sports,Dumbbell Set,1,2878,2878,15.0,431.7,2446.3,Net Banking,0
101783,2023-11-08,CUST3253,Regular,Central,Sports,Yoga Mat,3,3306,9918,30.0,2975.4,6942.6,Cash on Delivery,0
101784,2024-06-25,CUST2517,Regular,West,Apparel,Sneakers,1,1268,1268,0.0,0.0,1268.0,UPI,1
101785,2024-04-07,CUST2185,Premium,North,Electronics,Tablet,1,55387,55387,10.0,5538.7,49848.3,Debit Card,0
101786,2023-10-20,CUST3448,Regular,East,Sports,Dumbbell Set,2,5275,10550,30.0,3165.0,7385.0,Cash on Delivery,0
101787,2024-12-24,CUST2214,Regular,South,Sports,Cycling Helmet,1,7119,7119,15.0,1067.85,6051.15,UPI,0
101788,2024-07-19,CUST3192,New,East,Sports,Cycling Helmet,1,1234,1234,5.0,61.7,1172.3,Debit Card,0
101789,2024-01-10,CUST3049,Premium,North,Sports,Running Shoes,3,3206,9618,15.0,1442.7,8175.3,Credit Card,0
101790,2023-11-14,CUST1913,Regular,South,Sports,Cycling Helmet,1,7795,7795,5.0,389.75,7405.25,Net Banking,0
101791,2023-10-29,CUST3285,New,North,Apparel,Sneakers,1,2709,2709,15.0,406.35,2302.65,UPI,0
101792,2024-04-29,CUST1884,New,Central,Apparel,Sneakers,1,882,882,5.0,44.1,837.9,Credit Card,0
101793,2023-11-13,CUST1999,Premium,East,Sports,Dumbbell Set,2,5989,11978,5.0,598.9,11379.1,UPI,0
101794,2024-06-16,CUST1482,New,South,Apparel,Dress,1,471,471,15.0,70.65,400.35,UPI,0
101795,2023-05-26,CUST3418,Premium,West,Sports,Cycling Helmet,1,7091,7091,5.0,354.55,6736.45,Debit Card,0
101796,2024-01-03,CUST2411,Premium,East,Sports,Dumbbell Set,1,6919,6919,0.0,0.0,6919.0,Credit Card,0
101797,2024-02-21,CUST1596,New,South,Electronics,Laptop,1,2478,2478,30.0,743.4,1734.6,Net Banking,0
101798,2023-07-14,CUST3217,New,Central,Sports,Cricket Bat,1,7408,7408,0.0,0.0,7408.0,Net Banking,0
101799,2023-06-02,CUST1120,Regular,West,Apparel,Dress,1,3566,3566,15.0,534.9,3031.1,Net Banking,0
101800,2023-06-18,CUST2594,Regular,North,Beauty,Shampoo,1,2254,2254,15.0,338.1,1915.9,Credit Card,0
101801,2023-03-06,CUST2371,New,South,Electronics,Smartphone,4,56138,224552,30.0,67365.6,157186.4,UPI,0
101802,2023-01-27,CUST2316,Regular,South,Electronics,Smartphone,2,26088,52176,10.0,5217.6,46958.4,Net Banking,0
101803,2023-02-25,CUST2684,New,North,Beauty,Lipstick,2,2287,4574,20.0,914.8,3659.2,Net Banking,0
101804,2024-10-04,CUST2813,Regular,North,Apparel,T-Shirt,1,1908,1908,,,,Credit Card,0
101805,2024-09-05,CUST1532,Premium,West,Home & Kitchen,Air Fryer,4,8156,32624,20.0,6524.8,26099.2,UPI,0
101806,2024-09-02,CUST2574,Regular,South,Apparel,Jacket,1,2675,2675,10.0,267.5,2407.5,Credit Card,1
101807,2023-02-18,CUST3185,New,East,Apparel,Dress,1,2864,2864,20.0,572.8,2291.2,Debit Card,0
101808,2023-09-27,CUST2286,Regular,Central,Electronics,Laptop,3,14504,43512,10.0,4351.2,39160.8,UPI,0
101809,2024-01-02,CUST1839,Regular,Central,Apparel,Jeans,1,2043,2043,10.0,204.3,1838.7,Credit Card,0
101810,2023-06-18,CUST3102,Premium,South,Electronics,Smartphone,1,41013,41013,15.0,6151.95,34861.05,Net Banking,0
101811,2024-11-16,CUST2832,Regular,Central,Home & Kitchen,Cookware Set,1,9747,9747,0.0,0.0,9747.0,UPI,1
101812,2023-03-18,CUST2323,New,North,Sports,Cricket Bat,1,6447,6447,0.0,0.0,6447.0,Credit Card,0
101813,2023-02-18,CUST1968,Regular,East,Apparel,Sneakers,1,2490,2490,5.0,124.5,2365.5,Cash on Delivery,0
101814,2024-04-07,CUST2897,Wholesale,North,Apparel,Jacket,1,816,816,5.0,40.8,775.2,Credit Card,0
101815,2024-05-26,CUST3412,Premium,East,Sports,Dumbbell Set,1,5735,5735,15.0,860.25,4874.75,UPI,0
101816,2024-07-03,CUST3012,Regular,Central,Apparel,T-Shirt,1,1192,1192,10.0,119.2,1072.8,Cash on Delivery,0
101817,2024-12-04,CUST1470,Regular,North,Sports,Running Shoes,1,7665,7665,15.0,1149.75,6515.25,UPI,0
101818,2024-06-11,CUST1093,Premium,West,Apparel,Dress,1,1704,1704,5.0,85.2,1618.8,Debit Card,0
101819,2024-05-19,CUST2959,Regular,Central,Sports,Cycling Helmet,2,6076,12152,0.0,0.0,12152.0,UPI,0
101820,2024-12-17,CUST1063,Regular,Central,Electronics,Smartwatch,1,57920,57920,15.0,8688.0,49232.0,UPI,0
101821,2024-01-09,CUST1652,Premium,West,Electronics,Smartwatch,1,36930,36930,15.0,5539.5,31390.5,UPI,0
101822,2023-03-30,CUST2658,Regular,West,Beauty,Perfume,3,2358,7074,20.0,1414.8,5659.2,Debit Card,0
101823,2024-08-06,CUST2870,New,North,Apparel,T-Shirt,1,3067,3067,20.0,613.4,2453.6,Credit Card,0
101824,2024-08-31,CUST2182,Regular,North,Electronics,Tablet,2,40207,80414,5.0,4020.7,76393.3,Debit Card,0
101825,2024-07-13,CUST3221,Premium,South,Electronics,Laptop,4,9814,39256,0.0,0.0,39256.0,UPI,1
101826,2024-03-19,CUST3497,New,North,Sports,Cricket Bat,1,2942,2942,20.0,588.4,2353.6,UPI,0
101827,2024-06-08,CUST1146,New,South,Sports,Yoga Mat,3,4201,12603,5.0,630.15,11972.85,Debit Card,0
101828,2024-12-12,CUST3208,Regular,East,Beauty,Face Cream,1,2378,2378,5.0,118.9,2259.1,Cash on Delivery,0
101829,2024-11-03,CUST2889,Regular,West,Apparel,T-Shirt,4,2251,9004,5.0,450.2,8553.8,Credit Card,0
101830,2024-05-21,CUST3071,Regular,West,Sports,Cycling Helmet,2,7520,15040,5.0,752.0,14288.0,Cash on Delivery,0
101831,2024-05-24,CUST3179,Premium,West,Apparel,Jeans,1,2514,2514,0.0,0.0,2514.0,Cash on Delivery,0
101832,2023-11-22,CUST1122,Regular,North,Sports,Yoga Mat,2,3520,7040,15.0,1056.0,5984.0,Cash on Delivery,0
101833,2024-11-10,CUST1511,Premium,Central,Home & Kitchen,Air Fryer,1,10950,10950,30.0,3285.0,7665.0,Cash on Delivery,0
101834,2023-06-21,CUST2610,Premium,South,Home & Kitchen,Bedsheet Set,1,6413,6413,10.0,641.3,5771.7,Credit Card,0
101835,2024-04-16,CUST1545,Wholesale,North,Sports,Running Shoes,3,2021,6063,10.0,606.3,5456.7,Debit Card,0
101836,2024-11-30,CUST3345,Premium,East,Sports,Cycling Helmet,1,7596,7596,20.0,1519.2,6076.8,Cash on Delivery,0
101837,2023-04-16,CUST2979,Wholesale,West,Home & Kitchen,Air Fryer,4,2104,8416,15.0,1262.4,7153.6,Credit Card,0
101838,2023-07-02,CUST2406,Premium,Central,Home & Kitchen,Air Fryer,2,3615,7230,0.0,0.0,7230.0,Credit Card,0
101839,2024-06-26,CUST1105,Regular,West,Sports,Cricket Bat,1,5086,5086,5.0,254.3,4831.7,UPI,0
101840,2024-10-23,CUST2176,Wholesale,West,Beauty,Sunscreen,1,1478,1478,30.0,443.4,1034.6,Debit Card,0
101841,2023-09-25,CUST3363,Premium,East,Apparel,T-Shirt,2,1655,3310,5.0,165.5,3144.5,Cash on Delivery,0
101842,2023-03-18,CUST3383,Regular,North,Electronics,Smartwatch,1,40756,40756,0.0,0.0,40756.0,Credit Card,0
101843,2023-08-30,CUST2858,New,West,Home & Kitchen,Mixer Grinder,1,6767,6767,10.0,676.7,6090.3,Cash on Delivery,0
101844,2023-04-21,CUST2718,New,North,Home & Kitchen,Vacuum Cleaner,1,4348,4348,20.0,869.6,3478.4,Net Banking,0
101845,2024-05-02,CUST2088,Regular,North,Sports,Yoga Mat,1,7475,7475,10.0,747.5,6727.5,,0
101846,2023-06-03,CUST3167,Wholesale,South,Electronics,Headphones,1,51946,51946,5.0,2597.3,49348.7,Credit Card,0
101847,2023-05-05,CUST1531,Regular,South,Sports,Cycling Helmet,3,6707,20121,30.0,6036.3,14084.7,UPI,0
101848,2023-08-29,CUST3283,Premium,South,Sports,Cycling Helmet,1,1833,1833,20.0,366.6,1466.4,Net Banking,0
101849,2024-03-14,CUST2811,Premium,South,Beauty,Face Cream,2,2224,4448,0.0,0.0,4448.0,Cash on Delivery,0
101850,2023-10-14,CUST2145,Regular,East,Home & Kitchen,Cookware Set,3,6335,19005,20.0,3801.0,15204.0,Net Banking,1
101851,2024-07-08,CUST1486,New,South,Home & Kitchen,Bedsheet Set,1,5999,5999,15.0,899.85,5099.15,Net Banking,0
101852,2023-03-26,CUST1940,Premium,West,Beauty,Perfume,2,311,622,10.0,62.2,559.8,UPI,0
101853,2024-08-23,CUST1853,Regular,North,Apparel,T-Shirt,3,937,2811,20.0,562.2,2248.8,Debit Card,0
101854,2023-01-06,CUST1746,Regular,West,Home & Kitchen,Vacuum Cleaner,1,9348,9348,5.0,467.4,8880.6,Net Banking,0
101855,2024-11-29,CUST3009,New,North,Electronics,Headphones,1,21374,21374,10.0,2137.4,19236.6,Cash on Delivery,0
101856,2023-05-28,CUST1613,Regular,West,Beauty,Shampoo,2,1956,3912,10.0,391.2,3520.8,UPI,0
101857,2023-01-07,CUST3153,New,South,Apparel,Jacket,5,2510,12550,15.0,1882.5,10667.5,Debit Card,1
101858,2023-08-12,CUST3484,New,North,Apparel,Dress,2,3743,7486,5.0,374.3,7111.7,UPI,0
101859,2023-05-27,CUST2002,New,Central,Electronics,Headphones,2,42398,84796,,,,UPI,0
101860,2024-03-01,CUST2931,Regular,West,Home & Kitchen,Air Fryer,1,9856,9856,,,,Cash on Delivery,0
101861,2024-02-18,CUST2066,Regular,South,Sports,Yoga Mat,2,7871,15742,5.0,787.1,14954.9,Cash on Delivery,0
101862,2024-01-07,CUST1583,Regular,North,Sports,Cricket Bat,1,7567,7567,15.0,1135.05,6431.95,Credit Card,0
101863,2024-09-25,CUST1418,Premium,Central,Electronics,Tablet,2,55021,110042,10.0,11004.2,99037.8,Cash on Delivery,1
101864,2024-02-06,CUST1880,Regular,West,Electronics,Tablet,4,58452,233808,15.0,35071.2,198736.8,Net Banking,0
101865,2023-07-23,CUST1706,Wholesale,West,Beauty,Shampoo,2,912,1824,0.0,0.0,1824.0,UPI,0
101866,2023-06-08,CUST3396,Regular,East,Sports,Cycling Helmet,2,1325,2650,0.0,0.0,2650.0,UPI,0
101867,2023-03-19,CUST2001,Regular,West,Home & Kitchen,Cookware Set,4,3157,12628,0.0,0.0,12628.0,Credit Card,0
101868,2024-08-14,CUST2896,New,East,Sports,Dumbbell Set,4,3923,15692,15.0,2353.8,13338.2,Cash on Delivery,0
101869,2024-05-19,CUST2039,Regular,North,Apparel,Jeans,2,2010,4020,10.0,402.0,3618.0,UPI,0
101870,2024-08-14,CUST3384,Regular,West,Beauty,Sunscreen,2,889,1778,5.0,88.9,1689.1,Credit Card,0
101871,2024-03-25,CUST3440,Regular,North,Electronics,Laptop,4,38923,155692,5.0,7784.6,147907.4,Net Banking,0
101872,2024-04-24,CUST3373,Wholesale,West,Sports,Running Shoes,1,6299,6299,15.0,944.85,5354.15,UPI,0
101873,2024-07-25,CUST1222,Premium,North,Sports,Dumbbell Set,1,1603,1603,10.0,160.3,1442.7,UPI,0
101874,2024-07-15,CUST2907,Regular,East,Apparel,Jeans,3,582,1746,0.0,0.0,1746.0,UPI,0
101875,2024-06-15,CUST2524,New,North,Sports,Cycling Helmet,1,6100,6100,5.0,305.0,5795.0,Credit Card,0
101876,2024-11-14,CUST1165,New,East,Sports,Cricket Bat,4,3730,14920,10.0,1492.0,13428.0,Cash on Delivery,1
101877,2023-07-26,CUST2313,Regular,North,Electronics,Headphones,1,21298,21298,0.0,0.0,21298.0,Cash on Delivery,0
101878,2023-04-23,CUST1383,Regular,East,Beauty,Face Cream,3,1010,3030,10.0,303.0,2727.0,Net Banking,0
101879,2023-01-24,CUST2957,Regular,Central,Apparel,Dress,1,3591,3591,,,,UPI,0
101880,2023-10-11,CUST1861,Regular,North,Sports,Dumbbell Set,2,5223,10446,20.0,2089.2,8356.8,UPI,0
101881,2024-12-04,CUST1621,Regular,South,Sports,Running Shoes,1,3758,3758,20.0,751.6,3006.4,Cash on Delivery,0
101882,2023-04-29,CUST1471,Regular,Central,Apparel,Jeans,2,3950,7900,10.0,790.0,7110.0,Credit Card,0
101883,2024-09-12,CUST1130,New,East,Electronics,Smartphone,1,8886,8886,5.0,444.3,8441.7,UPI,0
101884,2024-04-02,CUST1876,Regular,West,Apparel,Jacket,1,3441,3441,10.0,344.1,3096.9,Credit Card,0
101885,2023-02-07,CUST2865,Regular,North,Home & Kitchen,Bedsheet Set,1,7030,7030,15.0,1054.5,5975.5,Cash on Delivery,0
101886,2024-10-28,CUST3287,Premium,North,Home & Kitchen,Bedsheet Set,4,5421,21684,30.0,6505.2,15178.8,Credit Card,0
101887,2024-11-30,CUST1527,Premium,East,Beauty,Sunscreen,4,1487,5948,15.0,892.2,5055.8,Credit Card,0
101888,2023-01-18,CUST1005,Regular,South,Sports,Dumbbell Set,1,6411,6411,5.0,320.55,6090.45,Cash on Delivery,0
101889,2023-08-08,CUST2858,Regular,West,Sports,Cycling Helmet,1,7246,7246,,,,Cash on Delivery,0
101890,2023-05-02,CUST1533,Premium,North,Apparel,Jacket,1,2136,2136,20.0,427.2,1708.8,UPI,0
101891,2023-08-06,CUST2730,Regular,South,Electronics,Headphones,3,6411,19233,5.0,961.65,18271.35,Credit Card,1
101892,2023-05-07,CUST1251,Regular,Central,Home & Kitchen,Bedsheet Set,3,4581,13743,5.0,687.15,13055.85,UPI,0
101893,2024-03-29,CUST2152,Premium,South,Electronics,Smartwatch,1,29431,29431,0.0,0.0,29431.0,Net Banking,0
101894,2024-06-27,CUST1132,Premium,West,Electronics,Headphones,1,22434,22434,15.0,3365.1,19068.9,Net Banking,0
101895,2023-09-13,CUST2849,New,South,Electronics,Smartphone,5,2604,13020,5.0,651.0,12369.0,Credit Card,0
101896,2024-01-13,CUST2523,Regular,Central,Beauty,Perfume,1,1963,1963,20.0,392.6,1570.4,Net Banking,0
101897,2023-10-19,CUST2778,Premium,West,Beauty,Shampoo,1,585,585,10.0,58.5,526.5,UPI,0
101898,2023-01-03,CUST2689,Premium,East,Electronics,Smartphone,1,37868,37868,0.0,0.0,37868.0,UPI,0
101899,2024-07-21,CUST3229,Regular,Central,Apparel,T-Shirt,1,2032,2032,10.0,203.2,1828.8,UPI,0
101900,2023-01-14,CUST1443,Regular,West,Sports,Yoga Mat,2,4168,8336,5.0,416.8,7919.2,Net Banking,0
101901,2023-12-17,CUST2892,Premium,North,Electronics,Smartwatch,1,7033,7033,20.0,1406.6,5626.4,Cash on Delivery,0
101902,2024-12-30,CUST1817,Premium,North,Apparel,Jacket,1,595,595,5.0,29.75,565.25,Credit Card,0
101903,2024-02-15,CUST3163,Regular,North,Apparel,T-Shirt,1,1205,1205,20.0,241.0,964.0,Credit Card,0
101904,2024-11-23,CUST1022,Premium,West,Home & Kitchen,Air Fryer,1,7836,7836,,,,Net Banking,0
101905,2023-12-08,CUST2789,Regular,West,Apparel,Jeans,2,2048,4096,0.0,0.0,4096.0,UPI,0
101906,2023-06-02,CUST1077,Premium,North,Electronics,Headphones,1,39848,39848,15.0,5977.2,33870.8,Cash on Delivery,0
101907,2023-02-02,CUST1102,Wholesale,East,Electronics,Headphones,2,27909,55818,0.0,0.0,55818.0,Cash on Delivery,0
101908,2023-03-11,CUST2075,Regular,South,Electronics,Smartphone,3,30790,92370,20.0,18474.0,73896.0,Credit Card,0
101909,2024-08-22,CUST2104,New,North,Apparel,Dress,2,2661,5322,0.0,0.0,5322.0,UPI,0
101910,2024-08-10,CUST3493,Regular,Central,Electronics,Headphones,1,17837,17837,20.0,3567.4,14269.6,Credit Card,0
101911,2024-05-28,CUST3018,Regular,South,Electronics,Tablet,1,21005,21005,10.0,2100.5,18904.5,Debit Card,0
101912,2024-10-16,CUST3469,Premium,North,Apparel,T-Shirt,3,2297,6891,0.0,0.0,6891.0,UPI,0
101913,2024-07-23,CUST2986,Regular,Central,Home & Kitchen,Mixer Grinder,1,2431,2431,10.0,243.1,2187.9,Net Banking,0
101914,2024-05-06,CUST3111,New,South,Sports,Cricket Bat,1,4079,4079,10.0,407.9,3671.1,Debit Card,0
101915,2024-11-16,CUST2081,Regular,North,Sports,Cycling Helmet,1,5501,5501,20.0,1100.2,4400.8,,0
101916,2023-06-19,CUST1702,Regular,Central,Beauty,Shampoo,2,358,716,10.0,71.6,644.4,Credit Card,0
101917,2023-04-19,CUST1389,Regular,North,Electronics,Smartwatch,5,5099,25495,5.0,1274.75,24220.25,UPI,0
101918,2024-07-12,CUST3394,Regular,West,Electronics,Laptop,3,25707,77121,20.0,15424.2,61696.8,Credit Card,0
101919,2024-04-04,CUST3081,Regular,South,Apparel,T-Shirt,2,2220,4440,20.0,888.0,3552.0,UPI,0
101920,2023-02-01,CUST2458,Premium,West,Electronics,Tablet,1,27648,27648,15.0,4147.2,23500.8,Credit Card,0
101921,2024-06-18,CUST1252,Regular,West,Sports,Dumbbell Set,1,4085,4085,10.0,408.5,3676.5,UPI,0
101922,2023-01-27,CUST1736,New,North,Home & Kitchen,Bedsheet Set,2,8571,17142,30.0,5142.6,11999.4,Debit Card,0
101923,2023-07-13,CUST1646,Regular,Central,Beauty,Sunscreen,3,1801,5403,20.0,1080.6,4322.4,Credit Card,0
101924,2024-06-07,CUST2606,New,East,Beauty,Sunscreen,1,1884,1884,15.0,282.6,1601.4,Cash on Delivery,0
101925,2024-08-15,CUST1362,Regular,South,Beauty,Face Cream,4,1602,6408,10.0,640.8,5767.2,Credit Card,1
101926,2024-08-17,CUST2996,New,North,Beauty,Face Cream,2,2174,4348,10.0,434.8,3913.2,Cash on Delivery,0
101927,2023-10-18,CUST2630,New,Central,Sports,Cycling Helmet,3,1376,4128,10.0,412.8,3715.2,UPI,0
101928,2023-07-06,CUST2018,Regular,Central,Home & Kitchen,Mixer Grinder,1,7708,7708,0.0,0.0,7708.0,Cash on Delivery,0
101929,2023-09-29,CUST1626,New,North,Sports,Running Shoes,1,3059,3059,0.0,0.0,3059.0,UPI,0
101930,2024-07-28,CUST2665,Regular,West,Home & Kitchen,Mixer Grinder,4,3418,13672,10.0,1367.2,12304.8,Debit Card,0
101931,2023-10-09,CUST2638,Regular,North,Sports,Cycling Helmet,2,6966,13932,15.0,2089.8,11842.2,Cash on Delivery,0
101932,2024-06-29,CUST3159,Regular,South,Sports,Dumbbell Set,2,2617,5234,5.0,261.7,4972.3,Net Banking,0
101933,2024-03-31,CUST1462,Regular,South,Sports,Cycling Helmet,2,1230,2460,10.0,246.0,2214.0,Cash on Delivery,0
101934,2024-08-23,CUST1442,Premium,North,Apparel,Jacket,3,3494,10482,20.0,2096.4,8385.6,Credit Card,0
101935,2023-08-27,CUST2042,New,South,Apparel,Sneakers,1,2069,2069,0.0,0.0,2069.0,Credit Card,0
101936,2023-11-25,CUST2140,Regular,Central,Sports,Cycling Helmet,5,7954,39770,0.0,0.0,39770.0,UPI,0
101937,2023-11-06,CUST1791,Regular,South,Beauty,Shampoo,1,548,548,15.0,82.2,465.8,Cash on Delivery,0
101938,2024-12-14,CUST2983,Regular,North,Home & Kitchen,Vacuum Cleaner,1,10093,10093,20.0,2018.6,8074.4,UPI,0
101939,2023-03-08,CUST3239,Regular,South,Sports,Dumbbell Set,4,5195,20780,15.0,3117.0,17663.0,Cash on Delivery,0
101940,2024-07-08,CUST2694,Regular,South,Electronics,Smartwatch,2,31759,63518,5.0,3175.9,60342.1,Debit Card,0
101941,2024-06-13,CUST3236,New,Central,Electronics,Laptop,2,56532,113064,0.0,0.0,113064.0,Credit Card,0
101942,2024-03-08,CUST3075,Regular,South,Sports,Cycling Helmet,3,6205,18615,5.0,930.75,17684.25,UPI,0
101943,2024-01-26,CUST1201,Regular,North,Sports,Cricket Bat,2,3287,6574,30.0,1972.2,4601.8,Cash on Delivery,1
101944,2023-04-24,CUST2479,Regular,South,Electronics,Tablet,5,10332,51660,10.0,5166.0,46494.0,Cash on Delivery,0
101945,2023-09-10,CUST1930,Regular,West,Beauty,Face Cream,3,2093,6279,10.0,627.9,5651.1,Debit Card,0
101946,2024-09-02,CUST1515,Regular,South,Sports,Cycling Helmet,4,3075,12300,0.0,0.0,12300.0,UPI,0
101947,2023-04-13,CUST3433,Premium,South,Sports,Cycling Helmet,1,3604,3604,0.0,0.0,3604.0,Credit Card,0
101948,2024-11-02,CUST2541,Regular,East,Sports,Cricket Bat,1,5254,5254,0.0,0.0,5254.0,Cash on Delivery,0
101949,2024-01-20,CUST2073,Premium,South,Home & Kitchen,Bedsheet Set,2,7867,15734,15.0,2360.1,13373.9,UPI,0
101950,2023-06-15,CUST1119,Regular,South,Electronics,Headphones,4,22127,88508,20.0,17701.6,70806.4,Credit Card,0
101951,2024-08-07,CUST2741,Premium,North,Beauty,Perfume,1,937,937,0.0,0.0,937.0,UPI,0
101952,2023-05-14,CUST2715,Wholesale,Central,Apparel,Jacket,2,3672,7344,20.0,1468.8,5875.2,Credit Card,0
101953,2023-12-11,CUST1219,Regular,West,Home & Kitchen,Mixer Grinder,1,11164,11164,0.0,0.0,11164.0,UPI,0
101954,2023-01-10,CUST2851,Regular,South,Beauty,Shampoo,3,866,2598,5.0,129.9,2468.1,UPI,0
101955,2024-03-14,CUST1323,Regular,East,Beauty,Lipstick,2,1444,2888,0.0,0.0,2888.0,UPI,0
101956,2023-07-01,CUST1245,Regular,West,Home & Kitchen,Mixer Grinder,1,9047,9047,5.0,452.35,8594.65,UPI,0
101957,2023-01-07,CUST3288,Premium,East,Sports,Yoga Mat,1,3744,3744,5.0,187.2,3556.8,Net Banking,0
101958,2023-05-11,CUST2119,Wholesale,South,Apparel,T-Shirt,1,2766,2766,0.0,0.0,2766.0,Cash on Delivery,0
101959,2024-04-01,CUST1674,Regular,South,Apparel,Sneakers,3,1477,4431,15.0,664.65,3766.35,Credit Card,0
101960,2023-02-24,CUST2580,Premium,South,Apparel,Dress,3,1337,4011,20.0,802.2,3208.8,Cash on Delivery,0
101961,2024-06-29,CUST1716,Regular,West,Electronics,Smartwatch,1,37813,37813,5.0,1890.65,35922.35,Debit Card,0
101962,2023-11-14,CUST2099,Regular,South,Apparel,T-Shirt,1,2683,2683,0.0,0.0,2683.0,UPI,0
101963,2023-02-18,CUST1596,Regular,South,Electronics,Smartwatch,1,18176,18176,0.0,0.0,18176.0,Cash on Delivery,0
101964,2023-07-21,CUST3012,Premium,Central,Electronics,Smartphone,2,10671,21342,15.0,3201.3,18140.7,UPI,0
101965,2024-11-29,CUST1681,New,West,Sports,Yoga Mat,2,2489,4978,10.0,497.8,4480.2,Cash on Delivery,0
101966,2024-05-16,CUST2944,Regular,West,Apparel,T-Shirt,1,3953,3953,5.0,197.65,3755.35,Cash on Delivery,0
101967,2023-12-29,CUST1796,Premium,South,Electronics,Tablet,1,5483,5483,5.0,274.15,5208.85,UPI,0
101968,2023-02-03,CUST1939,Wholesale,South,Beauty,Sunscreen,1,2383,2383,15.0,357.45,2025.55,Cash on Delivery,0
101969,2023-12-05,CUST2804,Regular,North,Apparel,Jacket,4,546,2184,5.0,109.2,2074.8,Cash on Delivery,0
101970,2024-04-30,CUST2472,Premium,South,Sports,Cricket Bat,1,1911,1911,15.0,286.65,1624.35,Debit Card,0
101971,2023-09-25,CUST1270,Premium,Central,Home & Kitchen,Air Fryer,2,9511,19022,15.0,2853.3,16168.7,Credit Card,0
101972,2024-05-01,CUST2312,Wholesale,South,Sports,Cycling Helmet,1,627,627,5.0,31.35,595.65,UPI,0
101973,2023-09-04,CUST2581,Wholesale,West,Sports,Yoga Mat,1,4698,4698,10.0,469.8,4228.2,Credit Card,0
101974,2024-09-29,CUST3452,Regular,North,Sports,Cycling Helmet,2,6860,13720,20.0,2744.0,10976.0,UPI,0
101975,2023-03-04,CUST1563,Regular,Central,Home & Kitchen,Vacuum Cleaner,3,2976,8928,5.0,446.4,8481.6,Cash on Delivery,1
101976,2023-09-17,CUST1716,New,South,Beauty,Shampoo,2,2363,4726,10.0,472.6,4253.4,Cash on Delivery,0
101977,2023-10-02,CUST1975,Regular,East,Apparel,Jeans,2,2680,5360,30.0,1608.0,3752.0,Net Banking,0
101978,2024-08-04,CUST1643,Wholesale,West,Electronics,Laptop,1,8887,8887,0.0,0.0,8887.0,Net Banking,0
101979,2024-08-03,CUST1687,Premium,East,Apparel,Jeans,1,3950,3950,5.0,197.5,3752.5,Cash on Delivery,0
101980,2023-05-30,CUST1258,Wholesale,West,Electronics,Smartphone,1,54991,54991,10.0,5499.1,49491.9,,0
101981,2024-12-09,CUST3444,Regular,East,Sports,Running Shoes,1,871,871,20.0,174.2,696.8,UPI,0
101982,2024-11-18,CUST2526,Regular,South,Sports,Running Shoes,1,4987,4987,15.0,748.05,4238.95,Debit Card,0
101983,2024-01-28,CUST1348,Premium,North,Electronics,Headphones,1,5544,5544,0.0,0.0,5544.0,UPI,0
101984,2024-08-26,CUST1566,Regular,West,Sports,Yoga Mat,5,6914,34570,10.0,3457.0,31113.0,UPI,0
101985,2023-07-19,CUST1014,New,West,Home & Kitchen,Vacuum Cleaner,1,10445,10445,5.0,522.25,9922.75,Net Banking,0
101986,2023-07-23,CUST2349,Premium,Central,Electronics,Smartwatch,4,56242,224968,20.0,44993.6,179974.4,UPI,1
101987,2024-08-25,CUST2597,Wholesale,Central,Beauty,Lipstick,3,230,690,15.0,103.5,586.5,UPI,0
101988,2024-03-08,CUST1369,Wholesale,North,Home & Kitchen,Mixer Grinder,3,11405,34215,0.0,0.0,34215.0,UPI,0
101989,2024-12-21,CUST3422,Regular,East,Apparel,Jacket,2,3708,7416,0.0,0.0,7416.0,Debit Card,0
101990,2023-10-03,CUST2760,Regular,South,Sports,Running Shoes,1,3508,3508,0.0,0.0,3508.0,Net Banking,0
101991,2024-03-05,CUST2659,Regular,North,Sports,Dumbbell Set,3,4876,14628,20.0,2925.6,11702.4,UPI,0
101992,2023-06-13,CUST3130,Regular,South,Beauty,Sunscreen,2,2312,4624,30.0,1387.2,3236.8,Credit Card,0
101993,2024-10-12,CUST2519,Premium,North,Sports,Yoga Mat,3,6902,20706,15.0,3105.9,17600.1,Cash on Delivery,1
101994,2024-08-28,CUST3435,Wholesale,East,Beauty,Shampoo,3,2482,7446,5.0,372.3,7073.7,Cash on Delivery,0
101995,2023-08-31,CUST3364,Premium,East,Apparel,T-Shirt,1,943,943,0.0,0.0,943.0,Cash on Delivery,0
101996,2024-07-26,CUST3341,Regular,North,Apparel,Sneakers,2,1639,3278,,,,Credit Card,0
101997,2024-01-13,CUST2886,Wholesale,South,Apparel,T-Shirt,1,2288,2288,0.0,0.0,2288.0,Credit Card,0
101998,2024-05-13,CUST1305,Regular,East,Beauty,Perfume,2,715,1430,0.0,0.0,1430.0,Credit Card,0
101999,2023-04-09,CUST1577,Wholesale,West,Sports,Cycling Helmet,1,1628,1628,30.0,488.4,1139.6,UPI,0
102000,2024-09-09,CUST2082,Regular,Central,Beauty,Perfume,1,1990,1990,20.0,398.0,1592.0,Cash on Delivery,0
102001,2024-01-11,CUST1185,Regular,West,Home & Kitchen,Cookware Set,2,9869,19738,10.0,1973.8,17764.2,UPI,0
102002,2023-11-23,CUST1000,New,South,Beauty,Sunscreen,5,729,3645,30.0,1093.5,2551.5,Credit Card,0
102003,2024-12-28,CUST2679,New,Central,Sports,Yoga Mat,2,2298,4596,0.0,0.0,4596.0,UPI,0
102004,2023-10-09,CUST3060,Regular,North,Electronics,Smartwatch,2,12751,25502,20.0,5100.4,20401.6,Credit Card,1
102005,2023-06-16,CUST3116,Regular,South,Sports,Cycling Helmet,2,978,1956,5.0,97.8,1858.2,Net Banking,0
102006,2023-07-07,CUST3221,Regular,East,Apparel,Jacket,1,2253,2253,20.0,450.6,1802.4,Net Banking,0
102007,2024-01-18,CUST1374,New,South,Electronics,Smartwatch,1,5819,5819,10.0,581.9,5237.1,Debit Card,0
102008,2023-04-29,CUST1352,Premium,Central,Sports,Cricket Bat,1,7757,7757,5.0,387.85,7369.15,Net Banking,1
102009,2023-11-19,CUST2804,Regular,West,Apparel,Sneakers,1,3461,3461,15.0,519.15,2941.85,UPI,0
102010,2023-02-24,CUST1060,Premium,West,Sports,Dumbbell Set,1,1080,1080,0.0,0.0,1080.0,Cash on Delivery,0
102011,2023-01-05,CUST3301,New,Central,Beauty,Perfume,2,504,1008,20.0,201.6,806.4,Debit Card,0
102012,2024-12-29,CUST3429,Wholesale,South,Home & Kitchen,Vacuum Cleaner,1,11381,11381,15.0,1707.15,9673.85,Cash on Delivery,0
102013,2024-07-22,CUST2934,Wholesale,North,Sports,Dumbbell Set,3,1577,4731,0.0,0.0,4731.0,Credit Card,0
102014,2023-04-29,CUST3205,New,North,Beauty,Face Cream,2,728,1456,0.0,0.0,1456.0,Debit Card,0
102015,2023-03-26,CUST2651,Regular,North,Apparel,T-Shirt,2,1456,2912,10.0,291.2,2620.8,Debit Card,0
102016,2023-08-16,CUST1991,Regular,South,Apparel,T-Shirt,3,1615,4845,10.0,484.5,4360.5,UPI,0
102017,2023-12-12,CUST2834,New,North,Apparel,Sneakers,2,647,1294,10.0,129.4,1164.6,Net Banking,0
102018,2023-07-18,CUST1724,New,Central,Sports,Cycling Helmet,3,4939,14817,15.0,2222.55,12594.45,UPI,0
102019,2023-11-22,CUST2368,Regular,South,Apparel,Sneakers,2,2983,5966,10.0,596.6,5369.4,UPI,0
102020,2023-02-24,CUST1327,Regular,Central,Beauty,Lipstick,3,1761,5283,15.0,792.45,4490.55,Credit Card,0
102021,2024-01-08,CUST2329,Premium,South,Beauty,Shampoo,5,189,945,5.0,47.25,897.75,Debit Card,0
102022,2023-04-20,CUST1956,Wholesale,South,Electronics,Smartwatch,1,42718,42718,10.0,4271.8,38446.2,Debit Card,0
102023,2023-04-13,CUST1582,Regular,South,Electronics,Smartphone,1,31823,31823,15.0,4773.45,27049.55,UPI,0
102024,2023-12-03,CUST2519,New,North,Home & Kitchen,Air Fryer,5,1684,8420,15.0,1263.0,7157.0,Debit Card,0
102025,2023-08-28,CUST1746,Premium,East,Home & Kitchen,Vacuum Cleaner,1,11983,11983,0.0,0.0,11983.0,UPI,0
102026,2024-03-24,CUST1207,Premium,South,Home & Kitchen,Bedsheet Set,2,1775,3550,10.0,355.0,3195.0,UPI,0
102027,2023-03-22,CUST2063,Regular,North,Home & Kitchen,Mixer Grinder,1,3799,3799,5.0,189.95,3609.05,Credit Card,0
102028,2024-03-26,CUST1783,Regular,East,Sports,Cricket Bat,2,7338,14676,20.0,2935.2,11740.8,UPI,0
102029,2023-05-13,CUST1269,Regular,East,Beauty,Sunscreen,3,1649,4947,,,,Credit Card,1
102030,2023-02-19,CUST3371,Premium,West,Electronics,Smartwatch,2,20364,40728,5.0,2036.4,38691.6,,0
102031,2023-05-02,CUST2164,New,South,Electronics,Headphones,1,24320,24320,0.0,0.0,24320.0,Credit Card,0
102032,2023-03-07,CUST1713,Premium,West,Electronics,Tablet,1,21153,21153,10.0,2115.3,19037.7,Credit Card,0
102033,2024-07-12,CUST2480,Premium,Central,Home & Kitchen,Vacuum Cleaner,1,4791,4791,15.0,718.65,4072.35,UPI,0
102034,2024-02-02,CUST3339,Premium,South,Electronics,Smartphone,2,5387,10774,,,,,0
102035,2024-03-14,CUST1989,Regular,North,Sports,Yoga Mat,2,4411,8822,5.0,441.1,8380.9,Cash on Delivery,0
102036,2024-05-05,CUST2256,Premium,East,Sports,Cricket Bat,5,5924,29620,10.0,2962.0,26658.0,Cash on Delivery,0
102037,2024-08-17,CUST1643,Premium,East,Home & Kitchen,Cookware Set,1,7232,7232,0.0,0.0,7232.0,UPI,0
102038,2023-12-09,CUST2554,Premium,North,Home & Kitchen,Mixer Grinder,1,11169,11169,,,,Net Banking,0
102039,2023-11-17,CUST1250,Regular,East,Home & Kitchen,Cookware Set,5,5483,27415,5.0,1370.75,26044.25,Debit Card,0
102040,2024-10-04,CUST1390,Wholesale,East,Apparel,Dress,3,3591,10773,10.0,1077.3,9695.7,Net Banking,1
102041,2023-03-13,CUST1023,Regular,North,Electronics,Smartphone,4,38941,155764,0.0,0.0,155764.0,Cash on Delivery,0
102042,2024-10-14,CUST1362,Regular,North,Sports,Cycling Helmet,5,614,3070,15.0,460.5,2609.5,UPI,0
102043,2024-01-29,CUST2869,Premium,West,Beauty,Lipstick,2,176,352,5.0,17.6,334.4,Net Banking,0
102044,2023-12-09,CUST1700,New,East,Sports,Cycling Helmet,1,7522,7522,20.0,1504.4,6017.6,Cash on Delivery,0
102045,2024-08-30,CUST1733,Regular,West,Sports,Running Shoes,1,2391,2391,10.0,239.1,2151.9,UPI,0
102046,2023-01-09,CUST1101,Regular,Central,Apparel,Sneakers,2,1848,3696,5.0,184.8,3511.2,Cash on Delivery,0
102047,2024-12-12,CUST3255,Premium,West,Sports,Dumbbell Set,1,7063,7063,15.0,1059.45,6003.55,Debit Card,1
102048,2023-01-07,CUST1700,Regular,North,Apparel,Jeans,2,3268,6536,15.0,980.4,5555.6,UPI,0
102049,2023-03-11,CUST2499,Regular,North,Home & Kitchen,Bedsheet Set,1,9356,9356,30.0,2806.8,6549.2,,0
102050,2024-08-02,CUST3253,New,South,Electronics,Smartwatch,2,8474,16948,0.0,0.0,16948.0,Credit Card,0
102051,2024-07-17,CUST1385,Premium,Central,Electronics,Tablet,2,59219,118438,20.0,23687.6,94750.4,UPI,0
102052,2024-01-26,CUST3473,Wholesale,East,Sports,Cycling Helmet,2,2436,4872,10.0,487.2,4384.8,UPI,0
102053,2023-08-10,CUST3085,Regular,South,Electronics,Tablet,1,26104,26104,5.0,1305.2,24798.8,Debit Card,0
102054,2023-10-10,CUST2952,Wholesale,North,Home & Kitchen,Vacuum Cleaner,5,11570,57850,5.0,2892.5,54957.5,Credit Card,0
102055,2023-06-16,CUST1936,New,North,Electronics,Smartphone,1,13141,13141,20.0,2628.2,10512.8,Net Banking,0
102056,2023-05-19,CUST1539,Wholesale,East,Apparel,T-Shirt,4,763,3052,5.0,152.6,2899.4,Cash on Delivery,0
102057,2024-06-21,CUST1053,Premium,North,Electronics,Smartphone,1,29120,29120,,,,Net Banking,0
102058,2023-05-11,CUST3039,Premium,South,Electronics,Laptop,3,4823,14469,0.0,0.0,14469.0,Credit Card,0
102059,2024-01-03,CUST1383,Regular,North,Apparel,T-Shirt,3,1927,5781,0.0,0.0,5781.0,Debit Card,0
102060,2024-03-03,CUST2410,Regular,East,Home & Kitchen,Mixer Grinder,2,7285,14570,0.0,0.0,14570.0,Cash on Delivery,0
102061,2024-09-01,CUST1918,Regular,West,Apparel,Sneakers,1,2282,2282,10.0,228.2,2053.8,Debit Card,0
102062,2023-05-16,CUST1303,Regular,West,Electronics,Smartphone,3,44213,132639,0.0,0.0,132639.0,UPI,0
102063,2024-04-25,CUST1488,Regular,South,Home & Kitchen,Air Fryer,2,1469,2938,0.0,0.0,2938.0,Cash on Delivery,0
102064,2023-01-30,CUST1617,Wholesale,East,Home & Kitchen,Cookware Set,2,9667,19334,10.0,1933.4,17400.6,UPI,0
102065,2024-08-04,CUST2509,Regular,South,Electronics,Laptop,1,9267,9267,30.0,2780.1,6486.9,Net Banking,0
102066,2024-03-03,CUST1344,Wholesale,West,Beauty,Lipstick,3,1719,5157,15.0,773.55,4383.45,Debit Card,0
102067,2024-08-07,CUST2043,Regular,East,Sports,Running Shoes,1,5261,5261,15.0,789.15,4471.85,Credit Card,0
102068,2023-11-04,CUST3324,Regular,South,Electronics,Smartwatch,1,29777,29777,0.0,0.0,29777.0,Cash on Delivery,0
102069,2024-03-02,CUST1691,Wholesale,Central,Home & Kitchen,Mixer Grinder,3,10704,32112,0.0,0.0,32112.0,Debit Card,1
102070,2024-01-30,CUST2683,Regular,North,Apparel,Sneakers,2,3816,7632,15.0,1144.8,6487.2,UPI,0
102071,2024-11-12,CUST3102,Regular,Central,Apparel,Jacket,1,2672,2672,15.0,400.8,2271.2,UPI,0
102072,2024-10-13,CUST1983,Premium,South,Electronics,Tablet,2,49665,99330,30.0,29799.0,69531.0,UPI,0
102073,2023-11-15,CUST1980,Premium,Central,Electronics,Tablet,4,38914,155656,15.0,23348.4,132307.6,UPI,0
102074,2023-05-18,CUST2067,Regular,North,Home & Kitchen,Air Fryer,2,11723,23446,20.0,4689.2,18756.8,Cash on Delivery,0
102075,2023-07-27,CUST2093,Regular,North,Electronics,Laptop,5,6582,32910,10.0,3291.0,29619.0,Credit Card,0
102076,2024-01-14,CUST3403,New,Central,Beauty,Lipstick,3,1250,3750,5.0,187.5,3562.5,UPI,0
102077,2024-12-30,CUST2109,Premium,South,Home & Kitchen,Vacuum Cleaner,1,4730,4730,5.0,236.5,4493.5,Credit Card,0
102078,2024-02-07,CUST1323,New,Central,Beauty,Sunscreen,1,410,410,0.0,0.0,410.0,UPI,0
102079,2023-07-01,CUST2254,Premium,East,Home & Kitchen,Vacuum Cleaner,2,9573,19146,0.0,0.0,19146.0,Net Banking,0
102080,2024-06-04,CUST2561,Regular,West,Electronics,Headphones,1,13648,13648,0.0,0.0,13648.0,UPI,0
102081,2024-02-11,CUST1981,New,West,Home & Kitchen,Air Fryer,1,4724,4724,15.0,708.6,4015.4,UPI,0
102082,2024-01-12,CUST2084,Regular,South,Sports,Yoga Mat,2,7165,14330,15.0,2149.5,12180.5,UPI,0
102083,2024-10-28,CUST2265,Regular,South,Sports,Cycling Helmet,5,7189,35945,15.0,5391.75,30553.25,UPI,0
102084,2023-08-07,CUST1074,New,West,Electronics,Smartwatch,1,38630,38630,0.0,0.0,38630.0,Cash on Delivery,0
102085,2023-01-31,CUST3248,Wholesale,South,Sports,Yoga Mat,4,1663,6652,0.0,0.0,6652.0,Debit Card,0
102086,2024-04-02,CUST1721,Wholesale,South,Electronics,Tablet,1,19905,19905,15.0,2985.75,16919.25,UPI,0
102087,2024-03-19,CUST1670,Wholesale,East,Sports,Running Shoes,2,898,1796,0.0,0.0,1796.0,Credit Card,0
102088,2024-10-25,CUST1540,Regular,West,Electronics,Tablet,2,28430,56860,0.0,0.0,56860.0,UPI,0
102089,2024-08-14,CUST1253,Regular,East,Beauty,Lipstick,2,921,1842,0.0,0.0,1842.0,UPI,0
102090,2024-10-23,CUST2333,Premium,North,Electronics,Headphones,2,54930,109860,,,,Debit Card,0
102091,2024-10-26,CUST1269,Regular,North,Sports,Yoga Mat,1,7515,7515,10.0,751.5,6763.5,Cash on Delivery,0
102092,2023-11-13,CUST3349,Premium,East,Apparel,Jacket,3,3113,9339,,,,Debit Card,0
102093,2024-12-09,CUST1812,Premium,South,Electronics,Laptop,1,51508,51508,15.0,7726.2,43781.8,Debit Card,0
102094,2023-05-05,CUST1109,Premium,Central,Apparel,Sneakers,1,1816,1816,10.0,181.6,1634.4,Net Banking,0
102095,2024-09-07,CUST2442,New,South,Apparel,Dress,1,2985,2985,10.0,298.5,2686.5,Net Banking,0
102096,2024-11-06,CUST3138,New,Central,Apparel,Jeans,1,1092,1092,15.0,163.8,928.2,UPI,0
102097,2024-09-09,CUST1909,Premium,North,Sports,Dumbbell Set,1,6162,6162,15.0,924.3,5237.7,Credit Card,0
102098,2023-12-29,CUST2626,New,West,Apparel,Jeans,1,2133,2133,5.0,106.65,2026.35,UPI,0
102099,2023-04-04,CUST1494,New,Central,Electronics,Tablet,2,31588,63176,5.0,3158.8,60017.2,Cash on Delivery,0
102100,2024-06-01,CUST2450,Regular,North,Apparel,Jeans,1,558,558,10.0,55.8,502.2,Debit Card,0
102101,2024-10-22,CUST2780,Premium,South,Sports,Dumbbell Set,1,6284,6284,20.0,1256.8,5027.2,Credit Card,0
102102,2024-12-25,CUST1536,New,East,Home & Kitchen,Bedsheet Set,3,7395,22185,10.0,2218.5,19966.5,Cash on Delivery,0
102103,2023-05-29,CUST3488,Regular,South,Apparel,Jeans,2,1025,2050,0.0,0.0,2050.0,Cash on Delivery,0
102104,2023-10-27,CUST1754,Premium,North,Home & Kitchen,Cookware Set,3,11783,35349,30.0,10604.7,24744.3,Net Banking,0
102105,2023-07-02,CUST2595,Regular,South,Home & Kitchen,Air Fryer,4,3798,15192,10.0,1519.2,13672.8,Credit Card,0
102106,2023-09-06,CUST3014,Regular,East,Beauty,Shampoo,1,619,619,15.0,92.85,526.15,UPI,0
102107,2023-10-10,CUST1499,New,West,Electronics,Laptop,2,1913,3826,10.0,382.6,3443.4,Credit Card,0
102108,2024-10-30,CUST1234,Wholesale,West,Sports,Cricket Bat,1,2300,2300,5.0,115.0,2185.0,UPI,0
102109,2024-06-04,CUST2950,Wholesale,West,Home & Kitchen,Air Fryer,1,8558,8558,0.0,0.0,8558.0,Credit Card,0
102110,2023-02-16,CUST2753,Regular,South,Home & Kitchen,Vacuum Cleaner,1,1991,1991,10.0,199.1,1791.9,Net Banking,0
102111,2023-10-02,CUST1374,Premium,South,Electronics,Smartphone,2,38608,77216,10.0,7721.6,69494.4,,0
102112,2024-08-13,CUST1246,New,West,Beauty,Sunscreen,1,1996,1996,0.0,0.0,1996.0,UPI,0
102113,2024-05-03,CUST3032,Regular,East,Electronics,Laptop,2,2690,5380,0.0,0.0,5380.0,UPI,0
102114,2023-04-09,CUST2652,Regular,West,Apparel,T-Shirt,2,1659,3318,5.0,165.9,3152.1,Net Banking,0
102115,2024-04-18,CUST1303,Wholesale,East,Sports,Cycling Helmet,1,5139,5139,10.0,513.9,4625.1,Debit Card,0
102116,2023-06-18,CUST1115,New,East,Beauty,Lipstick,3,909,2727,15.0,409.05,2317.95,Credit Card,0
102117,2024-04-16,CUST1851,New,North,Home & Kitchen,Bedsheet Set,1,10984,10984,5.0,549.2,10434.8,Cash on Delivery,0
102118,2024-10-08,CUST1771,New,West,Sports,Cricket Bat,3,5660,16980,5.0,849.0,16131.0,UPI,0
102119,2023-02-01,CUST3400,Regular,South,Sports,Cycling Helmet,1,1521,1521,10.0,152.1,1368.9,UPI,0
102120,2023-03-12,CUST2868,Regular,North,Home & Kitchen,Mixer Grinder,2,8767,17534,15.0,2630.1,14903.9,UPI,0
102121,2023-10-18,CUST2254,Regular,East,Beauty,Face Cream,4,724,2896,15.0,434.4,2461.6,Cash on Delivery,0
102122,2023-11-13,CUST1364,New,West,Sports,Running Shoes,1,4168,4168,5.0,208.4,3959.6,Debit Card,0
102123,2024-03-05,CUST2665,Regular,East,Apparel,Sneakers,1,1823,1823,0.0,0.0,1823.0,UPI,0
102124,2023-09-08,CUST2115,New,Central,Home & Kitchen,Vacuum Cleaner,2,8504,17008,5.0,850.4,16157.6,Debit Card,0
102125,2024-08-01,CUST2466,Regular,Central,Beauty,Sunscreen,2,473,946,0.0,0.0,946.0,UPI,0
102126,2023-05-21,CUST1032,Regular,North,Sports,Running Shoes,1,6191,6191,10.0,619.1,5571.9,UPI,0
102127,2023-07-03,CUST2227,New,South,Home & Kitchen,Vacuum Cleaner,1,9467,9467,0.0,0.0,9467.0,UPI,0
102128,2023-08-29,CUST2611,Premium,South,Electronics,Headphones,1,41744,41744,10.0,4174.4,37569.6,Net Banking,0
102129,2023-12-24,CUST2196,Regular,South,Home & Kitchen,Air Fryer,2,4863,9726,5.0,486.3,9239.7,Net Banking,0
102130,2023-08-15,CUST2001,Regular,East,Home & Kitchen,Vacuum Cleaner,4,5802,23208,15.0,3481.2,19726.8,UPI,0
102131,2024-09-14,CUST2679,New,West,Apparel,Jacket,1,2768,2768,10.0,276.8,2491.2,UPI,0
102132,2023-09-28,CUST2344,Wholesale,North,Electronics,Tablet,1,51246,51246,0.0,0.0,51246.0,Credit Card,0
102133,2024-05-27,CUST3139,Wholesale,West,Beauty,Shampoo,4,1045,4180,15.0,627.0,3553.0,Credit Card,0
102134,2024-08-19,CUST1250,Regular,West,Home & Kitchen,Mixer Grinder,1,2497,2497,10.0,249.7,2247.3,Debit Card,0
102135,2024-12-08,CUST2424,New,West,Apparel,T-Shirt,1,2360,2360,15.0,354.0,2006.0,UPI,0
102136,2023-07-17,CUST1041,Premium,South,Home & Kitchen,Air Fryer,1,8543,8543,0.0,0.0,8543.0,UPI,0
102137,2023-02-13,CUST3320,Wholesale,West,Home & Kitchen,Vacuum Cleaner,1,5787,5787,0.0,0.0,5787.0,Credit Card,0
102138,2023-02-25,CUST2890,Premium,North,Electronics,Laptop,1,49819,49819,15.0,7472.85,42346.15,Cash on Delivery,0
102139,2023-12-08,CUST2930,Regular,South,Beauty,Perfume,1,1754,1754,10.0,175.4,1578.6,Credit Card,0
102140,2023-01-03,CUST2222,Premium,South,Sports,Running Shoes,1,1063,1063,0.0,0.0,1063.0,Cash on Delivery,0
102141,2023-07-13,CUST2519,Premium,Central,Home & Kitchen,Vacuum Cleaner,1,4425,4425,5.0,221.25,4203.75,Credit Card,0
102142,2023-02-19,CUST1137,New,Central,Apparel,Jacket,1,1151,1151,0.0,0.0,1151.0,UPI,0
102143,2023-09-12,CUST2233,Premium,Central,Apparel,Jacket,1,1599,1599,15.0,239.85,1359.15,UPI,0
102144,2023-08-26,CUST1133,Regular,East,Beauty,Sunscreen,4,1773,7092,10.0,709.2,6382.8,UPI,0
102145,2024-07-19,CUST1367,New,East,Home & Kitchen,Cookware Set,1,5397,5397,10.0,539.7,4857.3,UPI,0
102146,2024-10-24,CUST1851,New,West,Beauty,Lipstick,1,2057,2057,30.0,617.1,1439.9,Credit Card,0
102147,2023-11-23,CUST2148,Premium,East,Electronics,Laptop,1,16467,16467,20.0,3293.4,13173.6,Credit Card,0
102148,2024-03-08,CUST1627,Premium,East,Beauty,Perfume,1,803,803,5.0,40.15,762.85,UPI,0
102149,2024-09-30,CUST1837,New,Central,Apparel,T-Shirt,1,466,466,0.0,0.0,466.0,Debit Card,1
102150,2023-01-11,CUST1503,Regular,South,Apparel,T-Shirt,3,1208,3624,20.0,724.8,2899.2,Credit Card,0
102151,2024-11-17,CUST3497,Regular,Central,Beauty,Lipstick,3,1942,5826,20.0,1165.2,4660.8,UPI,0
102152,2024-09-16,CUST1320,New,East,Home & Kitchen,Vacuum Cleaner,3,1728,5184,10.0,518.4,4665.6,Net Banking,1
102153,2023-06-27,CUST1539,Regular,Central,Apparel,Dress,1,3552,3552,5.0,177.6,3374.4,Cash on Delivery,0
102154,2023-02-17,CUST1669,Premium,North,Apparel,Dress,1,2277,2277,5.0,113.85,2163.15,Cash on Delivery,0
102155,2024-11-08,CUST2060,Regular,South,Apparel,Jacket,1,1929,1929,15.0,289.35,1639.65,Credit Card,0
102156,2024-11-07,CUST2066,New,South,Sports,Running Shoes,1,5760,5760,15.0,864.0,4896.0,Credit Card,0
102157,2024-02-28,CUST3218,Regular,East,Electronics,Tablet,1,53054,53054,0.0,0.0,53054.0,UPI,0
102158,2023-08-21,CUST1262,New,North,Sports,Running Shoes,1,5652,5652,10.0,565.2,5086.8,UPI,0
102159,2023-07-04,CUST2043,Regular,Central,Apparel,Jacket,3,564,1692,10.0,169.2,1522.8,Credit Card,0
102160,2024-06-03,CUST1763,New,South,Apparel,Jeans,3,1420,4260,5.0,213.0,4047.0,Cash on Delivery,1
102161,2023-04-13,CUST2419,Regular,North,Apparel,T-Shirt,1,593,593,0.0,0.0,593.0,Cash on Delivery,0
102162,2024-12-05,CUST1302,New,South,Sports,Running Shoes,1,5985,5985,15.0,897.75,5087.25,Debit Card,0
102163,2024-04-10,CUST2031,Regular,West,Electronics,Smartwatch,2,20593,41186,0.0,0.0,41186.0,Cash on Delivery,0
102164,2024-12-12,CUST3016,New,North,Home & Kitchen,Cookware Set,1,2592,2592,0.0,0.0,2592.0,UPI,0
102165,2024-02-02,CUST1612,Wholesale,South,Home & Kitchen,Cookware Set,1,8244,8244,,,,Cash on Delivery,0
102166,2023-05-28,CUST2566,Premium,Central,Electronics,Smartwatch,1,13044,13044,5.0,652.2,12391.8,UPI,1
102167,2023-07-16,CUST1075,New,West,Apparel,T-Shirt,1,2610,2610,30.0,783.0,1827.0,Credit Card,0
102168,2023-11-09,CUST1680,Regular,Central,Sports,Cycling Helmet,2,596,1192,30.0,357.6,834.4,UPI,1
102169,2023-01-11,CUST1776,Regular,North,Home & Kitchen,Bedsheet Set,2,9114,18228,15.0,2734.2,15493.8,Debit Card,0
102170,2024-11-29,CUST3448,Premium,Central,Beauty,Lipstick,1,1777,1777,10.0,177.7,1599.3,Cash on Delivery,1
102171,2023-11-21,CUST2469,New,East,Beauty,Shampoo,2,2189,4378,15.0,656.7,3721.3,Cash on Delivery,0
102172,2024-08-03,CUST1548,Regular,North,Apparel,T-Shirt,1,729,729,5.0,36.45,692.55,UPI,0
102173,2023-01-29,CUST2681,Regular,South,Home & Kitchen,Bedsheet Set,2,3272,6544,10.0,654.4,5889.6,UPI,0
102174,2023-08-12,CUST1631,New,East,Electronics,Laptop,2,40258,80516,30.0,24154.8,56361.2,Credit Card,0
102175,2024-10-23,CUST2061,Premium,South,Beauty,Shampoo,2,886,1772,30.0,531.6,1240.4,UPI,0
102176,2024-09-30,CUST1913,Regular,Central,Sports,Yoga Mat,2,1295,2590,0.0,0.0,2590.0,Cash on Delivery,0
102177,2024-11-01,CUST1643,Regular,South,Sports,Yoga Mat,1,7476,7476,20.0,1495.2,5980.8,Cash on Delivery,0
102178,2023-03-07,CUST3094,Wholesale,North,Electronics,Laptop,2,57238,114476,10.0,11447.6,103028.4,Credit Card,0
102179,2024-11-09,CUST2220,Premium,Central,Electronics,Headphones,3,36779,110337,5.0,5516.85,104820.15,Credit Card,0
102180,2023-01-09,CUST2251,Premium,Central,Electronics,Tablet,2,8691,17382,15.0,2607.3,14774.7,Cash on Delivery,1
102181,2023-05-17,CUST3148,Regular,South,Electronics,Smartphone,2,53575,107150,0.0,0.0,107150.0,Credit Card,0
102182,2024-05-06,CUST2273,Wholesale,South,Apparel,Jacket,1,1740,1740,0.0,0.0,1740.0,Debit Card,0
102183,2023-05-02,CUST2786,Regular,North,Sports,Running Shoes,5,5894,29470,0.0,0.0,29470.0,Cash on Delivery,0
102184,2023-05-29,CUST2036,Premium,South,Apparel,T-Shirt,1,1149,1149,0.0,0.0,1149.0,UPI,0
102185,2024-06-28,CUST1458,Premium,West,Apparel,T-Shirt,4,3401,13604,30.0,4081.2,9522.8,Credit Card,0
102186,2023-04-03,CUST1658,Premium,South,Beauty,Sunscreen,1,1287,1287,10.0,128.7,1158.3,UPI,0
102187,2024-06-10,CUST1085,Premium,South,Apparel,T-Shirt,1,2650,2650,10.0,265.0,2385.0,Cash on Delivery,0
102188,2024-12-05,CUST3228,Premium,North,Apparel,T-Shirt,1,422,422,5.0,21.1,400.9,UPI,0
102189,2024-02-10,CUST3168,Regular,West,Apparel,T-Shirt,1,1717,1717,10.0,171.7,1545.3,Debit Card,0
102190,2023-08-29,CUST3312,Wholesale,West,Sports,Yoga Mat,1,7401,7401,20.0,1480.2,5920.8,Cash on Delivery,0
102191,2024-09-18,CUST1999,Regular,Central,Electronics,Smartphone,1,31063,31063,0.0,0.0,31063.0,Credit Card,0
102192,2023-08-21,CUST1878,Premium,Central,Apparel,Dress,2,1247,2494,0.0,0.0,2494.0,Net Banking,0
102193,2024-05-10,CUST2648,Regular,North,Beauty,Face Cream,1,617,617,0.0,0.0,617.0,UPI,0
102194,2023-07-01,CUST1304,Regular,Central,Beauty,Lipstick,2,2411,4822,10.0,482.2,4339.8,Credit Card,0
102195,2023-07-14,CUST3214,Regular,South,Apparel,Dress,1,1042,1042,10.0,104.2,937.8,Credit Card,0
102196,2024-06-04,CUST1081,Regular,East,Apparel,Jacket,3,2288,6864,0.0,0.0,6864.0,Credit Card,0
102197,2024-02-20,CUST3383,Regular,West,Beauty,Lipstick,1,327,327,0.0,0.0,327.0,UPI,0
102198,2023-06-21,CUST2913,Regular,North,Electronics,Tablet,3,35752,107256,0.0,0.0,107256.0,Credit Card,0
102199,2024-09-13,CUST3184,Wholesale,Central,Beauty,Lipstick,1,603,603,0.0,0.0,603.0,Cash on Delivery,0
102200,2024-10-20,CUST1617,New,East,Apparel,Dress,1,1624,1624,10.0,162.4,1461.6,,0
102201,2024-12-19,CUST2449,Premium,North,Beauty,Lipstick,3,2336,7008,15.0,1051.2,5956.8,Debit Card,0
102202,2024-08-11,CUST1665,New,East,Electronics,Laptop,3,22712,68136,10.0,6813.6,61322.4,UPI,0
102203,2023-12-18,CUST2220,Wholesale,North,Home & Kitchen,Cookware Set,1,11796,11796,10.0,1179.6,10616.4,UPI,0
102204,2023-05-20,CUST3417,Regular,West,Sports,Cycling Helmet,5,1669,8345,15.0,1251.75,7093.25,Credit Card,0
102205,2023-11-08,CUST3438,Regular,South,Electronics,Smartwatch,2,39123,78246,5.0,3912.3,74333.7,Credit Card,0
102206,2024-04-13,CUST3085,Regular,North,Home & Kitchen,Air Fryer,1,6566,6566,10.0,656.6,5909.4,Cash on Delivery,0
102207,2023-07-18,CUST3125,Premium,South,Sports,Cycling Helmet,5,4285,21425,0.0,0.0,21425.0,Cash on Delivery,0
102208,2024-10-07,CUST2199,New,North,Home & Kitchen,Cookware Set,2,10327,20654,10.0,2065.4,18588.6,Net Banking,0
102209,2024-08-21,CUST3108,Premium,East,Sports,Yoga Mat,1,6990,6990,5.0,349.5,6640.5,Net Banking,0
102210,2024-02-08,CUST2624,Regular,North,Electronics,Headphones,1,12700,12700,0.0,0.0,12700.0,UPI,0
102211,2024-02-14,CUST2468,Regular,West,Home & Kitchen,Bedsheet Set,2,1096,2192,10.0,219.2,1972.8,Debit Card,1
102212,2024-06-16,CUST1168,New,North,Electronics,Laptop,3,1535,4605,0.0,0.0,4605.0,Cash on Delivery,0
102213,2023-12-04,CUST2072,Premium,North,Beauty,Perfume,1,2407,2407,15.0,361.05,2045.95,Net Banking,0
102214,2023-04-19,CUST2517,New,South,Sports,Cricket Bat,1,1723,1723,10.0,172.3,1550.7,Net Banking,0
102215,2023-01-14,CUST1417,Wholesale,East,Electronics,Smartphone,1,15449,15449,0.0,0.0,15449.0,Cash on Delivery,0
102216,2024-08-29,CUST3315,Regular,East,Sports,Cricket Bat,1,3673,3673,5.0,183.65,3489.35,Credit Card,0
102217,2023-07-16,CUST2965,New,Central,Beauty,Sunscreen,1,1919,1919,10.0,191.9,1727.1,UPI,0
102218,2023-01-20,CUST2751,New,East,Electronics,Tablet,2,32439,64878,10.0,6487.8,58390.2,Debit Card,0
102219,2024-01-17,CUST1177,Premium,Central,Electronics,Smartphone,1,16633,16633,0.0,0.0,16633.0,UPI,0
102220,2024-02-07,CUST2532,Regular,East,Beauty,Perfume,1,2438,2438,20.0,487.6,1950.4,UPI,0
102221,2023-06-18,CUST2786,Regular,West,Home & Kitchen,Mixer Grinder,1,2865,2865,10.0,286.5,2578.5,Debit Card,0
102222,2024-05-04,CUST2358,Regular,East,Apparel,Jacket,5,3546,17730,0.0,0.0,17730.0,UPI,0
102223,2023-08-30,CUST2243,New,East,Apparel,Jacket,2,3648,7296,20.0,1459.2,5836.8,Credit Card,0
102224,2024-07-08,CUST1949,Regular,South,Home & Kitchen,Vacuum Cleaner,1,4450,4450,5.0,222.5,4227.5,Cash on Delivery,0
102225,2024-07-01,CUST1416,Regular,East,Apparel,Jacket,1,2403,2403,5.0,120.15,2282.85,Credit Card,0
102226,2023-06-20,CUST1278,Regular,Central,Sports,Yoga Mat,2,1546,3092,0.0,0.0,3092.0,Cash on Delivery,0
102227,2024-04-28,CUST3234,Wholesale,North,Apparel,Jeans,1,2297,2297,0.0,0.0,2297.0,Cash on Delivery,0
102228,2023-09-10,CUST2250,Regular,South,Sports,Cricket Bat,2,5039,10078,0.0,0.0,10078.0,UPI,0
102229,2023-06-24,CUST3003,Premium,West,Home & Kitchen,Cookware Set,1,5922,5922,0.0,0.0,5922.0,Cash on Delivery,0
102230,2024-01-13,CUST2487,Premium,South,Sports,Yoga Mat,5,927,4635,10.0,463.5,4171.5,Cash on Delivery,0
102231,2023-11-12,CUST1879,Regular,North,Sports,Yoga Mat,1,2705,2705,10.0,270.5,2434.5,Net Banking,0
102232,2024-01-01,CUST1487,Regular,East,Apparel,Jacket,1,3979,3979,0.0,0.0,3979.0,Debit Card,0
102233,2023-12-31,CUST3470,New,South,Sports,Cricket Bat,1,2133,2133,15.0,319.95,1813.05,UPI,0
102234,2023-07-28,CUST1891,Regular,North,Electronics,Headphones,2,16662,33324,5.0,1666.2,31657.8,Cash on Delivery,0
102235,2024-03-07,CUST1153,Regular,South,Electronics,Smartphone,3,46613,139839,0.0,0.0,139839.0,Debit Card,0
102236,2024-06-09,CUST2946,Regular,North,Beauty,Sunscreen,1,429,429,20.0,85.8,343.2,UPI,0
102237,2023-07-21,CUST1500,Wholesale,North,Electronics,Headphones,2,55712,111424,20.0,22284.8,89139.2,Cash on Delivery,0
102238,2024-03-31,CUST3096,Premium,West,Home & Kitchen,Air Fryer,2,11628,23256,5.0,1162.8,22093.2,Cash on Delivery,0
102239,2023-02-21,CUST2143,Regular,South,Electronics,Tablet,4,38496,153984,0.0,0.0,153984.0,UPI,0
102240,2024-01-26,CUST1267,Wholesale,South,Beauty,Face Cream,2,1701,3402,20.0,680.4,2721.6,UPI,0
102241,2023-11-14,CUST2073,New,South,Apparel,Jeans,2,2022,4044,5.0,202.2,3841.8,Cash on Delivery,0
102242,2023-12-16,CUST3439,Premium,South,Electronics,Tablet,1,40005,40005,20.0,8001.0,32004.0,Cash on Delivery,0
102243,2024-07-21,CUST2394,Regular,Central,Home & Kitchen,Air Fryer,3,1077,3231,0.0,0.0,3231.0,Credit Card,0
102244,2023-06-17,CUST2207,Regular,Central,Electronics,Smartphone,1,36909,36909,5.0,1845.45,35063.55,Cash on Delivery,0
102245,2024-02-04,CUST2519,Premium,West,Home & Kitchen,Bedsheet Set,3,5674,17022,0.0,0.0,17022.0,Credit Card,0
102246,2024-05-17,CUST1210,Premium,North,Home & Kitchen,Bedsheet Set,1,9318,9318,5.0,465.9,8852.1,UPI,0
102247,2023-07-03,CUST1303,Premium,North,Apparel,T-Shirt,3,3452,10356,10.0,1035.6,9320.4,Credit Card,0
102248,2023-05-21,CUST2344,Regular,East,Home & Kitchen,Bedsheet Set,5,11274,56370,10.0,5637.0,50733.0,,0
102249,2024-08-17,CUST1654,Regular,South,Sports,Cricket Bat,1,7011,7011,0.0,0.0,7011.0,Cash on Delivery,0
102250,2024-06-19,CUST2399,Regular,West,Beauty,Sunscreen,1,1041,1041,,,,Cash on Delivery,0
102251,2024-03-20,CUST3206,Premium,South,Sports,Yoga Mat,1,5495,5495,0.0,0.0,5495.0,UPI,0
102252,2023-03-23,CUST2823,New,East,Home & Kitchen,Vacuum Cleaner,2,1171,2342,5.0,117.1,2224.9,UPI,1
102253,2024-04-24,CUST1850,New,West,Sports,Yoga Mat,1,7556,7556,5.0,377.8,7178.2,UPI,0
102254,2023-08-15,CUST2903,Regular,South,Home & Kitchen,Mixer Grinder,1,11564,11564,0.0,0.0,11564.0,Credit Card,0
102255,2023-01-13,CUST1987,New,East,Home & Kitchen,Cookware Set,1,7264,7264,10.0,726.4,6537.6,Cash on Delivery,0
102256,2024-08-21,CUST1550,Regular,Central,Electronics,Smartphone,1,17793,17793,5.0,889.65,16903.35,Credit Card,0
102257,2024-10-23,CUST3191,New,South,Home & Kitchen,Vacuum Cleaner,1,7789,7789,15.0,1168.35,6620.65,Cash on Delivery,0
102258,2023-04-14,CUST2888,New,North,Sports,Yoga Mat,2,7703,15406,10.0,1540.6,13865.4,UPI,0
102259,2023-07-31,CUST2801,Regular,Central,Beauty,Face Cream,1,2182,2182,15.0,327.3,1854.7,UPI,0
102260,2023-03-22,CUST1247,Regular,West,Apparel,Jacket,2,3351,6702,0.0,0.0,6702.0,UPI,0
102261,2024-12-22,CUST2008,Regular,North,Electronics,Headphones,2,37187,74374,10.0,7437.4,66936.6,Debit Card,0
102262,2023-03-30,CUST1473,Premium,South,Home & Kitchen,Air Fryer,3,4722,14166,0.0,0.0,14166.0,Cash on Delivery,0
102263,2023-04-14,CUST1982,Premium,Central,Beauty,Perfume,2,324,648,5.0,32.4,615.6,Credit Card,0
102264,2024-04-27,CUST2549,Premium,Central,Beauty,Shampoo,1,2381,2381,0.0,0.0,2381.0,UPI,0
102265,2024-02-24,CUST1281,Regular,South,Electronics,Headphones,1,17842,17842,0.0,0.0,17842.0,Cash on Delivery,0
102266,2024-12-22,CUST3193,Regular,South,Beauty,Face Cream,3,2041,6123,15.0,918.45,5204.55,Cash on Delivery,0
102267,2024-10-12,CUST3239,Regular,East,Home & Kitchen,Air Fryer,4,1502,6008,5.0,300.4,5707.6,UPI,0
102268,2023-01-02,CUST3085,Premium,East,Apparel,Sneakers,1,433,433,5.0,21.65,411.35,UPI,0
102269,2023-04-15,CUST2298,Regular,South,Home & Kitchen,Vacuum Cleaner,3,8226,24678,5.0,1233.9,23444.1,Debit Card,0
102270,2023-08-05,CUST3485,New,East,Electronics,Tablet,1,28485,28485,0.0,0.0,28485.0,UPI,0
102271,2024-10-03,CUST3085,Regular,East,Electronics,Tablet,2,12883,25766,15.0,3864.9,21901.1,Cash on Delivery,0
102272,2024-04-10,CUST2858,Regular,East,Home & Kitchen,Vacuum Cleaner,5,2633,13165,0.0,0.0,13165.0,Cash on Delivery,0
102273,2023-05-20,CUST3293,Premium,North,Beauty,Face Cream,3,237,711,15.0,106.65,604.35,Debit Card,0
102274,2023-05-03,CUST3063,Premium,East,Electronics,Smartwatch,1,56494,56494,10.0,5649.4,50844.6,Credit Card,0
102275,2024-06-19,CUST3097,Premium,West,Electronics,Tablet,2,33836,67672,10.0,6767.2,60904.8,Net Banking,0
102276,2023-08-16,CUST1034,Regular,South,Apparel,Jeans,2,1563,3126,10.0,312.6,2813.4,UPI,1
102277,2024-09-11,CUST1094,Regular,South,Electronics,Tablet,1,8887,8887,15.0,1333.05,7553.95,UPI,0
102278,2023-07-10,CUST2073,Premium,East,Sports,Dumbbell Set,3,6951,20853,5.0,1042.65,19810.35,Credit Card,0
102279,2023-03-11,CUST2144,New,Central,Apparel,Jeans,1,2903,2903,0.0,0.0,2903.0,,0
102280,2023-03-09,CUST2520,Premium,Central,Electronics,Smartphone,3,47852,143556,5.0,7177.8,136378.2,Credit Card,0
102281,2023-09-03,CUST1590,New,Central,Sports,Yoga Mat,1,1309,1309,15.0,196.35,1112.65,Cash on Delivery,0
102282,2023-10-11,CUST3352,Wholesale,East,Sports,Running Shoes,2,1737,3474,15.0,521.1,2952.9,UPI,0
102283,2024-02-21,CUST2186,Regular,West,Apparel,Jeans,1,1928,1928,20.0,385.6,1542.4,Debit Card,0
102284,2023-01-15,CUST1788,Regular,South,Home & Kitchen,Cookware Set,2,2433,4866,15.0,729.9,4136.1,Cash on Delivery,0
102285,2023-11-09,CUST2635,Regular,East,Beauty,Sunscreen,1,1031,1031,30.0,309.3,721.7,Debit Card,0
102286,2024-04-04,CUST2601,Regular,South,Apparel,T-Shirt,1,3590,3590,0.0,0.0,3590.0,Net Banking,0
102287,2024-02-29,CUST2904,New,East,Apparel,T-Shirt,1,1876,1876,5.0,93.8,1782.2,,0
102288,2024-05-02,CUST3306,Regular,South,Sports,Cricket Bat,4,2493,9972,30.0,2991.6,6980.4,Cash on Delivery,0
102289,2023-01-13,CUST2849,Regular,North,Electronics,Smartwatch,1,15668,15668,30.0,4700.4,10967.6,UPI,0
102290,2023-06-25,CUST1309,Regular,West,Apparel,T-Shirt,3,1236,3708,0.0,0.0,3708.0,Cash on Delivery,0
102291,2024-11-01,CUST2144,Regular,South,Beauty,Lipstick,2,252,504,0.0,0.0,504.0,Debit Card,0
102292,2024-02-22,CUST1025,Premium,Central,Electronics,Smartwatch,1,8771,8771,0.0,0.0,8771.0,Net Banking,0
102293,2024-04-10,CUST1539,Regular,South,Home & Kitchen,Vacuum Cleaner,2,1681,3362,5.0,168.1,3193.9,UPI,0
102294,2023-07-08,CUST3407,Premium,North,Home & Kitchen,Cookware Set,1,7309,7309,0.0,0.0,7309.0,UPI,1
102295,2023-10-04,CUST2943,Premium,West,Electronics,Laptop,2,49509,99018,20.0,19803.6,79214.4,UPI,0
102296,2023-07-04,CUST1386,New,East,Beauty,Sunscreen,3,898,2694,20.0,538.8,2155.2,Net Banking,0
102297,2023-08-19,CUST1098,Premium,South,Apparel,Sneakers,2,723,1446,30.0,433.8,1012.2,Net Banking,0
102298,2024-11-24,CUST1433,Regular,South,Apparel,Jacket,1,3788,3788,20.0,757.6,3030.4,UPI,0
102299,2023-04-19,CUST2657,Premium,West,Sports,Yoga Mat,1,1898,1898,10.0,189.8,1708.2,UPI,0
102300,2024-12-20,CUST3104,New,Central,Home & Kitchen,Bedsheet Set,2,7576,15152,30.0,4545.6,10606.4,Cash on Delivery,0
102301,2024-11-21,CUST2277,Regular,Central,Beauty,Shampoo,1,390,390,,,,Cash on Delivery,0
102302,2024-04-12,CUST3312,Regular,South,Home & Kitchen,Mixer Grinder,1,4580,4580,15.0,687.0,3893.0,UPI,0
102303,2023-04-23,CUST1206,Regular,South,Sports,Yoga Mat,1,1570,1570,0.0,0.0,1570.0,Debit Card,0
102304,2024-02-18,CUST1808,Regular,West,Sports,Cycling Helmet,1,5480,5480,30.0,1644.0,3836.0,UPI,0
102305,2023-11-30,CUST3065,Regular,East,Apparel,Jacket,1,1501,1501,0.0,0.0,1501.0,Credit Card,0
102306,2023-06-11,CUST1039,Regular,South,Electronics,Laptop,5,39123,195615,5.0,9780.75,185834.25,Debit Card,0
102307,2023-06-22,CUST1006,New,Central,Electronics,Laptop,2,14561,29122,,,,Credit Card,0
102308,2023-08-02,CUST2651,Regular,South,Apparel,T-Shirt,1,484,484,10.0,48.4,435.6,Credit Card,0
102309,2024-04-09,CUST3327,Regular,East,Apparel,Dress,2,2907,5814,30.0,1744.2,4069.8,UPI,0
102310,2023-04-03,CUST2574,New,South,Electronics,Headphones,3,9306,27918,10.0,2791.8,25126.2,UPI,0
102311,2024-08-04,CUST3178,Regular,South,Apparel,Jeans,3,3207,9621,15.0,1443.15,8177.85,UPI,0
102312,2024-08-14,CUST1336,Regular,West,Beauty,Sunscreen,1,2369,2369,15.0,355.35,2013.65,Debit Card,0
102313,2024-07-14,CUST3414,New,West,Beauty,Lipstick,1,316,316,,,,Credit Card,0
102314,2024-06-11,CUST1337,Wholesale,West,Home & Kitchen,Cookware Set,1,2745,2745,10.0,274.5,2470.5,Credit Card,0
102315,2023-04-09,CUST3053,Wholesale,South,Sports,Yoga Mat,1,5790,5790,0.0,0.0,5790.0,Debit Card,0
102316,2023-05-25,CUST2486,New,West,Sports,Cricket Bat,4,7093,28372,10.0,2837.2,25534.8,,0
102317,2023-07-28,CUST3487,Regular,East,Home & Kitchen,Cookware Set,1,7535,7535,0.0,0.0,7535.0,Cash on Delivery,0
102318,2024-09-03,CUST1391,New,East,Home & Kitchen,Vacuum Cleaner,1,5278,5278,20.0,1055.6,4222.4,Credit Card,0
102319,2023-03-01,CUST3076,Regular,Central,Sports,Dumbbell Set,1,6286,6286,10.0,628.6,5657.4,Cash on Delivery,0
102320,2023-06-05,CUST1576,New,East,Apparel,Jeans,2,2229,4458,20.0,891.6,3566.4,Cash on Delivery,0
102321,2023-02-04,CUST1931,Regular,North,Sports,Cricket Bat,1,6142,6142,10.0,614.2,5527.8,UPI,0
102322,2024-01-03,CUST1653,Regular,North,Apparel,Sneakers,2,1054,2108,,,,Cash on Delivery,0
102323,2024-09-26,CUST1284,Wholesale,North,Electronics,Tablet,1,10641,10641,10.0,1064.1,9576.9,Debit Card,0
102324,2024-10-05,CUST1129,New,South,Apparel,Jacket,1,2712,2712,0.0,0.0,2712.0,UPI,0
102325,2023-03-04,CUST1523,Wholesale,South,Beauty,Sunscreen,1,1233,1233,10.0,123.3,1109.7,UPI,0
102326,2024-07-29,CUST1719,New,Central,Apparel,Dress,2,2277,4554,30.0,1366.2,3187.8,Cash on Delivery,0
102327,2023-07-25,CUST2083,Regular,North,Apparel,Dress,1,2968,2968,0.0,0.0,2968.0,Debit Card,0
102328,2024-06-29,CUST2059,Regular,Central,Home & Kitchen,Mixer Grinder,2,7835,15670,30.0,4701.0,10969.0,Net Banking,0
102329,2023-11-16,CUST1896,Premium,West,Beauty,Face Cream,1,877,877,20.0,175.4,701.6,UPI,0
102330,2024-10-11,CUST1839,Regular,West,Home & Kitchen,Air Fryer,1,2554,2554,0.0,0.0,2554.0,Debit Card,0
102331,2023-11-13,CUST3190,New,North,Beauty,Shampoo,1,2436,2436,30.0,730.8,1705.2,UPI,0
102332,2023-06-23,CUST2614,Regular,North,Apparel,Jacket,1,815,815,0.0,0.0,815.0,UPI,0
102333,2024-04-08,CUST1625,Regular,North,Electronics,Tablet,1,27189,27189,20.0,5437.8,21751.2,Cash on Delivery,0
102334,2023-05-14,CUST2201,New,South,Home & Kitchen,Mixer Grinder,1,7497,7497,10.0,749.7,6747.3,UPI,0
102335,2024-04-29,CUST2690,Wholesale,West,Beauty,Face Cream,2,396,792,10.0,79.2,712.8,,1
102336,2023-04-22,CUST2113,Wholesale,West,Sports,Cricket Bat,2,1692,3384,0.0,0.0,3384.0,UPI,0
102337,2023-08-03,CUST1355,Regular,Central,Home & Kitchen,Mixer Grinder,1,7669,7669,15.0,1150.35,6518.65,Cash on Delivery,0
102338,2023-12-11,CUST1070,Regular,South,Beauty,Perfume,1,820,820,15.0,123.0,697.0,Debit Card,0
102339,2024-02-14,CUST1801,Regular,North,Home & Kitchen,Vacuum Cleaner,3,2240,6720,20.0,1344.0,5376.0,Credit Card,0
102340,2024-07-13,CUST2256,New,East,Sports,Yoga Mat,1,520,520,10.0,52.0,468.0,UPI,0
102341,2023-08-19,CUST3116,Regular,North,Home & Kitchen,Bedsheet Set,1,8999,8999,0.0,0.0,8999.0,Debit Card,0
102342,2023-10-11,CUST1402,Regular,North,Sports,Running Shoes,1,2627,2627,15.0,394.05,2232.95,,0
102343,2023-04-14,CUST1763,Premium,West,Electronics,Laptop,3,7470,22410,5.0,1120.5,21289.5,UPI,0
102344,2023-09-11,CUST1017,Wholesale,South,Electronics,Smartphone,5,47914,239570,10.0,23957.0,215613.0,Net Banking,0
102345,2023-09-03,CUST1668,New,West,Beauty,Shampoo,1,2219,2219,15.0,332.85,1886.15,Cash on Delivery,0
102346,2023-03-05,CUST1054,Regular,East,Apparel,T-Shirt,4,2229,8916,0.0,0.0,8916.0,UPI,0
102347,2023-08-03,CUST3415,Regular,East,Home & Kitchen,Air Fryer,2,4743,9486,0.0,0.0,9486.0,UPI,0
102348,2024-04-22,CUST2453,Regular,Central,Sports,Running Shoes,1,7742,7742,15.0,1161.3,6580.7,UPI,0
102349,2024-12-01,CUST2911,Premium,North,Sports,Yoga Mat,1,5266,5266,10.0,526.6,4739.4,Cash on Delivery,1
102350,2024-06-20,CUST2383,New,West,Home & Kitchen,Vacuum Cleaner,5,2773,13865,10.0,1386.5,12478.5,Debit Card,0
102351,2024-06-26,CUST3140,New,West,Apparel,T-Shirt,1,2335,2335,15.0,350.25,1984.75,UPI,0
102352,2023-01-04,CUST2701,Regular,East,Beauty,Shampoo,1,380,380,15.0,57.0,323.0,Cash on Delivery,0
102353,2023-04-19,CUST1633,Premium,North,Beauty,Face Cream,1,604,604,5.0,30.2,573.8,UPI,0
102354,2023-05-13,CUST3193,Regular,Central,Apparel,Dress,1,3505,3505,10.0,350.5,3154.5,Debit Card,0
102355,2023-07-22,CUST1028,New,West,Beauty,Perfume,1,1982,1982,10.0,198.2,1783.8,Debit Card,0
102356,2023-07-06,CUST3050,Regular,North,Home & Kitchen,Bedsheet Set,1,9795,9795,15.0,1469.25,8325.75,Credit Card,0
102357,2023-02-02,CUST2618,Regular,South,Electronics,Laptop,2,44185,88370,5.0,4418.5,83951.5,Debit Card,0
102358,2023-07-10,CUST2443,Premium,East,Apparel,T-Shirt,2,2796,5592,10.0,559.2,5032.8,Credit Card,0
102359,2024-04-11,CUST1271,Regular,North,Home & Kitchen,Air Fryer,3,1126,3378,5.0,168.9,3209.1,Debit Card,0
102360,2024-03-23,CUST2665,New,West,Sports,Yoga Mat,2,1232,2464,20.0,492.8,1971.2,Cash on Delivery,0
102361,2023-11-02,CUST3140,Regular,North,Apparel,Sneakers,1,418,418,15.0,62.7,355.3,Net Banking,0
102362,2023-09-22,CUST3219,New,South,Apparel,Jacket,1,1267,1267,15.0,190.05,1076.95,UPI,0
102363,2023-10-27,CUST1305,New,West,Sports,Yoga Mat,3,7978,23934,10.0,2393.4,21540.6,Cash on Delivery,0
102364,2023-01-16,CUST2493,Regular,North,Home & Kitchen,Cookware Set,1,2453,2453,20.0,490.6,1962.4,UPI,0
102365,2024-07-17,CUST2351,Regular,East,Beauty,Perfume,5,1096,5480,0.0,0.0,5480.0,Credit Card,0
102366,2023-08-27,CUST2131,Regular,South,Home & Kitchen,Bedsheet Set,3,851,2553,0.0,0.0,2553.0,Credit Card,0
102367,2024-05-25,CUST1500,New,North,Beauty,Perfume,2,2220,4440,5.0,222.0,4218.0,Net Banking,0
102368,2023-11-24,CUST2839,New,West,Beauty,Shampoo,2,605,1210,15.0,181.5,1028.5,Cash on Delivery,0
102369,2024-05-19,CUST2398,Regular,Central,Home & Kitchen,Mixer Grinder,4,10503,42012,0.0,0.0,42012.0,UPI,0
102370,2024-01-06,CUST1658,Regular,South,Home & Kitchen,Cookware Set,1,11277,11277,0.0,0.0,11277.0,UPI,0
102371,2023-08-21,CUST2147,Wholesale,West,Beauty,Face Cream,1,1932,1932,10.0,193.2,1738.8,Credit Card,0
102372,2024-03-08,CUST1250,Regular,East,Beauty,Lipstick,1,414,414,0.0,0.0,414.0,UPI,0
102373,2024-05-27,CUST2970,New,North,Beauty,Face Cream,5,2118,10590,20.0,2118.0,8472.0,Cash on Delivery,0
102374,2024-11-11,CUST2811,Regular,East,Electronics,Laptop,3,7903,23709,20.0,4741.8,18967.2,Cash on Delivery,0
102375,2023-10-31,CUST3304,Regular,West,Electronics,Headphones,2,34481,68962,10.0,6896.2,62065.8,UPI,1
102376,2023-06-26,CUST1761,New,North,Home & Kitchen,Vacuum Cleaner,3,7262,21786,15.0,3267.9,18518.1,Credit Card,0
102377,2024-07-22,CUST2545,Wholesale,South,Sports,Cricket Bat,1,2553,2553,5.0,127.65,2425.35,UPI,0
102378,2024-11-30,CUST2642,New,East,Apparel,Jeans,1,676,676,30.0,202.8,473.2,Net Banking,0
102379,2024-05-02,CUST2946,Regular,Central,Beauty,Shampoo,1,1042,1042,0.0,0.0,1042.0,Credit Card,0
102380,2024-09-13,CUST2611,Regular,North,Electronics,Smartwatch,1,45528,45528,15.0,6829.2,38698.8,UPI,0
102381,2024-08-28,CUST1104,Premium,Central,Apparel,Jeans,2,3242,6484,5.0,324.2,6159.8,,0
102382,2024-12-04,CUST2340,New,North,Sports,Cycling Helmet,1,5232,5232,20.0,1046.4,4185.6,Net Banking,0
102383,2024-09-02,CUST2685,Regular,North,Beauty,Lipstick,2,1437,2874,15.0,431.1,2442.9,Net Banking,0
102384,2024-04-06,CUST2787,New,East,Electronics,Smartwatch,2,34280,68560,0.0,0.0,68560.0,UPI,0
102385,2023-03-20,CUST2648,Premium,East,Sports,Yoga Mat,1,1705,1705,0.0,0.0,1705.0,UPI,0
102386,2023-05-14,CUST1307,Regular,South,Beauty,Shampoo,1,868,868,15.0,130.2,737.8,Debit Card,0
102387,2024-04-20,CUST2206,Regular,North,Home & Kitchen,Air Fryer,1,2777,2777,0.0,0.0,2777.0,Cash on Delivery,0
102388,2023-06-11,CUST1953,Premium,East,Sports,Cycling Helmet,3,7357,22071,5.0,1103.55,20967.45,Cash on Delivery,0
102389,2023-02-03,CUST1766,Regular,South,Home & Kitchen,Cookware Set,1,7760,7760,0.0,0.0,7760.0,UPI,0
102390,2023-01-31,CUST1755,Wholesale,South,Apparel,Sneakers,5,3655,18275,5.0,913.75,17361.25,Debit Card,0
102391,2024-11-25,CUST2845,Regular,South,Beauty,Perfume,4,398,1592,30.0,477.6,1114.4,UPI,0
102392,2024-04-20,CUST2402,Regular,North,Electronics,Laptop,1,54336,54336,0.0,0.0,54336.0,UPI,0
102393,2024-12-02,CUST2039,Regular,South,Electronics,Smartphone,1,20584,20584,30.0,6175.2,14408.8,UPI,0
102394,2023-10-14,CUST2774,New,Central,Beauty,Sunscreen,2,1954,3908,15.0,586.2,3321.8,Cash on Delivery,0
102395,2023-09-05,CUST2065,Premium,North,Sports,Yoga Mat,2,6573,13146,30.0,3943.8,9202.2,Cash on Delivery,0
102396,2023-03-04,CUST3476,New,Central,Apparel,Jacket,1,3384,3384,20.0,676.8,2707.2,Net Banking,0
102397,2023-08-19,CUST3345,Premium,Central,Apparel,Sneakers,1,1047,1047,20.0,209.4,837.6,UPI,0
102398,2023-05-01,CUST1513,Regular,South,Beauty,Shampoo,3,1372,4116,15.0,617.4,3498.6,Cash on Delivery,0
102399,2024-03-16,CUST2244,Regular,South,Beauty,Lipstick,3,853,2559,0.0,0.0,2559.0,UPI,0
102400,2023-12-31,CUST3236,Premium,East,Apparel,Dress,1,1484,1484,20.0,296.8,1187.2,,0
102401,2024-03-21,CUST1694,Regular,North,Home & Kitchen,Mixer Grinder,2,8912,17824,10.0,1782.4,16041.6,UPI,0
102402,2023-02-15,CUST1679,Premium,North,Sports,Yoga Mat,1,7400,7400,10.0,740.0,6660.0,Cash on Delivery,0
102403,2023-07-10,CUST3344,Regular,East,Electronics,Headphones,2,52397,104794,15.0,15719.1,89074.9,Debit Card,0
102404,2023-02-05,CUST1687,Regular,Central,Sports,Dumbbell Set,1,2525,2525,10.0,252.5,2272.5,,0
102405,2023-09-08,CUST1926,New,South,Home & Kitchen,Mixer Grinder,1,6931,6931,10.0,693.1,6237.9,Net Banking,0
102406,2023-12-12,CUST3270,New,Central,Home & Kitchen,Vacuum Cleaner,3,11989,35967,30.0,10790.1,25176.9,UPI,0
102407,2024-07-27,CUST2614,Regular,West,Home & Kitchen,Cookware Set,1,4823,4823,5.0,241.15,4581.85,Debit Card,0
102408,2023-06-17,CUST1944,New,North,Sports,Running Shoes,1,3341,3341,20.0,668.2,2672.8,UPI,0
102409,2023-05-06,CUST2365,Wholesale,East,Apparel,Jacket,1,1506,1506,5.0,75.3,1430.7,Cash on Delivery,1
102410,2024-09-04,CUST3033,Regular,South,Beauty,Perfume,1,698,698,15.0,104.7,593.3,UPI,0
102411,2024-02-16,CUST2572,New,Central,Apparel,T-Shirt,1,2283,2283,30.0,684.9,1598.1,UPI,0
102412,2023-07-06,CUST1400,Wholesale,South,Sports,Cricket Bat,1,7886,7886,20.0,1577.2,6308.8,Debit Card,1
102413,2024-08-23,CUST2641,New,North,Apparel,Jeans,1,2228,2228,20.0,445.6,1782.4,Credit Card,1
102414,2023-05-12,CUST1421,Regular,South,Beauty,Perfume,2,2233,4466,0.0,0.0,4466.0,UPI,0
102415,2023-05-26,CUST3183,Regular,North,Electronics,Tablet,3,29400,88200,,,,UPI,0
102416,2023-10-03,CUST1943,New,Central,Home & Kitchen,Cookware Set,1,3930,3930,20.0,786.0,3144.0,UPI,0
102417,2023-12-06,CUST1430,Regular,West,Home & Kitchen,Mixer Grinder,1,5238,5238,20.0,1047.6,4190.4,UPI,0
102418,2023-11-03,CUST2909,Premium,North,Apparel,T-Shirt,1,3887,3887,20.0,777.4,3109.6,UPI,0
102419,2024-09-11,CUST1967,Premium,Central,Apparel,Jacket,2,3436,6872,0.0,0.0,6872.0,Cash on Delivery,0
102420,2024-12-26,CUST3223,Regular,South,Home & Kitchen,Vacuum Cleaner,1,2593,2593,30.0,777.9,1815.1,,0
102421,2024-05-09,CUST1960,Wholesale,West,Beauty,Face Cream,1,1715,1715,5.0,85.75,1629.25,Cash on Delivery,0
102422,2023-06-24,CUST1679,Regular,South,Sports,Cycling Helmet,1,3432,3432,10.0,343.2,3088.8,Cash on Delivery,1
102423,2023-12-15,CUST3062,Premium,North,Beauty,Sunscreen,1,1276,1276,15.0,191.4,1084.6,Net Banking,0
102424,2024-01-03,CUST2957,Regular,Central,Sports,Cycling Helmet,2,6847,13694,0.0,0.0,13694.0,UPI,0
102425,2023-05-19,CUST1689,Regular,South,Beauty,Shampoo,2,1240,2480,10.0,248.0,2232.0,Credit Card,0
102426,2024-01-07,CUST2604,Regular,South,Home & Kitchen,Cookware Set,3,11247,33741,0.0,0.0,33741.0,Net Banking,0
102427,2023-06-22,CUST2661,Premium,East,Sports,Dumbbell Set,1,6684,6684,15.0,1002.6,5681.4,Debit Card,0
102428,2023-06-22,CUST1052,New,East,Home & Kitchen,Air Fryer,1,7536,7536,30.0,2260.8,5275.2,Credit Card,0
102429,2023-04-03,CUST1055,Regular,West,Apparel,Jeans,4,1520,6080,10.0,608.0,5472.0,UPI,0
102430,2024-09-12,CUST2403,Regular,South,Beauty,Lipstick,1,312,312,0.0,0.0,312.0,,0
102431,2023-02-23,CUST1076,Regular,East,Sports,Cricket Bat,1,4409,4409,15.0,661.35,3747.65,Credit Card,0
102432,2023-08-26,CUST1727,Regular,Central,Sports,Yoga Mat,1,2512,2512,15.0,376.8,2135.2,Debit Card,1
102433,2023-05-18,CUST1191,Premium,West,Apparel,Jacket,3,2299,6897,20.0,1379.4,5517.6,Credit Card,1
102434,2024-03-05,CUST2712,Wholesale,South,Electronics,Tablet,1,10908,10908,0.0,0.0,10908.0,UPI,0
102435,2023-02-26,CUST2449,New,West,Beauty,Lipstick,2,1302,2604,10.0,260.4,2343.6,Net Banking,0
102436,2023-01-11,CUST2743,New,South,Electronics,Tablet,2,22836,45672,10.0,4567.2,41104.8,Debit Card,0
102437,2024-11-05,CUST2060,Regular,South,Apparel,Jeans,1,855,855,20.0,171.0,684.0,,0
102438,2023-10-17,CUST2178,New,South,Electronics,Smartwatch,1,21139,21139,10.0,2113.9,19025.1,Credit Card,0
102439,2023-04-30,CUST1129,Regular,West,Apparel,Sneakers,2,2300,4600,0.0,0.0,4600.0,Cash on Delivery,0
102440,2024-03-08,CUST1284,Regular,East,Apparel,Jacket,1,1597,1597,10.0,159.7,1437.3,UPI,0
102441,2024-04-29,CUST3025,New,East,Home & Kitchen,Vacuum Cleaner,2,9819,19638,15.0,2945.7,16692.3,Net Banking,0
102442,2024-09-26,CUST1897,Premium,Central,Sports,Cycling Helmet,1,837,837,0.0,0.0,837.0,Cash on Delivery,0
102443,2024-03-31,CUST2373,Premium,South,Home & Kitchen,Vacuum Cleaner,3,2074,6222,10.0,622.2,5599.8,Credit Card,0
102444,2023-07-21,CUST2201,Wholesale,North,Sports,Running Shoes,2,6732,13464,5.0,673.2,12790.8,Cash on Delivery,0
102445,2024-07-02,CUST2915,Premium,North,Home & Kitchen,Cookware Set,2,3041,6082,10.0,608.2,5473.8,UPI,0
102446,2023-06-27,CUST3439,New,East,Apparel,Dress,2,3406,6812,,,,UPI,0
102447,2023-12-14,CUST1374,New,North,Apparel,Dress,3,1781,5343,15.0,801.45,4541.55,Credit Card,0
102448,2024-02-05,CUST1902,Regular,West,Home & Kitchen,Cookware Set,1,10466,10466,5.0,523.3,9942.7,Net Banking,0
102449,2024-05-03,CUST2681,Regular,Central,Sports,Yoga Mat,1,2996,2996,15.0,449.4,2546.6,Cash on Delivery,0
102450,2023-04-07,CUST2536,Regular,North,Home & Kitchen,Cookware Set,1,9361,9361,0.0,0.0,9361.0,UPI,0
102451,2023-03-26,CUST1538,Regular,Central,Sports,Running Shoes,2,2600,5200,20.0,1040.0,4160.0,Credit Card,0
102452,2024-11-26,CUST3127,Premium,East,Beauty,Shampoo,1,1656,1656,10.0,165.6,1490.4,UPI,0
102453,2024-01-17,CUST3362,Regular,East,Sports,Cycling Helmet,1,4209,4209,20.0,841.8,3367.2,Credit Card,0
102454,2023-04-23,CUST1083,Regular,North,Electronics,Tablet,1,21689,21689,5.0,1084.45,20604.55,Debit Card,0
102455,2023-10-25,CUST2015,New,Central,Apparel,Jacket,1,3483,3483,30.0,1044.9,2438.1,Debit Card,0
102456,2024-03-30,CUST1864,Regular,Central,Home & Kitchen,Air Fryer,2,4824,9648,10.0,964.8,8683.2,UPI,0
102457,2023-01-23,CUST2680,New,North,Beauty,Lipstick,1,2394,2394,20.0,478.8,1915.2,Cash on Delivery,0
102458,2024-05-01,CUST3076,Regular,West,Sports,Cricket Bat,1,6816,6816,5.0,340.8,6475.2,UPI,0
102459,2024-03-17,CUST2698,Wholesale,North,Home & Kitchen,Cookware Set,1,6198,6198,10.0,619.8,5578.2,UPI,0
102460,2023-07-29,CUST2289,New,South,Home & Kitchen,Cookware Set,2,10923,21846,15.0,3276.9,18569.1,Credit Card,0
102461,2024-10-14,CUST2865,New,East,Home & Kitchen,Mixer Grinder,1,11233,11233,30.0,3369.9,7863.1,UPI,0
102462,2023-03-02,CUST1121,Wholesale,South,Home & Kitchen,Bedsheet Set,1,2073,2073,20.0,414.6,1658.4,UPI,0
102463,2024-02-21,CUST1060,Premium,East,Beauty,Shampoo,2,435,870,0.0,0.0,870.0,Cash on Delivery,0
102464,2024-04-30,CUST1654,New,East,Apparel,Dress,4,1126,4504,20.0,900.8,3603.2,Cash on Delivery,0
102465,2024-05-17,CUST2874,New,South,Electronics,Tablet,1,11587,11587,0.0,0.0,11587.0,Net Banking,0
102466,2023-01-07,CUST1123,Regular,South,Sports,Running Shoes,2,1905,3810,0.0,0.0,3810.0,Debit Card,0
102467,2023-07-31,CUST2238,Regular,South,Sports,Cycling Helmet,2,6026,12052,30.0,3615.6,8436.4,Credit Card,0
102468,2024-12-04,CUST2558,Regular,Central,Sports,Yoga Mat,2,5501,11002,10.0,1100.2,9901.8,UPI,0
102469,2024-09-05,CUST3487,Wholesale,West,Apparel,T-Shirt,1,1792,1792,,,,UPI,0
102470,2024-06-27,CUST1600,Regular,East,Apparel,Jacket,1,2699,2699,0.0,0.0,2699.0,Credit Card,0
102471,2024-12-11,CUST2582,Regular,South,Electronics,Smartwatch,1,48992,48992,10.0,4899.2,44092.8,UPI,0
102472,2024-10-11,CUST1212,Premium,East,Beauty,Perfume,3,616,1848,15.0,277.2,1570.8,Debit Card,0
102473,2023-04-16,CUST2345,Regular,West,Beauty,Perfume,1,731,731,5.0,36.55,694.45,Net Banking,0
102474,2023-01-02,CUST2688,Regular,North,Apparel,Sneakers,1,589,589,0.0,0.0,589.0,UPI,0
102475,2024-10-07,CUST1268,New,West,Home & Kitchen,Mixer Grinder,5,4135,20675,15.0,3101.25,17573.75,Credit Card,0
102476,2024-04-10,CUST2212,New,West,Apparel,Sneakers,1,2565,2565,5.0,128.25,2436.75,Net Banking,0
102477,2023-11-03,CUST3373,Premium,East,Sports,Cricket Bat,3,4249,12747,10.0,1274.7,11472.3,Debit Card,0
102478,2023-12-14,CUST2732,Premium,North,Sports,Dumbbell Set,1,1227,1227,15.0,184.05,1042.95,Net Banking,0
102479,2024-08-29,CUST1063,Regular,North,Electronics,Tablet,1,59470,59470,5.0,2973.5,56496.5,UPI,0
102480,2024-07-24,CUST1717,Premium,West,Electronics,Tablet,4,10247,40988,10.0,4098.8,36889.2,UPI,0
102481,2024-03-07,CUST1753,Regular,West,Apparel,Jacket,1,1503,1503,5.0,75.15,1427.85,Debit Card,0
102482,2024-10-19,CUST2209,Regular,South,Home & Kitchen,Vacuum Cleaner,4,8738,34952,15.0,5242.8,29709.2,Cash on Delivery,0
102483,2024-11-08,CUST1639,New,North,Apparel,Jacket,1,3093,3093,15.0,463.95,2629.05,UPI,0
102484,2023-08-17,CUST1240,Regular,North,Beauty,Perfume,1,2408,2408,0.0,0.0,2408.0,UPI,0
102485,2023-09-13,CUST2537,New,West,Sports,Running Shoes,1,1580,1580,0.0,0.0,1580.0,Credit Card,0
102486,2023-11-22,CUST1324,Premium,South,Apparel,Jacket,2,1841,3682,10.0,368.2,3313.8,Net Banking,0
102487,2024-12-17,CUST2114,Regular,West,Sports,Running Shoes,1,2491,2491,20.0,498.2,1992.8,Net Banking,0
102488,2024-06-06,CUST2638,Premium,Central,Sports,Dumbbell Set,1,4582,4582,20.0,916.4,3665.6,Credit Card,0
102489,2024-02-25,CUST3166,Regular,North,Apparel,Jeans,1,1345,1345,10.0,134.5,1210.5,UPI,0
102490,2024-02-22,CUST1713,Wholesale,North,Home & Kitchen,Bedsheet Set,3,6908,20724,5.0,1036.2,19687.8,Net Banking,0
102491,2023-05-19,CUST1527,Regular,East,Electronics,Headphones,1,13689,13689,0.0,0.0,13689.0,UPI,1
102492,2023-01-12,CUST2412,Regular,North,Beauty,Lipstick,1,2481,2481,10.0,248.1,2232.9,Credit Card,0
102493,2024-01-22,CUST3245,Regular,West,Sports,Cycling Helmet,2,5316,10632,20.0,2126.4,8505.6,Debit Card,0
102494,2023-09-11,CUST2847,Regular,East,Apparel,Jacket,2,2664,5328,20.0,1065.6,4262.4,Credit Card,0
102495,2024-09-17,CUST1200,New,South,Apparel,Jacket,1,2176,2176,5.0,108.8,2067.2,Credit Card,0
102496,2024-06-19,CUST3455,Premium,Central,Home & Kitchen,Bedsheet Set,1,2367,2367,0.0,0.0,2367.0,UPI,0
102497,2023-03-28,CUST2910,Regular,East,Apparel,Jeans,2,440,880,0.0,0.0,880.0,Debit Card,0
102498,2024-02-13,CUST1138,Regular,Central,Apparel,Dress,1,3459,3459,15.0,518.85,2940.15,Net Banking,0
102499,2023-10-19,CUST2316,New,West,Sports,Yoga Mat,2,2172,4344,5.0,217.2,4126.8,Cash on Delivery,0
102500,2023-06-05,CUST2571,Premium,West,Sports,Running Shoes,1,4061,4061,10.0,406.1,3654.9,UPI,0
102501,2023-11-01,CUST1950,New,East,Apparel,Jeans,1,446,446,5.0,22.3,423.7,Debit Card,0
102502,2023-02-01,CUST2641,Premium,South,Sports,Running Shoes,1,5598,5598,0.0,0.0,5598.0,Credit Card,0
102503,2023-05-09,CUST1348,Premium,Central,Sports,Cycling Helmet,3,3795,11385,10.0,1138.5,10246.5,Cash on Delivery,0
102504,2024-04-30,CUST3342,Premium,North,Home & Kitchen,Cookware Set,3,8149,24447,0.0,0.0,24447.0,UPI,0
102505,2023-12-08,CUST2258,New,North,Beauty,Shampoo,2,1339,2678,15.0,401.7,2276.3,UPI,0
102506,2024-05-17,CUST2293,Wholesale,West,Home & Kitchen,Mixer Grinder,4,6009,24036,10.0,2403.6,21632.4,UPI,0
102507,2024-02-19,CUST2432,Premium,South,Electronics,Smartphone,1,4896,4896,10.0,489.6,4406.4,Cash on Delivery,0
102508,2023-03-05,CUST3391,Premium,North,Apparel,Sneakers,2,3503,7006,0.0,0.0,7006.0,Net Banking,0
102509,2024-09-03,CUST1753,Premium,South,Electronics,Tablet,2,14494,28988,0.0,0.0,28988.0,Cash on Delivery,0
102510,2023-10-28,CUST2766,New,East,Home & Kitchen,Vacuum Cleaner,2,5495,10990,,,,UPI,0
102511,2023-01-27,CUST1021,Regular,North,Beauty,Sunscreen,1,1073,1073,0.0,0.0,1073.0,UPI,0
102512,2024-12-09,CUST3282,Premium,North,Beauty,Lipstick,4,442,1768,30.0,530.4,1237.6,UPI,0
102513,2024-01-01,CUST2097,Regular,East,Electronics,Smartwatch,1,47052,47052,0.0,0.0,47052.0,Cash on Delivery,0
102514,2023-12-27,CUST2410,Regular,North,Beauty,Shampoo,1,450,450,10.0,45.0,405.0,Debit Card,0
102515,2023-12-21,CUST2607,Regular,South,Sports,Yoga Mat,1,7833,7833,15.0,1174.95,6658.05,Cash on Delivery,0
102516,2024-11-16,CUST1011,Premium,South,Home & Kitchen,Cookware Set,1,2716,2716,15.0,407.4,2308.6,Credit Card,0
102517,2023-02-21,CUST2131,Premium,South,Home & Kitchen,Mixer Grinder,1,1006,1006,5.0,50.3,955.7,Debit Card,0
102518,2023-01-19,CUST1856,Premium,North,Apparel,Dress,3,3315,9945,0.0,0.0,9945.0,Cash on Delivery,0
102519,2024-08-25,CUST3271,Regular,East,Beauty,Lipstick,2,1127,2254,20.0,450.8,1803.2,Net Banking,0
102520,2024-02-13,CUST3490,New,North,Home & Kitchen,Mixer Grinder,3,9551,28653,0.0,0.0,28653.0,Debit Card,0
102521,2024-12-15,CUST2710,Regular,East,Home & Kitchen,Mixer Grinder,2,7965,15930,5.0,796.5,15133.5,Credit Card,0
102522,2023-05-16,CUST3077,Premium,West,Apparel,T-Shirt,1,2877,2877,0.0,0.0,2877.0,Cash on Delivery,1
102523,2023-02-24,CUST1688,Regular,Central,Beauty,Lipstick,1,2437,2437,0.0,0.0,2437.0,Net Banking,0
102524,2023-02-12,CUST2155,New,South,Electronics,Tablet,5,47328,236640,15.0,35496.0,201144.0,Net Banking,0
102525,2023-08-16,CUST2129,Wholesale,West,Electronics,Smartphone,2,14587,29174,20.0,5834.8,23339.2,Net Banking,0
102526,2024-07-20,CUST3433,New,West,Home & Kitchen,Bedsheet Set,1,3470,3470,10.0,347.0,3123.0,Cash on Delivery,0
102527,2024-11-02,CUST2926,Premium,South,Beauty,Face Cream,1,800,800,,,,UPI,0
102528,2024-11-25,CUST1232,Premium,South,Electronics,Smartwatch,1,32787,32787,0.0,0.0,32787.0,UPI,0
102529,2024-06-28,CUST3344,New,East,Apparel,Jeans,1,2217,2217,15.0,332.55,1884.45,UPI,0
102530,2023-12-14,CUST2016,New,Central,Apparel,Dress,1,2125,2125,15.0,318.75,1806.25,UPI,0
102531,2023-12-01,CUST3189,Regular,North,Sports,Running Shoes,1,1629,1629,0.0,0.0,1629.0,Net Banking,0
102532,2023-11-05,CUST2643,Premium,South,Electronics,Laptop,2,26008,52016,30.0,15604.8,36411.2,UPI,0
102533,2023-02-19,CUST2519,Regular,South,Home & Kitchen,Mixer Grinder,1,1480,1480,15.0,222.0,1258.0,UPI,0
102534,2023-02-15,CUST3407,Premium,North,Apparel,Dress,1,3025,3025,5.0,151.25,2873.75,Debit Card,0
102535,2023-05-04,CUST1118,Regular,East,Electronics,Laptop,2,39946,79892,0.0,0.0,79892.0,Net Banking,0
102536,2023-05-27,CUST2884,Premium,Central,Home & Kitchen,Cookware Set,1,5097,5097,10.0,509.7,4587.3,Cash on Delivery,0
102537,2024-01-15,CUST1764,Regular,Central,Sports,Running Shoes,1,7524,7524,20.0,1504.8,6019.2,UPI,0
102538,2024-02-06,CUST2428,Wholesale,Central,Electronics,Smartphone,1,42347,42347,0.0,0.0,42347.0,UPI,0
102539,2024-05-19,CUST3477,New,West,Home & Kitchen,Vacuum Cleaner,2,5278,10556,20.0,2111.2,8444.8,UPI,0
102540,2023-10-16,CUST3244,Premium,North,Home & Kitchen,Vacuum Cleaner,2,2283,4566,,,,Credit Card,0
102541,2024-09-01,CUST2352,Premium,Central,Beauty,Perfume,4,1015,4060,0.0,0.0,4060.0,Credit Card,0
102542,2024-02-12,CUST1214,Regular,West,Beauty,Shampoo,1,1669,1669,0.0,0.0,1669.0,Net Banking,0
102543,2023-11-19,CUST3219,New,North,Beauty,Lipstick,4,570,2280,20.0,456.0,1824.0,Debit Card,0
102544,2024-03-09,CUST1065,Premium,West,Electronics,Smartwatch,3,2187,6561,10.0,656.1,5904.9,Debit Card,0
102545,2023-05-15,CUST1815,Regular,East,Apparel,Jacket,2,657,1314,,,,UPI,0
102546,2024-11-28,CUST2733,Premium,North,Electronics,Smartphone,2,30415,60830,10.0,6083.0,54747.0,Credit Card,0
102547,2023-02-25,CUST1856,Premium,South,Home & Kitchen,Bedsheet Set,5,1813,9065,20.0,1813.0,7252.0,Credit Card,0
102548,2023-09-09,CUST2496,Regular,Central,Sports,Cricket Bat,2,963,1926,10.0,192.6,1733.4,Credit Card,0
102549,2023-08-07,CUST1327,Wholesale,West,Electronics,Headphones,3,47007,141021,10.0,14102.1,126918.9,UPI,0
102550,2024-10-20,CUST2759,New,South,Sports,Cycling Helmet,1,7443,7443,15.0,1116.45,6326.55,Cash on Delivery,0
102551,2023-12-05,CUST3291,Premium,Central,Beauty,Face Cream,1,1470,1470,15.0,220.5,1249.5,UPI,0
102552,2024-04-16,CUST2958,Wholesale,East,Beauty,Sunscreen,1,351,351,30.0,105.3,245.7,Cash on Delivery,0
102553,2024-04-30,CUST2474,Regular,North,Electronics,Tablet,3,18890,56670,0.0,0.0,56670.0,UPI,0
102554,2024-03-18,CUST3316,Premium,West,Beauty,Shampoo,2,2112,4224,0.0,0.0,4224.0,Net Banking,0
102555,2024-02-19,CUST2617,Premium,South,Home & Kitchen,Vacuum Cleaner,1,9986,9986,30.0,2995.8,6990.2,Debit Card,0
102556,2024-04-16,CUST1969,Wholesale,North,Beauty,Sunscreen,2,915,1830,10.0,183.0,1647.0,Debit Card,0
102557,2024-09-28,CUST1088,Regular,North,Apparel,Jeans,1,2591,2591,15.0,388.65,2202.35,Credit Card,0
102558,2024-08-12,CUST1717,Regular,South,Electronics,Headphones,3,46637,139911,5.0,6995.55,132915.45,Net Banking,0
102559,2024-06-12,CUST1611,Premium,South,Home & Kitchen,Vacuum Cleaner,1,5664,5664,10.0,566.4,5097.6,UPI,0
102560,2024-09-14,CUST1519,New,South,Electronics,Smartwatch,4,23218,92872,5.0,4643.6,88228.4,Debit Card,0
102561,2024-02-03,CUST1120,Regular,Central,Electronics,Smartwatch,1,22707,22707,15.0,3406.05,19300.95,UPI,0
102562,2023-01-04,CUST1616,Premium,Central,Beauty,Perfume,1,783,783,0.0,0.0,783.0,UPI,0
102563,2023-05-12,CUST1138,Premium,West,Beauty,Lipstick,2,984,1968,15.0,295.2,1672.8,UPI,0
102564,2024-02-12,CUST1975,Regular,West,Beauty,Perfume,1,1964,1964,0.0,0.0,1964.0,Cash on Delivery,0
102565,2024-01-23,CUST1347,Premium,Central,Electronics,Headphones,1,41762,41762,5.0,2088.1,39673.9,UPI,0
102566,2023-02-08,CUST2779,New,North,Beauty,Perfume,3,2181,6543,,,,UPI,0
102567,2024-04-29,CUST2760,New,South,Home & Kitchen,Bedsheet Set,2,8229,16458,10.0,1645.8,14812.2,Credit Card,0
102568,2023-06-13,CUST2652,Regular,Central,Electronics,Smartphone,1,17563,17563,15.0,2634.45,14928.55,Cash on Delivery,0
102569,2023-09-26,CUST1855,Regular,South,Beauty,Face Cream,2,1244,2488,20.0,497.6,1990.4,Net Banking,0
102570,2023-04-17,CUST2137,New,West,Sports,Dumbbell Set,1,6632,6632,5.0,331.6,6300.4,UPI,0
102571,2024-09-04,CUST2290,Premium,South,Electronics,Headphones,2,40739,81478,20.0,16295.6,65182.4,UPI,0
102572,2023-11-18,CUST2787,Regular,East,Electronics,Headphones,1,40639,40639,15.0,6095.85,34543.15,Cash on Delivery,1
102573,2023-10-31,CUST1642,New,East,Apparel,Jeans,1,3452,3452,20.0,690.4,2761.6,Credit Card,0
102574,2024-07-15,CUST2390,Regular,West,Sports,Cycling Helmet,1,3199,3199,10.0,319.9,2879.1,Cash on Delivery,0
102575,2023-08-22,CUST1669,Regular,South,Home & Kitchen,Mixer Grinder,1,1999,1999,5.0,99.95,1899.05,Credit Card,0
102576,2023-05-21,CUST1661,Regular,East,Apparel,Dress,1,3280,3280,0.0,0.0,3280.0,Cash on Delivery,0
102577,2023-12-16,CUST1578,Regular,Central,Beauty,Lipstick,1,413,413,5.0,20.65,392.35,Debit Card,0
102578,2023-05-12,CUST2188,Regular,South,Apparel,Sneakers,2,3033,6066,20.0,1213.2,4852.8,Cash on Delivery,0
102579,2023-03-11,CUST2515,New,West,Beauty,Sunscreen,2,968,1936,10.0,193.6,1742.4,UPI,0
102580,2024-02-15,CUST2329,Regular,East,Home & Kitchen,Air Fryer,1,10621,10621,30.0,3186.3,7434.7,Net Banking,0
102581,2024-06-11,CUST1015,Regular,East,Beauty,Lipstick,2,1734,3468,15.0,520.2,2947.8,Debit Card,0
102582,2024-09-27,CUST1576,Regular,Central,Beauty,Shampoo,2,357,714,5.0,35.7,678.3,UPI,0
102583,2024-03-03,CUST2841,Regular,East,Electronics,Smartwatch,3,27765,83295,5.0,4164.75,79130.25,Credit Card,0
102584,2024-12-01,CUST2468,New,North,Sports,Running Shoes,2,3765,7530,10.0,753.0,6777.0,Cash on Delivery,0
102585,2024-05-20,CUST3145,New,West,Home & Kitchen,Mixer Grinder,1,8504,8504,,,,Net Banking,0
102586,2024-04-02,CUST2463,New,South,Home & Kitchen,Bedsheet Set,2,7598,15196,5.0,759.8,14436.2,Cash on Delivery,0
102587,2023-03-15,CUST2239,Regular,North,Beauty,Lipstick,2,586,1172,0.0,0.0,1172.0,Credit Card,1
102588,2023-09-24,CUST1826,New,South,Electronics,Tablet,1,40082,40082,15.0,6012.3,34069.7,Credit Card,0
102589,2023-07-26,CUST2924,Premium,East,Sports,Running Shoes,2,6853,13706,20.0,2741.2,10964.8,UPI,0
102590,2023-02-12,CUST2096,Wholesale,South,Electronics,Smartwatch,2,2802,5604,10.0,560.4,5043.6,UPI,0
102591,2023-06-07,CUST1198,Regular,South,Apparel,Dress,2,2084,4168,15.0,625.2,3542.8,UPI,0
102592,2024-07-07,CUST3369,Regular,West,Sports,Cycling Helmet,3,6617,19851,5.0,992.55,18858.45,UPI,0
102593,2023-01-13,CUST3358,Regular,North,Sports,Running Shoes,3,5385,16155,20.0,3231.0,12924.0,UPI,0
102594,2024-05-13,CUST2107,Wholesale,Central,Apparel,Jacket,1,1026,1026,15.0,153.9,872.1,Credit Card,0
102595,2024-06-23,CUST3015,Regular,South,Electronics,Headphones,1,22325,22325,0.0,0.0,22325.0,Credit Card,0
102596,2023-11-03,CUST2379,Premium,Central,Sports,Yoga Mat,1,5194,5194,5.0,259.7,4934.3,,0
102597,2024-08-21,CUST1602,Premium,East,Sports,Yoga Mat,2,1881,3762,20.0,752.4,3009.6,Net Banking,0
102598,2024-10-28,CUST1071,Premium,North,Electronics,Laptop,1,7399,7399,5.0,369.95,7029.05,UPI,0
102599,2024-04-24,CUST2929,Regular,North,Apparel,Jacket,2,567,1134,15.0,170.1,963.9,Debit Card,0
102600,2023-10-20,CUST2742,Regular,North,Sports,Running Shoes,3,1431,4293,20.0,858.6,3434.4,UPI,0
102601,2023-10-01,CUST2310,Wholesale,South,Sports,Dumbbell Set,3,6681,20043,10.0,2004.3,18038.7,Debit Card,0
102602,2024-10-18,CUST1900,Premium,West,Sports,Running Shoes,2,5173,10346,15.0,1551.9,8794.1,Debit Card,0
102603,2023-06-22,CUST1678,Regular,South,Beauty,Face Cream,1,2397,2397,10.0,239.7,2157.3,Cash on Delivery,0
102604,2024-04-15,CUST1010,Regular,Central,Beauty,Lipstick,3,554,1662,15.0,249.3,1412.7,Credit Card,0
102605,2024-01-29,CUST1369,Regular,East,Beauty,Shampoo,3,504,1512,20.0,302.4,1209.6,Debit Card,0
102606,2024-04-24,CUST2279,Premium,South,Sports,Cycling Helmet,2,7244,14488,5.0,724.4,13763.6,Cash on Delivery,0
102607,2024-02-29,CUST1591,Regular,East,Sports,Cycling Helmet,2,1751,3502,5.0,175.1,3326.9,Cash on Delivery,0
102608,2023-08-14,CUST3347,Regular,Central,Beauty,Face Cream,4,260,1040,15.0,156.0,884.0,UPI,0
102609,2023-02-27,CUST3261,Regular,North,Electronics,Smartwatch,1,22232,22232,15.0,3334.8,18897.2,UPI,0
102610,2023-10-15,CUST2285,Regular,West,Beauty,Lipstick,5,439,2195,5.0,109.75,2085.25,Credit Card,0
102611,2023-11-18,CUST1860,Regular,South,Apparel,Dress,1,717,717,15.0,107.55,609.45,Credit Card,0
102612,2024-04-18,CUST2239,Regular,East,Sports,Yoga Mat,1,4547,4547,10.0,454.7,4092.3,Debit Card,0
102613,2024-01-14,CUST3070,New,North,Sports,Cycling Helmet,3,1873,5619,5.0,280.95,5338.05,Cash on Delivery,0
102614,2023-09-27,CUST2961,Regular,Central,Sports,Cycling Helmet,1,687,687,0.0,0.0,687.0,Cash on Delivery,0
102615,2024-02-13,CUST3468,New,West,Electronics,Laptop,1,17084,17084,0.0,0.0,17084.0,Cash on Delivery,0
102616,2023-01-29,CUST3211,Premium,North,Home & Kitchen,Mixer Grinder,1,9759,9759,0.0,0.0,9759.0,Credit Card,0
102617,2024-06-19,CUST2645,New,Central,Beauty,Face Cream,1,258,258,0.0,0.0,258.0,,0
102618,2024-02-02,CUST1601,Regular,South,Sports,Yoga Mat,1,5301,5301,5.0,265.05,5035.95,UPI,0
102619,2024-08-26,CUST2788,Premium,East,Sports,Dumbbell Set,4,2334,9336,0.0,0.0,9336.0,UPI,0
102620,2024-11-08,CUST3093,New,North,Home & Kitchen,Bedsheet Set,2,4774,9548,10.0,954.8,8593.2,UPI,0
102621,2024-09-20,CUST2994,Regular,South,Beauty,Sunscreen,1,932,932,20.0,186.4,745.6,Net Banking,0
102622,2024-03-28,CUST1174,New,East,Apparel,T-Shirt,1,1099,1099,15.0,164.85,934.15,Credit Card,0
102623,2024-11-28,CUST3471,Regular,Central,Home & Kitchen,Air Fryer,1,6656,6656,10.0,665.6,5990.4,Credit Card,0
102624,2024-11-22,CUST3201,Regular,South,Apparel,Dress,2,3311,6622,30.0,1986.6,4635.4,Credit Card,0
102625,2023-08-03,CUST1624,New,East,Electronics,Smartphone,1,21905,21905,0.0,0.0,21905.0,Debit Card,0
102626,2023-08-21,CUST3186,New,South,Home & Kitchen,Mixer Grinder,1,9577,9577,20.0,1915.4,7661.6,UPI,0
102627,2024-09-08,CUST1582,Regular,West,Electronics,Smartphone,1,39693,39693,0.0,0.0,39693.0,UPI,0
102628,2023-08-26,CUST2201,Regular,East,Home & Kitchen,Vacuum Cleaner,1,9194,9194,10.0,919.4,8274.6,UPI,0
102629,2023-01-26,CUST1551,Regular,East,Apparel,Sneakers,1,3907,3907,,,,Credit Card,0
102630,2024-09-19,CUST3385,Premium,Central,Home & Kitchen,Air Fryer,2,8969,17938,0.0,0.0,17938.0,Cash on Delivery,1
102631,2024-05-25,CUST2611,Premium,North,Home & Kitchen,Air Fryer,1,10653,10653,10.0,1065.3,9587.7,UPI,0
102632,2024-07-26,CUST2246,Regular,South,Apparel,T-Shirt,4,2713,10852,15.0,1627.8,9224.2,UPI,0
102633,2024-10-19,CUST1282,New,North,Apparel,Jeans,1,1117,1117,10.0,111.7,1005.3,UPI,0
102634,2024-07-17,CUST1849,Regular,North,Home & Kitchen,Vacuum Cleaner,1,10353,10353,10.0,1035.3,9317.7,Credit Card,0
102635,2023-11-04,CUST3344,Regular,South,Home & Kitchen,Air Fryer,3,4971,14913,20.0,2982.6,11930.4,UPI,0
102636,2024-01-01,CUST3497,Regular,North,Sports,Cricket Bat,2,2693,5386,5.0,269.3,5116.7,Debit Card,0
102637,2023-04-28,CUST1385,Wholesale,West,Beauty,Face Cream,1,203,203,0.0,0.0,203.0,UPI,0
102638,2024-02-19,CUST2120,Premium,West,Sports,Cycling Helmet,1,2367,2367,0.0,0.0,2367.0,UPI,0
102639,2024-11-14,CUST2842,Regular,South,Beauty,Lipstick,1,1195,1195,15.0,179.25,1015.75,Net Banking,0
102640,2023-10-22,CUST1988,Premium,West,Electronics,Laptop,1,40263,40263,30.0,12078.9,28184.1,Cash on Delivery,0
102641,2023-07-26,CUST3396,Wholesale,East,Electronics,Laptop,1,29336,29336,,,,UPI,0
102642,2024-01-29,CUST2546,New,West,Apparel,T-Shirt,1,1172,1172,0.0,0.0,1172.0,UPI,0
102643,2024-03-01,CUST1712,Wholesale,North,Beauty,Lipstick,1,1433,1433,20.0,286.6,1146.4,UPI,0
102644,2023-02-02,CUST1855,Premium,North,Apparel,Jeans,5,3185,15925,10.0,1592.5,14332.5,UPI,0
102645,2024-03-24,CUST2852,Regular,East,Beauty,Sunscreen,4,1616,6464,20.0,1292.8,5171.2,Net Banking,0
102646,2024-09-21,CUST1110,Regular,South,Electronics,Headphones,1,11312,11312,5.0,565.6,10746.4,Debit Card,0
102647,2024-09-23,CUST2476,Regular,North,Apparel,Jeans,1,3582,3582,0.0,0.0,3582.0,UPI,0
102648,2024-03-20,CUST1525,Regular,South,Home & Kitchen,Cookware Set,1,6975,6975,10.0,697.5,6277.5,Net Banking,0
102649,2024-01-24,CUST3386,Wholesale,East,Apparel,T-Shirt,1,2794,2794,20.0,558.8,2235.2,UPI,0
102650,2023-06-11,CUST1107,Regular,South,Apparel,Sneakers,3,2196,6588,0.0,0.0,6588.0,Debit Card,0
102651,2023-08-10,CUST2110,Regular,South,Sports,Cricket Bat,1,1020,1020,0.0,0.0,1020.0,UPI,0
102652,2023-10-23,CUST1003,Regular,Central,Home & Kitchen,Bedsheet Set,1,3104,3104,30.0,931.2,2172.8,UPI,0
102653,2023-11-04,CUST1342,Regular,West,Beauty,Shampoo,1,1629,1629,10.0,162.9,1466.1,Cash on Delivery,0
102654,2024-01-18,CUST3409,New,West,Beauty,Perfume,4,759,3036,0.0,0.0,3036.0,Cash on Delivery,0
102655,2024-04-13,CUST2185,New,North,Sports,Cycling Helmet,3,1020,3060,5.0,153.0,2907.0,UPI,0
102656,2023-01-15,CUST1795,Regular,North,Sports,Cricket Bat,1,5829,5829,5.0,291.45,5537.55,Cash on Delivery,0
102657,2023-02-23,CUST1996,Regular,South,Sports,Cricket Bat,3,6423,19269,5.0,963.45,18305.55,UPI,0
102658,2023-03-29,CUST3190,Regular,East,Home & Kitchen,Cookware Set,1,6117,6117,0.0,0.0,6117.0,UPI,0
102659,2024-02-27,CUST2660,New,East,Apparel,T-Shirt,1,460,460,5.0,23.0,437.0,Cash on Delivery,0
102660,2024-10-08,CUST3244,New,North,Sports,Cricket Bat,1,6733,6733,15.0,1009.95,5723.05,Net Banking,0
102661,2024-10-29,CUST2524,New,East,Electronics,Laptop,1,58105,58105,15.0,8715.75,49389.25,Debit Card,0
102662,2023-09-27,CUST3057,Premium,East,Apparel,Jeans,2,2055,4110,20.0,822.0,3288.0,Credit Card,0
102663,2024-03-18,CUST1391,Premium,Central,Home & Kitchen,Vacuum Cleaner,3,11863,35589,5.0,1779.45,33809.55,Net Banking,0
102664,2023-04-09,CUST2309,Regular,North,Home & Kitchen,Cookware Set,3,7498,22494,20.0,4498.8,17995.2,Debit Card,0
102665,2024-08-25,CUST3127,Regular,East,Sports,Dumbbell Set,1,7814,7814,15.0,1172.1,6641.9,Cash on Delivery,0
102666,2023-05-25,CUST3404,Regular,East,Apparel,Jeans,2,959,1918,20.0,383.6,1534.4,Cash on Delivery,0
102667,2023-05-14,CUST1189,New,East,Apparel,Jeans,4,1925,7700,,,,Net Banking,0
102668,2023-03-19,CUST1713,Regular,East,Electronics,Laptop,1,18278,18278,5.0,913.9,17364.1,Cash on Delivery,0
102669,2024-01-08,CUST2686,Regular,East,Apparel,Dress,1,878,878,5.0,43.9,834.1,UPI,1
102670,2024-11-26,CUST2220,Premium,North,Home & Kitchen,Vacuum Cleaner,2,5785,11570,30.0,3471.0,8099.0,Cash on Delivery,1
102671,2024-09-16,CUST2096,Premium,East,Beauty,Lipstick,1,1230,1230,15.0,184.5,1045.5,UPI,0
102672,2023-06-28,CUST1993,New,West,Electronics,Tablet,3,24870,74610,5.0,3730.5,70879.5,UPI,0
102673,2023-10-11,CUST2657,Regular,Central,Sports,Cycling Helmet,1,5594,5594,10.0,559.4,5034.6,Net Banking,0
102674,2023-04-05,CUST2597,Regular,East,Home & Kitchen,Cookware Set,3,6877,20631,0.0,0.0,20631.0,UPI,0
102675,2023-06-11,CUST1431,Premium,South,Home & Kitchen,Cookware Set,1,9170,9170,10.0,917.0,8253.0,Cash on Delivery,0
102676,2023-09-30,CUST2109,Premium,West,Beauty,Perfume,2,1669,3338,15.0,500.7,2837.3,Debit Card,0
102677,2024-02-08,CUST2670,Wholesale,South,Beauty,Perfume,1,1003,1003,5.0,50.15,952.85,Credit Card,0
102678,2023-05-11,CUST2590,Regular,North,Sports,Cycling Helmet,2,2872,5744,0.0,0.0,5744.0,UPI,0
102679,2024-05-20,CUST2713,Regular,North,Sports,Dumbbell Set,2,1170,2340,30.0,702.0,1638.0,UPI,0
102680,2023-07-21,CUST2757,Regular,Central,Sports,Dumbbell Set,1,3865,3865,15.0,579.75,3285.25,UPI,0
102681,2023-09-10,CUST2926,Regular,East,Sports,Yoga Mat,5,6486,32430,15.0,4864.5,27565.5,UPI,0
102682,2024-08-27,CUST3048,New,East,Apparel,Dress,4,3480,13920,0.0,0.0,13920.0,Debit Card,0
102683,2023-03-27,CUST1094,Regular,West,Electronics,Smartwatch,5,52723,263615,5.0,13180.75,250434.25,Cash on Delivery,0
102684,2024-05-24,CUST1016,New,East,Apparel,Sneakers,1,1954,1954,10.0,195.4,1758.6,Debit Card,0
102685,2023-04-08,CUST1573,Regular,West,Home & Kitchen,Bedsheet Set,2,8696,17392,0.0,0.0,17392.0,Credit Card,0
102686,2024-01-31,CUST2219,Regular,South,Home & Kitchen,Bedsheet Set,5,2959,14795,15.0,2219.25,12575.75,UPI,0
102687,2024-03-28,CUST1673,Regular,Central,Beauty,Shampoo,1,740,740,15.0,111.0,629.0,UPI,0
102688,2024-02-02,CUST3396,Regular,South,Home & Kitchen,Vacuum Cleaner,1,4160,4160,20.0,832.0,3328.0,Credit Card,0
102689,2024-08-25,CUST1449,Regular,Central,Home & Kitchen,Mixer Grinder,4,10182,40728,20.0,8145.6,32582.4,Net Banking,0
102690,2023-07-05,CUST1104,Premium,North,Beauty,Lipstick,2,2034,4068,20.0,813.6,3254.4,Credit Card,0
102691,2024-02-26,CUST1695,Regular,South,Sports,Dumbbell Set,5,769,3845,5.0,192.25,3652.75,Cash on Delivery,0
102692,2023-12-25,CUST1333,Premium,West,Sports,Yoga Mat,3,5428,16284,30.0,4885.2,11398.8,Credit Card,0
102693,2023-07-19,CUST1840,Regular,East,Apparel,Jeans,1,1513,1513,5.0,75.65,1437.35,Debit Card,0
102694,2024-12-03,CUST2086,Regular,South,Home & Kitchen,Bedsheet Set,2,5411,10822,15.0,1623.3,9198.7,Credit Card,0
102695,2023-04-01,CUST3229,New,South,Electronics,Smartphone,5,58187,290935,5.0,14546.75,276388.25,Credit Card,0
102696,2023-04-04,CUST1661,Premium,North,Electronics,Smartwatch,4,2183,8732,,,,Cash on Delivery,0
102697,2023-02-09,CUST1135,Premium,East,Apparel,Dress,1,3802,3802,20.0,760.4,3041.6,Debit Card,0
102698,2023-03-16,CUST2056,Regular,South,Sports,Cycling Helmet,2,1499,2998,5.0,149.9,2848.1,UPI,0
102699,2024-05-28,CUST1251,Premium,West,Home & Kitchen,Vacuum Cleaner,1,3354,3354,20.0,670.8,2683.2,Debit Card,0
102700,2024-12-13,CUST1327,Premium,Central,Beauty,Sunscreen,1,558,558,15.0,83.7,474.3,Net Banking,0
102701,2023-11-28,CUST1400,New,West,Beauty,Face Cream,5,2179,10895,30.0,3268.5,7626.5,UPI,0
102702,2024-08-19,CUST1361,Regular,Central,Home & Kitchen,Mixer Grinder,1,8401,8401,30.0,2520.3,5880.7,Debit Card,0
102703,2023-10-24,CUST2984,Regular,East,Electronics,Smartphone,2,10184,20368,5.0,1018.4,19349.6,UPI,0
102704,2024-12-14,CUST2755,New,Central,Electronics,Tablet,1,15467,15467,10.0,1546.7,13920.3,Cash on Delivery,0
102705,2023-07-12,CUST1455,Wholesale,North,Sports,Yoga Mat,4,5719,22876,0.0,0.0,22876.0,UPI,0
102706,2024-11-04,CUST2163,Regular,North,Beauty,Face Cream,1,843,843,20.0,168.6,674.4,Net Banking,0
102707,2023-02-19,CUST1759,Wholesale,North,Electronics,Laptop,2,6900,13800,10.0,1380.0,12420.0,Credit Card,0
102708,2024-02-02,CUST3035,Regular,South,Electronics,Smartwatch,1,37405,37405,5.0,1870.25,35534.75,Credit Card,0
102709,2023-11-16,CUST2910,Regular,West,Electronics,Smartphone,1,10604,10604,0.0,0.0,10604.0,UPI,0
102710,2024-08-20,CUST2599,Wholesale,North,Sports,Cycling Helmet,1,4806,4806,0.0,0.0,4806.0,Net Banking,0
102711,2024-09-11,CUST2395,New,South,Home & Kitchen,Bedsheet Set,2,4419,8838,0.0,0.0,8838.0,Cash on Delivery,0
102712,2024-03-19,CUST1596,Premium,Central,Beauty,Perfume,1,1647,1647,5.0,82.35,1564.65,Debit Card,0
102713,2023-07-08,CUST2503,Premium,Central,Beauty,Face Cream,1,1805,1805,0.0,0.0,1805.0,Net Banking,0
102714,2023-01-27,CUST2124,Premium,North,Home & Kitchen,Air Fryer,2,8605,17210,15.0,2581.5,14628.5,UPI,0
102715,2023-04-24,CUST3096,Premium,North,Apparel,T-Shirt,2,1948,3896,0.0,0.0,3896.0,Cash on Delivery,0
102716,2024-03-31,CUST1410,Regular,South,Electronics,Smartphone,3,1724,5172,0.0,0.0,5172.0,Cash on Delivery,0
102717,2024-05-12,CUST1498,Wholesale,South,Apparel,Dress,2,431,862,5.0,43.1,818.9,Credit Card,0
102718,2023-12-26,CUST1053,Regular,South,Apparel,Jeans,2,985,1970,10.0,197.0,1773.0,Debit Card,0
102719,2024-07-02,CUST3439,Regular,South,Home & Kitchen,Air Fryer,4,3348,13392,0.0,0.0,13392.0,Debit Card,0
102720,2023-11-01,CUST1934,Premium,North,Electronics,Smartphone,2,19386,38772,5.0,1938.6,36833.4,Credit Card,0
102721,2024-01-17,CUST1795,Wholesale,Central,Electronics,Smartphone,2,17639,35278,20.0,7055.6,28222.4,Cash on Delivery,0
102722,2023-11-23,CUST2788,Regular,North,Beauty,Shampoo,4,2323,9292,5.0,464.6,8827.4,Net Banking,0
102723,2023-10-24,CUST3213,Wholesale,West,Electronics,Headphones,5,33571,167855,10.0,16785.5,151069.5,Debit Card,0
102724,2023-01-18,CUST1993,Regular,East,Electronics,Smartphone,2,21167,42334,15.0,6350.1,35983.9,UPI,0
102725,2023-11-05,CUST2075,Premium,South,Electronics,Tablet,1,23318,23318,15.0,3497.7,19820.3,Credit Card,0
102726,2023-10-22,CUST1149,New,North,Beauty,Sunscreen,4,1328,5312,15.0,796.8,4515.2,UPI,1
102727,2023-06-29,CUST3038,Premium,North,Electronics,Tablet,3,45680,137040,5.0,6852.0,130188.0,UPI,0
102728,2024-07-26,CUST2821,Regular,Central,Electronics,Laptop,1,31951,31951,10.0,3195.1,28755.9,UPI,0
102729,2023-09-14,CUST2410,Regular,South,Apparel,Sneakers,2,2758,5516,5.0,275.8,5240.2,Debit Card,0
102730,2024-05-19,CUST1002,Regular,North,Home & Kitchen,Bedsheet Set,1,1141,1141,10.0,114.1,1026.9,UPI,1
102731,2024-03-05,CUST3225,Premium,North,Sports,Running Shoes,1,3443,3443,20.0,688.6,2754.4,Credit Card,0
102732,2024-03-15,CUST2852,Premium,North,Electronics,Smartwatch,1,5869,5869,0.0,0.0,5869.0,UPI,0
102733,2023-10-07,CUST1912,Regular,East,Home & Kitchen,Air Fryer,1,7338,7338,15.0,1100.7,6237.3,Credit Card,1
102734,2024-03-04,CUST3097,Wholesale,North,Sports,Yoga Mat,2,1646,3292,5.0,164.6,3127.4,Debit Card,0
102735,2023-10-15,CUST2103,New,Central,Apparel,Sneakers,1,2032,2032,15.0,304.8,1727.2,UPI,0
102736,2023-11-05,CUST1576,Premium,South,Beauty,Lipstick,2,187,374,15.0,56.1,317.9,Net Banking,0
102737,2023-09-14,CUST2260,Premium,Central,Apparel,Jeans,1,2498,2498,10.0,249.8,2248.2,Net Banking,0
102738,2023-04-24,CUST2154,New,South,Home & Kitchen,Vacuum Cleaner,2,7326,14652,0.0,0.0,14652.0,Credit Card,0
102739,2024-08-21,CUST1673,Premium,South,Electronics,Smartwatch,2,12910,25820,15.0,3873.0,21947.0,UPI,0
102740,2024-01-13,CUST3456,Premium,South,Beauty,Face Cream,2,1057,2114,10.0,211.4,1902.6,Debit Card,0
102741,2023-10-26,CUST3151,Regular,South,Home & Kitchen,Cookware Set,2,2152,4304,0.0,0.0,4304.0,UPI,0
102742,2024-02-01,CUST3457,New,West,Apparel,T-Shirt,1,482,482,15.0,72.3,409.7,Cash on Delivery,0
102743,2023-04-03,CUST2237,New,North,Beauty,Shampoo,5,792,3960,10.0,396.0,3564.0,UPI,0
102744,2023-03-31,CUST2663,Premium,South,Beauty,Lipstick,3,638,1914,0.0,0.0,1914.0,UPI,0
102745,2024-01-27,CUST1135,Regular,South,Sports,Dumbbell Set,1,2312,2312,15.0,346.8,1965.2,Credit Card,0
102746,2023-08-09,CUST2467,Premium,South,Electronics,Laptop,1,39928,39928,15.0,5989.2,33938.8,UPI,0
102747,2023-01-08,CUST1866,Regular,North,Apparel,Jeans,1,2112,2112,5.0,105.6,2006.4,Credit Card,0
102748,2024-01-18,CUST1088,Regular,North,Sports,Dumbbell Set,2,5445,10890,30.0,3267.0,7623.0,Credit Card,0
102749,2023-07-08,CUST2150,Regular,Central,Sports,Cricket Bat,1,2009,2009,5.0,100.45,1908.55,UPI,0
102750,2024-12-17,CUST3373,Regular,North,Beauty,Face Cream,1,1599,1599,10.0,159.9,1439.1,UPI,0
102751,2024-09-28,CUST2577,New,South,Apparel,Jeans,1,1570,1570,0.0,0.0,1570.0,Debit Card,0
102752,2024-10-28,CUST2179,Regular,East,Beauty,Lipstick,1,1316,1316,20.0,263.2,1052.8,UPI,0
102753,2023-09-08,CUST1427,Premium,East,Beauty,Face Cream,1,1361,1361,5.0,68.05,1292.95,Cash on Delivery,0
102754,2023-03-24,CUST2712,Regular,West,Beauty,Lipstick,2,1542,3084,15.0,462.6,2621.4,UPI,0
102755,2023-03-10,CUST2952,Premium,East,Apparel,T-Shirt,2,2757,5514,0.0,0.0,5514.0,Credit Card,1
102756,2024-07-14,CUST1466,Premium,West,Electronics,Smartwatch,1,44896,44896,5.0,2244.8,42651.2,UPI,0
102757,2024-02-05,CUST1837,Regular,East,Beauty,Sunscreen,3,1732,5196,0.0,0.0,5196.0,Debit Card,0
102758,2023-12-10,CUST1565,Premium,West,Apparel,Jeans,1,1212,1212,30.0,363.6,848.4,Debit Card,0
102759,2024-01-23,CUST2171,Regular,East,Sports,Cricket Bat,1,2307,2307,0.0,0.0,2307.0,UPI,1
102760,2023-06-05,CUST2006,Regular,Central,Sports,Cricket Bat,1,6614,6614,15.0,992.1,5621.9,Debit Card,0
102761,2024-08-06,CUST3455,New,North,Sports,Cycling Helmet,1,2197,2197,20.0,439.4,1757.6,Net Banking,0
102762,2024-11-05,CUST2056,Premium,East,Sports,Running Shoes,1,4421,4421,10.0,442.1,3978.9,Cash on Delivery,0
102763,2023-04-16,CUST2396,New,Central,Beauty,Sunscreen,5,2185,10925,15.0,1638.75,9286.25,UPI,0
102764,2023-08-04,CUST2446,Premium,North,Sports,Dumbbell Set,1,5966,5966,10.0,596.6,5369.4,Debit Card,0
102765,2023-06-17,CUST2510,New,South,Beauty,Lipstick,1,1973,1973,0.0,0.0,1973.0,UPI,0
102766,2023-03-07,CUST3002,New,South,Apparel,Sneakers,1,1545,1545,10.0,154.5,1390.5,Debit Card,0
102767,2024-01-10,CUST2202,Premium,North,Beauty,Perfume,2,2072,4144,5.0,207.2,3936.8,Debit Card,0
102768,2024-08-25,CUST2256,Wholesale,West,Beauty,Shampoo,2,1329,2658,10.0,265.8,2392.2,UPI,1
102769,2024-02-21,CUST2367,Premium,North,Apparel,Jacket,1,2092,2092,0.0,0.0,2092.0,UPI,0
102770,2023-04-23,CUST3446,Regular,East,Apparel,T-Shirt,1,2127,2127,0.0,0.0,2127.0,UPI,1
102771,2023-08-25,CUST1567,New,East,Home & Kitchen,Mixer Grinder,4,10373,41492,5.0,2074.6,39417.4,Credit Card,0
102772,2023-03-16,CUST1802,New,East,Apparel,Dress,1,1633,1633,,,,Debit Card,0
102773,2023-10-27,CUST3323,Regular,East,Beauty,Lipstick,1,175,175,20.0,35.0,140.0,Credit Card,0
102774,2024-04-19,CUST1833,New,South,Apparel,Jacket,1,3939,3939,15.0,590.85,3348.15,Debit Card,0
102775,2023-08-24,CUST1589,Wholesale,East,Sports,Cycling Helmet,1,5050,5050,0.0,0.0,5050.0,Cash on Delivery,0
102776,2023-09-06,CUST1262,Regular,North,Apparel,Sneakers,4,3394,13576,20.0,2715.2,10860.8,Credit Card,0
102777,2024-02-09,CUST1575,Regular,East,Beauty,Lipstick,1,198,198,15.0,29.7,168.3,UPI,0
102778,2024-06-16,CUST1200,Premium,Central,Beauty,Shampoo,-1,716,716,10.0,71.6,644.4,UPI,0
102779,2024-11-23,CUST3224,Regular,West,Sports,Cricket Bat,1,7193,7193,30.0,2157.9,5035.1,Debit Card,0
102780,2023-07-28,CUST3212,Regular,East,Apparel,Jeans,1,3877,3877,0.0,0.0,3877.0,Debit Card,0
102781,2024-09-11,CUST2374,Premium,Central,Beauty,Lipstick,3,501,1503,0.0,0.0,1503.0,,0
102782,2024-10-17,CUST2717,Premium,South,Home & Kitchen,Bedsheet Set,1,10620,10620,20.0,2124.0,8496.0,Credit Card,0
102783,2023-10-14,CUST1383,Regular,West,Sports,Yoga Mat,2,2642,5284,15.0,792.6,4491.4,Net Banking,0
102784,2024-07-31,CUST2603,Regular,West,Apparel,Jacket,1,3778,3778,0.0,0.0,3778.0,Cash on Delivery,0
102785,2023-04-23,CUST3145,Regular,West,Beauty,Perfume,5,395,1975,10.0,197.5,1777.5,Cash on Delivery,0
102786,2024-06-05,CUST1261,Regular,West,Sports,Yoga Mat,4,1001,4004,30.0,1201.2,2802.8,Credit Card,0
102787,2023-12-23,CUST1422,Regular,South,Beauty,Lipstick,1,1024,1024,10.0,102.4,921.6,UPI,0
102788,2023-10-09,CUST1049,New,East,Sports,Dumbbell Set,3,3385,10155,0.0,0.0,10155.0,Net Banking,0
102789,2023-04-16,CUST3248,Premium,West,Beauty,Sunscreen,1,1982,1982,0.0,0.0,1982.0,Debit Card,0
102790,2023-09-26,CUST3483,Wholesale,Central,Electronics,Smartphone,1,41358,41358,15.0,6203.7,35154.3,Credit Card,0
102791,2024-06-23,CUST2594,Wholesale,East,Sports,Dumbbell Set,4,1265,5060,0.0,0.0,5060.0,Net Banking,0
102792,2024-03-10,CUST2459,Regular,Central,Sports,Running Shoes,1,4350,4350,15.0,652.5,3697.5,Net Banking,0
102793,2024-08-16,CUST2314,Premium,North,Sports,Dumbbell Set,2,1037,2074,5.0,103.7,1970.3,Debit Card,0
102794,2023-01-29,CUST2424,Premium,East,Home & Kitchen,Bedsheet Set,4,3906,15624,0.0,0.0,15624.0,UPI,0
102795,2024-03-08,CUST2013,Regular,West,Home & Kitchen,Air Fryer,1,9736,9736,15.0,1460.4,8275.6,Credit Card,0
102796,2024-08-15,CUST2974,New,Central,Sports,Cycling Helmet,2,3778,7556,10.0,755.6,6800.4,Debit Card,0
102797,2023-12-10,CUST3244,Wholesale,West,Sports,Yoga Mat,1,7171,7171,10.0,717.1,6453.9,Credit Card,0
102798,2024-05-11,CUST1645,Premium,North,Sports,Dumbbell Set,2,1742,3484,5.0,174.2,3309.8,Credit Card,0
102799,2024-04-18,CUST1285,Wholesale,Central,Apparel,Sneakers,1,1973,1973,30.0,591.9,1381.1,Debit Card,0
102800,2024-10-15,CUST1977,Regular,South,Home & Kitchen,Mixer Grinder,1,2860,2860,0.0,0.0,2860.0,UPI,0
102801,2023-01-05,CUST1032,Premium,East,Sports,Running Shoes,2,5122,10244,20.0,2048.8,8195.2,Cash on Delivery,1
102802,2024-10-16,CUST1474,Wholesale,South,Beauty,Shampoo,1,2131,2131,15.0,319.65,1811.35,Net Banking,0
102803,2023-05-04,CUST1004,Regular,Central,Sports,Cricket Bat,1,5845,5845,5.0,292.25,5552.75,Debit Card,0
102804,2024-09-09,CUST2141,New,East,Electronics,Smartphone,1,30505,30505,0.0,0.0,30505.0,UPI,0
102805,2023-05-25,CUST2980,Regular,East,Apparel,Jacket,1,1588,1588,0.0,0.0,1588.0,Debit Card,0
102806,2024-12-09,CUST2944,Regular,East,Beauty,Lipstick,3,1899,5697,20.0,1139.4,4557.6,Debit Card,0
102807,2023-04-21,CUST2665,Premium,East,Beauty,Perfume,3,1583,4749,20.0,949.8,3799.2,UPI,0
102808,2023-10-31,CUST2089,New,West,Electronics,Tablet,2,41437,82874,20.0,16574.8,66299.2,Debit Card,0
102809,2023-01-17,CUST2555,Regular,South,Electronics,Tablet,1,48253,48253,10.0,4825.3,43427.7,Cash on Delivery,1
102810,2024-11-29,CUST3373,Wholesale,West,Home & Kitchen,Cookware Set,1,11025,11025,20.0,2205.0,8820.0,Debit Card,0
102811,2023-03-19,CUST1996,Regular,South,Home & Kitchen,Cookware Set,1,1017,1017,5.0,50.85,966.15,UPI,0
102812,2024-03-07,CUST1393,Regular,West,Electronics,Smartphone,2,23426,46852,10.0,4685.2,42166.8,UPI,0
102813,2023-02-14,CUST2643,New,North,Electronics,Smartwatch,2,47954,95908,0.0,0.0,95908.0,Credit Card,0
102814,2023-12-24,CUST2866,Regular,South,Sports,Cycling Helmet,3,7419,22257,20.0,4451.4,17805.6,Credit Card,0
102815,2024-07-23,CUST1365,Regular,East,Apparel,Jeans,2,1583,3166,0.0,0.0,3166.0,Cash on Delivery,0
102816,2024-09-06,CUST1993,Premium,East,Apparel,T-Shirt,3,2736,8208,15.0,1231.2,6976.8,UPI,0
102817,2024-12-28,CUST1375,Regular,North,Sports,Running Shoes,3,7154,21462,10.0,2146.2,19315.8,Cash on Delivery,0
102818,2024-05-21,CUST2080,Regular,South,Apparel,Sneakers,5,1894,9470,5.0,473.5,8996.5,Debit Card,0
102819,2024-08-29,CUST1578,Regular,Central,Apparel,Sneakers,2,926,1852,20.0,370.4,1481.6,Cash on Delivery,0
102820,2023-01-22,CUST2309,Premium,North,Sports,Running Shoes,1,5960,5960,30.0,1788.0,4172.0,Credit Card,0
102821,2023-03-30,CUST1469,Regular,West,Sports,Yoga Mat,2,2207,4414,5.0,220.7,4193.3,Net Banking,0
102822,2024-02-15,CUST1889,Regular,North,Apparel,T-Shirt,2,3041,6082,10.0,608.2,5473.8,UPI,0
102823,2024-01-26,CUST3155,Regular,North,Sports,Dumbbell Set,1,965,965,0.0,0.0,965.0,UPI,0
102824,2024-09-01,CUST2268,Premium,Central,Sports,Dumbbell Set,1,1433,1433,5.0,71.65,1361.35,Net Banking,0
102825,2024-06-28,CUST3227,Regular,North,Electronics,Laptop,4,36019,144076,0.0,0.0,144076.0,Cash on Delivery,0
102826,2024-09-06,CUST2816,Regular,Central,Apparel,Dress,5,607,3035,30.0,910.5,2124.5,Debit Card,0
102827,2024-03-03,CUST3096,Regular,North,Beauty,Face Cream,4,1763,7052,10.0,705.2,6346.8,Cash on Delivery,0
102828,2023-03-26,CUST3343,Premium,West,Apparel,Jeans,2,3001,6002,10.0,600.2,5401.8,Cash on Delivery,0
102829,2023-11-07,CUST1361,Premium,West,Beauty,Perfume,3,1573,4719,15.0,707.85,4011.15,UPI,0
102830,2023-02-07,CUST1830,Premium,North,Home & Kitchen,Bedsheet Set,4,4806,19224,0.0,0.0,19224.0,UPI,0
102831,2024-09-11,CUST2263,Regular,West,Beauty,Sunscreen,3,537,1611,0.0,0.0,1611.0,Cash on Delivery,0
102832,2023-05-24,CUST2661,Regular,South,Beauty,Sunscreen,5,1608,8040,,,,Cash on Delivery,0
102833,2024-05-12,CUST1513,Regular,East,Beauty,Lipstick,1,2235,2235,10.0,223.5,2011.5,Credit Card,0
102834,2024-11-04,CUST2464,Regular,West,Sports,Cycling Helmet,2,4042,8084,20.0,1616.8,6467.2,Cash on Delivery,0
102835,2023-01-26,CUST1650,New,Central,Electronics,Smartwatch,1,59112,59112,20.0,11822.4,47289.6,Credit Card,0
102836,2023-07-08,CUST2833,New,Central,Beauty,Lipstick,1,2258,2258,0.0,0.0,2258.0,Debit Card,1
102837,2024-10-21,CUST3202,Regular,South,Beauty,Face Cream,2,842,1684,10.0,168.4,1515.6,Net Banking,0
102838,2024-09-15,CUST1555,Regular,East,Electronics,Smartwatch,1,20599,20599,20.0,4119.8,16479.2,Net Banking,0
102839,2023-11-28,CUST3031,Regular,West,Home & Kitchen,Bedsheet Set,1,8416,8416,10.0,841.6,7574.4,Credit Card,0
102840,2024-01-25,CUST2298,New,East,Home & Kitchen,Mixer Grinder,1,3879,3879,30.0,1163.7,2715.3,UPI,0
102841,2023-01-31,CUST2977,Premium,East,Electronics,Headphones,2,9678,19356,0.0,0.0,19356.0,UPI,0
102842,2024-07-18,CUST3188,Wholesale,East,Sports,Dumbbell Set,1,7605,7605,10.0,760.5,6844.5,Credit Card,0
102843,2024-06-29,CUST2478,Regular,North,Beauty,Face Cream,1,2302,2302,5.0,115.1,2186.9,Credit Card,0
102844,2023-02-14,CUST3012,Regular,West,Electronics,Tablet,2,13534,27068,20.0,5413.6,21654.4,UPI,0
102845,2023-12-24,CUST1505,Premium,West,Beauty,Face Cream,4,218,872,20.0,174.4,697.6,Credit Card,0
102846,2023-04-15,CUST2127,Premium,South,Apparel,Jacket,1,454,454,10.0,45.4,408.6,Debit Card,0
102847,2023-06-25,CUST1774,Regular,North,Sports,Yoga Mat,4,1722,6888,5.0,344.4,6543.6,Net Banking,0
102848,2024-02-22,CUST1055,Wholesale,North,Sports,Dumbbell Set,2,628,1256,15.0,188.4,1067.6,Debit Card,0
102849,2024-05-25,CUST1568,Wholesale,East,Apparel,T-Shirt,2,3727,7454,30.0,2236.2,5217.8,UPI,0
102850,2023-09-23,CUST1376,Wholesale,Central,Sports,Running Shoes,1,703,703,5.0,35.15,667.85,Net Banking,0
102851,2024-10-19,CUST3031,New,West,Home & Kitchen,Vacuum Cleaner,1,10590,10590,0.0,0.0,10590.0,Debit Card,0
102852,2023-09-19,CUST1896,Wholesale,West,Electronics,Smartwatch,3,37069,111207,15.0,16681.05,94525.95,Net Banking,0
102853,2023-09-18,CUST2715,Wholesale,South,Home & Kitchen,Mixer Grinder,1,11536,11536,0.0,0.0,11536.0,Debit Card,0
102854,2023-12-29,CUST1936,Regular,East,Sports,Dumbbell Set,1,2124,2124,5.0,106.2,2017.8,UPI,0
102855,2024-11-08,CUST2604,Premium,East,Home & Kitchen,Bedsheet Set,1,3421,3421,10.0,342.1,3078.9,UPI,0
102856,2023-11-03,CUST3080,Regular,West,Sports,Cricket Bat,1,4372,4372,30.0,1311.6,3060.4,Debit Card,1
102857,2024-09-15,CUST2031,Premium,East,Home & Kitchen,Cookware Set,2,11456,22912,10.0,2291.2,20620.8,Cash on Delivery,1
102858,2023-11-04,CUST2251,Premium,East,Apparel,Sneakers,2,3228,6456,20.0,1291.2,5164.8,Cash on Delivery,0
102859,2023-11-23,CUST1033,Regular,South,Electronics,Headphones,1,48733,48733,30.0,14619.9,34113.1,Credit Card,0
102860,2023-02-22,CUST1930,Regular,West,Beauty,Shampoo,2,953,1906,10.0,190.6,1715.4,Cash on Delivery,0
102861,2024-05-16,CUST1989,Premium,East,Apparel,Dress,4,1504,6016,20.0,1203.2,4812.8,Debit Card,1
102862,2024-07-29,CUST1543,Wholesale,West,Electronics,Smartphone,1,29137,29137,5.0,1456.85,27680.15,Cash on Delivery,0
102863,2024-12-06,CUST1929,Regular,North,Electronics,Headphones,2,24011,48022,10.0,4802.2,43219.8,UPI,0
102864,2023-03-08,CUST2354,New,West,Apparel,Sneakers,2,1484,2968,5.0,148.4,2819.6,Cash on Delivery,0
102865,2023-07-12,CUST1683,Regular,South,Electronics,Smartphone,5,8818,44090,,,,Credit Card,0
102866,2024-02-15,CUST1750,New,North,Home & Kitchen,Cookware Set,1,5128,5128,0.0,0.0,5128.0,Credit Card,0
102867,2024-11-14,CUST2433,Premium,North,Home & Kitchen,Mixer Grinder,2,9378,18756,15.0,2813.4,15942.6,UPI,0
102868,2023-12-23,CUST1331,Regular,South,Home & Kitchen,Vacuum Cleaner,1,11153,11153,15.0,1672.95,9480.05,UPI,0
102869,2024-08-21,CUST1900,New,West,Apparel,Jacket,1,721,721,10.0,72.1,648.9,Net Banking,0
102870,2024-12-06,CUST2866,Regular,West,Beauty,Face Cream,3,2091,6273,15.0,940.95,5332.05,UPI,0
102871,2023-07-24,CUST2948,Premium,North,Apparel,Sneakers,2,1978,3956,30.0,1186.8,2769.2,Cash on Delivery,0
102872,2024-01-19,CUST2054,New,East,Beauty,Shampoo,1,565,565,10.0,56.5,508.5,Credit Card,0
102873,2024-06-22,CUST1242,New,West,Electronics,Tablet,2,52849,105698,,,,Net Banking,0
102874,2024-03-10,CUST3448,Wholesale,West,Sports,Dumbbell Set,1,665,665,5.0,33.25,631.75,UPI,0
102875,2023-12-11,CUST3417,Premium,East,Electronics,Smartwatch,2,50306,100612,20.0,20122.4,80489.6,UPI,1
102876,2024-07-06,CUST1709,Premium,North,Apparel,Jeans,1,3283,3283,10.0,328.3,2954.7,Credit Card,0
102877,2023-08-09,CUST2409,Wholesale,North,Home & Kitchen,Cookware Set,2,9500,19000,15.0,2850.0,16150.0,Cash on Delivery,0
102878,2023-04-03,CUST1592,Regular,West,Home & Kitchen,Cookware Set,1,6850,6850,0.0,0.0,6850.0,Cash on Delivery,0
102879,2024-07-20,CUST2550,Regular,South,Apparel,Jeans,3,1408,4224,10.0,422.4,3801.6,Credit Card,0
102880,2024-04-22,CUST2059,Regular,South,Apparel,Dress,2,661,1322,0.0,0.0,1322.0,Credit Card,0
102881,2023-07-18,CUST1921,Regular,South,Electronics,Tablet,2,57260,114520,5.0,5726.0,108794.0,Credit Card,0
102882,2023-03-28,CUST1064,Regular,East,Electronics,Laptop,1,45046,45046,5.0,2252.3,42793.7,Net Banking,0
102883,2024-02-22,CUST1263,New,South,Apparel,Dress,2,3157,6314,20.0,1262.8,5051.2,Debit Card,0
102884,2024-04-07,CUST3062,New,East,Apparel,Jeans,1,856,856,0.0,0.0,856.0,Credit Card,0
102885,2024-05-15,CUST2319,Regular,West,Apparel,Dress,2,1041,2082,0.0,0.0,2082.0,UPI,0
102886,2024-03-29,CUST3104,Premium,East,Apparel,Sneakers,1,3586,3586,,,,Net Banking,0
102887,2024-11-29,CUST1331,Premium,East,Beauty,Lipstick,1,1346,1346,10.0,134.6,1211.4,Cash on Delivery,0
102888,2024-01-18,CUST1536,Regular,East,Apparel,T-Shirt,3,1522,4566,10.0,456.6,4109.4,Credit Card,0
102889,2024-10-23,CUST2268,Regular,West,Beauty,Sunscreen,2,2423,4846,5.0,242.3,4603.7,Net Banking,0
102890,2024-10-15,CUST1973,Wholesale,North,Home & Kitchen,Mixer Grinder,1,5980,5980,5.0,299.0,5681.0,UPI,0
102891,2024-10-26,CUST2425,Premium,West,Electronics,Headphones,1,2057,2057,10.0,205.7,1851.3,Net Banking,0
102892,2023-11-01,CUST1182,Premium,South,Electronics,Tablet,1,48095,48095,20.0,9619.0,38476.0,Debit Card,0
102893,2023-03-19,CUST1410,Regular,West,Apparel,Dress,1,941,941,0.0,0.0,941.0,UPI,0
102894,2023-09-07,CUST1962,Premium,West,Apparel,Jacket,1,646,646,20.0,129.2,516.8,,0
102895,2024-07-02,CUST1314,Wholesale,West,Sports,Dumbbell Set,5,758,3790,10.0,379.0,3411.0,Net Banking,0
102896,2024-11-19,CUST3201,Regular,North,Beauty,Sunscreen,2,1833,3666,10.0,366.6,3299.4,,0
102897,2024-08-01,CUST2254,Premium,South,Electronics,Smartwatch,1,17591,17591,15.0,2638.65,14952.35,Cash on Delivery,0
102898,2024-10-25,CUST1408,Premium,South,Beauty,Lipstick,2,325,650,15.0,97.5,552.5,Credit Card,0
102899,2023-02-21,CUST1112,Regular,West,Beauty,Face Cream,3,1138,3414,20.0,682.8,2731.2,Net Banking,0
102900,2024-10-31,CUST1451,Wholesale,South,Sports,Cycling Helmet,2,4258,8516,,,,Credit Card,1
102901,2024-08-21,CUST3480,New,West,Electronics,Tablet,2,18855,37710,15.0,5656.5,32053.5,UPI,0
102902,2024-04-28,CUST2752,Premium,South,Apparel,Dress,1,1809,1809,0.0,0.0,1809.0,UPI,0
102903,2024-05-25,CUST2743,Regular,North,Electronics,Laptop,4,30282,121128,10.0,12112.8,109015.2,UPI,0
102904,2023-09-04,CUST2804,Premium,East,Sports,Cricket Bat,1,6766,6766,0.0,0.0,6766.0,Cash on Delivery,1
102905,2024-07-10,CUST3149,Regular,South,Apparel,T-Shirt,1,1888,1888,30.0,566.4,1321.6,UPI,0
102906,2024-05-04,CUST2182,Wholesale,Central,Home & Kitchen,Mixer Grinder,1,3090,3090,0.0,0.0,3090.0,Debit Card,0
102907,2024-11-14,CUST1894,Premium,South,Beauty,Face Cream,4,1711,6844,15.0,1026.6,5817.4,Credit Card,0
102908,2023-01-01,CUST1418,Regular,Central,Home & Kitchen,Mixer Grinder,1,8288,8288,0.0,0.0,8288.0,UPI,0
102909,2024-01-19,CUST2702,Regular,South,Apparel,Jacket,1,1328,1328,10.0,132.8,1195.2,Cash on Delivery,0
102910,2023-09-26,CUST3429,Premium,South,Beauty,Face Cream,1,1432,1432,0.0,0.0,1432.0,Cash on Delivery,0
102911,2024-06-06,CUST2139,Regular,North,Beauty,Face Cream,1,2438,2438,5.0,121.9,2316.1,,0
102912,2024-07-08,CUST1322,Regular,South,Apparel,Sneakers,1,2871,2871,15.0,430.65,2440.35,Cash on Delivery,0
102913,2023-12-19,CUST1236,Regular,East,Sports,Dumbbell Set,1,5917,5917,10.0,591.7,5325.3,UPI,0
102914,2024-01-28,CUST1594,Regular,West,Home & Kitchen,Bedsheet Set,3,1855,5565,15.0,834.75,4730.25,Debit Card,0
102915,2024-08-15,CUST3124,Regular,Central,Electronics,Smartphone,1,37100,37100,20.0,7420.0,29680.0,Credit Card,0
102916,2023-07-17,CUST2370,Regular,Central,Electronics,Smartphone,1,36658,36658,0.0,0.0,36658.0,Cash on Delivery,0
102917,2024-11-24,CUST3382,Premium,East,Beauty,Sunscreen,4,1182,4728,5.0,236.4,4491.6,Credit Card,0
102918,2024-09-21,CUST1452,Regular,Central,Beauty,Sunscreen,2,810,1620,10.0,162.0,1458.0,Debit Card,0
102919,2023-10-13,CUST3189,New,North,Sports,Running Shoes,1,4733,4733,0.0,0.0,4733.0,UPI,0
102920,2024-11-09,CUST2283,Wholesale,West,Electronics,Smartphone,1,29855,29855,30.0,8956.5,20898.5,Net Banking,0
102921,2024-02-21,CUST2443,Premium,East,Apparel,T-Shirt,3,1219,3657,0.0,0.0,3657.0,Credit Card,0
102922,2024-04-04,CUST3296,Wholesale,West,Apparel,Sneakers,1,2114,2114,10.0,211.4,1902.6,Cash on Delivery,0
102923,2024-06-03,CUST3378,Wholesale,East,Electronics,Smartphone,3,39114,117342,0.0,0.0,117342.0,Cash on Delivery,0
102924,2024-08-22,CUST3046,Regular,Central,Electronics,Smartwatch,2,36260,72520,10.0,7252.0,65268.0,Credit Card,1
102925,2023-03-20,CUST1796,New,South,Beauty,Lipstick,1,853,853,20.0,170.6,682.4,Net Banking,0
102926,2024-03-07,CUST1185,Regular,South,Electronics,Laptop,2,6538,13076,20.0,2615.2,10460.8,Credit Card,0
102927,2023-11-14,CUST3113,Regular,South,Sports,Yoga Mat,5,5426,27130,15.0,4069.5,23060.5,Debit Card,0
102928,2023-12-07,CUST1506,Regular,East,Sports,Dumbbell Set,2,6071,12142,15.0,1821.3,10320.7,Net Banking,0
102929,2023-06-06,CUST2400,New,West,Beauty,Perfume,5,781,3905,10.0,390.5,3514.5,Cash on Delivery,0
102930,2023-04-19,CUST2040,New,South,Beauty,Perfume,1,904,904,0.0,0.0,904.0,UPI,0
102931,2024-05-20,CUST3220,Regular,East,Beauty,Shampoo,2,919,1838,5.0,91.9,1746.1,UPI,0
102932,2024-02-09,CUST3272,Premium,West,Apparel,Dress,2,1469,2938,0.0,0.0,2938.0,Credit Card,0
102933,2023-09-15,CUST2926,Regular,South,Home & Kitchen,Cookware Set,2,7183,14366,0.0,0.0,14366.0,Net Banking,0
102934,2024-09-04,CUST2252,New,West,Beauty,Sunscreen,2,338,676,0.0,0.0,676.0,UPI,0
102935,2024-01-07,CUST3479,Regular,North,Sports,Cycling Helmet,1,7992,7992,5.0,399.6,7592.4,UPI,0
102936,2023-06-30,CUST2714,Regular,North,Electronics,Smartwatch,1,33183,33183,15.0,4977.45,28205.55,Net Banking,0
102937,2024-02-15,CUST2854,Premium,South,Sports,Yoga Mat,1,5592,5592,0.0,0.0,5592.0,Cash on Delivery,0
102938,2023-01-30,CUST1738,Wholesale,Central,Beauty,Shampoo,1,1077,1077,10.0,107.7,969.3,,0
102939,2023-11-09,CUST1940,New,East,Apparel,Jeans,1,1099,1099,15.0,164.85,934.15,Net Banking,0
102940,2023-03-04,CUST3229,Premium,South,Beauty,Shampoo,1,1927,1927,5.0,96.35,1830.65,,0
102941,2023-04-13,CUST1126,Premium,South,Home & Kitchen,Vacuum Cleaner,1,5658,5658,30.0,1697.4,3960.6,UPI,0
102942,2023-06-11,CUST2437,New,North,Home & Kitchen,Cookware Set,5,6826,34130,5.0,1706.5,32423.5,UPI,0
102943,2024-12-19,CUST2122,New,East,Electronics,Smartphone,2,45298,90596,0.0,0.0,90596.0,UPI,0
102944,2023-01-09,CUST1266,Wholesale,North,Sports,Cycling Helmet,1,3379,3379,30.0,1013.7,2365.3,Credit Card,1
102945,2023-07-17,CUST1228,Regular,West,Beauty,Face Cream,1,699,699,10.0,69.9,629.1,Credit Card,0
102946,2024-06-04,CUST2308,New,North,Apparel,Sneakers,1,711,711,10.0,71.1,639.9,Net Banking,0
102947,2024-09-23,CUST2967,Regular,West,Home & Kitchen,Cookware Set,1,10526,10526,10.0,1052.6,9473.4,Debit Card,0
102948,2024-01-27,CUST1949,Regular,West,Beauty,Lipstick,5,859,4295,0.0,0.0,4295.0,Debit Card,0
102949,2024-07-04,CUST1785,New,West,Beauty,Face Cream,1,417,417,20.0,83.4,333.6,UPI,0
102950,2024-09-15,CUST2204,Premium,North,Electronics,Tablet,2,53473,106946,10.0,10694.6,96251.4,UPI,0
102951,2023-01-03,CUST2228,Regular,West,Beauty,Lipstick,2,919,1838,5.0,91.9,1746.1,Credit Card,1
102952,2024-11-21,CUST3157,Regular,West,Sports,Cycling Helmet,1,2209,2209,5.0,110.45,2098.55,Cash on Delivery,0
102953,2024-01-26,CUST2179,Premium,Central,Beauty,Sunscreen,1,2229,2229,5.0,111.45,2117.55,UPI,0
102954,2023-06-29,CUST2407,Premium,South,Home & Kitchen,Cookware Set,1,3693,3693,0.0,0.0,3693.0,Cash on Delivery,0
102955,2023-01-22,CUST3142,Wholesale,West,Beauty,Perfume,1,1572,1572,10.0,157.2,1414.8,UPI,0
102956,2024-09-28,CUST3478,Premium,East,Home & Kitchen,Bedsheet Set,1,8657,8657,10.0,865.7,7791.3,UPI,0
102957,2024-03-08,CUST1183,Premium,West,Home & Kitchen,Vacuum Cleaner,1,10645,10645,5.0,532.25,10112.75,UPI,0
102958,2023-09-22,CUST3411,New,West,Beauty,Face Cream,1,974,974,30.0,292.2,681.8,Credit Card,0
102959,2023-12-15,CUST3500,Regular,North,Home & Kitchen,Cookware Set,1,8260,8260,15.0,1239.0,7021.0,Net Banking,0
102960,2024-10-22,CUST2871,Regular,North,Beauty,Lipstick,2,1993,3986,5.0,199.3,3786.7,Net Banking,0
102961,2023-01-17,CUST3393,New,West,Beauty,Face Cream,2,241,482,0.0,0.0,482.0,UPI,0
102962,2023-02-22,CUST3144,New,North,Electronics,Headphones,3,42212,126636,15.0,18995.4,107640.6,Credit Card,0
102963,2023-09-24,CUST2387,Regular,South,Beauty,Face Cream,2,1618,3236,15.0,485.4,2750.6,Cash on Delivery,0
102964,2023-03-20,CUST1740,New,South,Sports,Cycling Helmet,2,4525,9050,5.0,452.5,8597.5,UPI,0
102965,2023-07-29,CUST2139,Regular,South,Home & Kitchen,Cookware Set,2,11280,22560,0.0,0.0,22560.0,,0
102966,2023-11-28,CUST2082,Premium,Central,Electronics,Headphones,2,52718,105436,30.0,31630.8,73805.2,Credit Card,0
102967,2023-07-02,CUST2231,Premium,South,Sports,Running Shoes,2,7868,15736,30.0,4720.8,11015.2,UPI,1
102968,2023-02-04,CUST3009,Regular,South,Apparel,Jacket,1,3931,3931,0.0,0.0,3931.0,Cash on Delivery,0
102969,2024-03-14,CUST2021,Regular,South,Apparel,Sneakers,1,3803,3803,0.0,0.0,3803.0,Cash on Delivery,0
102970,2024-06-13,CUST2323,Regular,East,Home & Kitchen,Bedsheet Set,2,7471,14942,15.0,2241.3,12700.7,Credit Card,0
102971,2024-06-08,CUST2799,Regular,West,Home & Kitchen,Cookware Set,1,2185,2185,0.0,0.0,2185.0,Debit Card,0
102972,2024-07-16,CUST3063,Regular,North,Sports,Running Shoes,2,512,1024,0.0,0.0,1024.0,Credit Card,0
102973,2024-01-13,CUST2586,Premium,North,Apparel,Sneakers,1,1834,1834,0.0,0.0,1834.0,Credit Card,0
102974,2023-12-02,CUST3437,New,West,Beauty,Shampoo,1,1033,1033,30.0,309.9,723.1,Cash on Delivery,0
102975,2023-09-22,CUST1616,Regular,Central,Beauty,Sunscreen,1,1151,1151,5.0,57.55,1093.45,Credit Card,0
102976,2023-07-20,CUST1195,Wholesale,West,Apparel,Jacket,1,3183,3183,0.0,0.0,3183.0,Debit Card,1
102977,2024-04-04,CUST2753,New,East,Apparel,T-Shirt,1,2228,2228,20.0,445.6,1782.4,Credit Card,0
102978,2023-06-27,CUST3270,Regular,South,Beauty,Shampoo,1,1970,1970,0.0,0.0,1970.0,Net Banking,0
102979,2024-09-11,CUST1980,Regular,East,Beauty,Lipstick,4,1683,6732,30.0,2019.6,4712.4,UPI,0
102980,2023-10-20,CUST1112,Premium,West,Sports,Cricket Bat,1,4154,4154,15.0,623.1,3530.9,UPI,0
102981,2023-09-03,CUST1092,New,South,Beauty,Lipstick,2,2096,4192,,,,Credit Card,0
102982,2024-05-06,CUST2298,Premium,South,Beauty,Lipstick,2,1973,3946,5.0,197.3,3748.7,Net Banking,0
102983,2024-04-27,CUST3338,Premium,Central,Apparel,Jeans,2,2947,5894,0.0,0.0,5894.0,UPI,0
102984,2023-10-12,CUST2078,Regular,East,Electronics,Smartwatch,1,25918,25918,30.0,7775.4,18142.6,UPI,0
102985,2023-12-18,CUST1820,Wholesale,East,Apparel,Dress,1,1766,1766,15.0,264.9,1501.1,Credit Card,0
102986,2024-11-24,CUST1118,Regular,North,Apparel,Sneakers,4,530,2120,5.0,106.0,2014.0,Debit Card,0
102987,2024-08-07,CUST2726,New,South,Electronics,Smartphone,3,5427,16281,0.0,0.0,16281.0,UPI,1
102988,2023-03-21,CUST2287,Premium,East,Electronics,Tablet,2,46682,93364,0.0,0.0,93364.0,Credit Card,0
102989,2023-03-24,CUST2133,New,South,Electronics,Tablet,1,8171,8171,10.0,817.1,7353.9,Net Banking,0
102990,2024-02-16,CUST2672,New,Central,Beauty,Face Cream,1,2076,2076,30.0,622.8,1453.2,Debit Card,0
102991,2024-06-07,CUST2570,Regular,West,Beauty,Face Cream,2,1835,3670,5.0,183.5,3486.5,Debit Card,0
102992,2024-07-14,CUST3400,Premium,South,Apparel,Dress,1,3432,3432,15.0,514.8,2917.2,Credit Card,0
102993,2024-01-19,CUST1948,Regular,North,Electronics,Tablet,2,43567,87134,5.0,4356.7,82777.3,Cash on Delivery,0
102994,2023-01-04,CUST2139,Wholesale,North,Apparel,Dress,1,1161,1161,5.0,58.05,1102.95,,0
102995,2024-05-07,CUST1885,New,East,Apparel,Dress,1,2129,2129,5.0,106.45,2022.55,Cash on Delivery,0
102996,2023-04-01,CUST3260,Premium,North,Sports,Running Shoes,2,3019,6038,10.0,603.8,5434.2,UPI,0
102997,2024-08-27,CUST2238,Regular,East,Electronics,Headphones,2,31239,62478,5.0,3123.9,59354.1,Credit Card,0
102998,2023-05-12,CUST1681,Regular,West,Electronics,Laptop,1,22950,22950,,,,Net Banking,0
102999,2023-08-20,CUST2664,Regular,West,Sports,Running Shoes,3,4901,14703,0.0,0.0,14703.0,UPI,0
103000,2024-02-28,CUST1312,Premium,West,Home & Kitchen,Air Fryer,2,2364,4728,10.0,472.8,4255.2,Net Banking,0
103001,2024-06-01,CUST2713,Regular,West,Apparel,T-Shirt,2,1855,3710,20.0,742.0,2968.0,Credit Card,0
103002,2023-11-22,CUST1487,Wholesale,South,Sports,Yoga Mat,1,6855,6855,15.0,1028.25,5826.75,Debit Card,1
103003,2024-05-15,CUST1311,New,West,Sports,Cycling Helmet,3,7126,21378,10.0,2137.8,19240.2,UPI,0
103004,2023-06-24,CUST1728,Regular,South,Sports,Running Shoes,1,3586,3586,15.0,537.9,3048.1,Credit Card,1
103005,2023-08-09,CUST1375,New,West,Sports,Dumbbell Set,2,3048,6096,15.0,914.4,5181.6,Credit Card,0
103006,2024-07-14,CUST3485,Premium,East,Electronics,Smartphone,1,14350,14350,15.0,2152.5,12197.5,Net Banking,1
103007,2023-06-27,CUST1213,New,East,Home & Kitchen,Cookware Set,2,10765,21530,10.0,2153.0,19377.0,Net Banking,0
103008,2024-08-24,CUST1356,Regular,South,Electronics,Laptop,2,5649,11298,15.0,1694.7,9603.3,Cash on Delivery,0
103009,2023-10-30,CUST1221,Wholesale,North,Beauty,Face Cream,3,1511,4533,20.0,906.6,3626.4,UPI,0
103010,2023-03-06,CUST1360,Premium,North,Home & Kitchen,Cookware Set,1,1764,1764,,,,Cash on Delivery,0
103011,2024-11-18,CUST2281,New,North,Electronics,Smartphone,5,41912,209560,15.0,31434.0,178126.0,Cash on Delivery,0
103012,2023-11-24,CUST2243,Premium,North,Beauty,Lipstick,4,1122,4488,20.0,897.6,3590.4,Debit Card,0
103013,2023-05-03,CUST3449,New,Central,Sports,Dumbbell Set,3,3830,11490,10.0,1149.0,10341.0,UPI,0
103014,2023-10-01,CUST1093,Premium,North,Home & Kitchen,Cookware Set,1,5826,5826,15.0,873.9,4952.1,UPI,0
103015,2024-03-05,CUST3156,Premium,West,Electronics,Smartwatch,1,43489,43489,5.0,2174.45,41314.55,Credit Card,0
103016,2024-10-13,CUST3062,Premium,Central,Apparel,Jeans,1,1424,1424,15.0,213.6,1210.4,UPI,0
103017,2023-05-09,CUST2560,Wholesale,North,Apparel,T-Shirt,1,3720,3720,0.0,0.0,3720.0,UPI,0
103018,2024-09-25,CUST1353,Regular,North,Sports,Running Shoes,2,5672,11344,0.0,0.0,11344.0,Credit Card,0
103019,2023-01-04,CUST2867,Regular,South,Electronics,Headphones,1,38770,38770,0.0,0.0,38770.0,Credit Card,0
103020,2023-02-20,CUST3020,Regular,South,Apparel,Jeans,4,524,2096,15.0,314.4,1781.6,Credit Card,0
103021,2023-05-12,CUST1762,Wholesale,Central,Home & Kitchen,Cookware Set,2,2800,5600,5.0,280.0,5320.0,Net Banking,0
103022,2023-02-15,CUST3113,Wholesale,West,Home & Kitchen,Bedsheet Set,2,11327,22654,5.0,1132.7,21521.3,Credit Card,0
103023,2024-02-14,CUST2073,Premium,South,Electronics,Smartwatch,2,4378,8756,20.0,1751.2,7004.8,Credit Card,0
103024,2023-01-14,CUST3486,New,South,Beauty,Perfume,1,1229,1229,15.0,184.35,1044.65,UPI,0
103025,2023-12-16,CUST2606,Regular,North,Electronics,Tablet,1,3026,3026,15.0,453.9,2572.1,Net Banking,0
103026,2024-12-05,CUST1551,New,West,Home & Kitchen,Cookware Set,1,7172,7172,10.0,717.2,6454.8,Credit Card,0
103027,2023-08-14,CUST2743,Regular,West,Sports,Cycling Helmet,2,4127,8254,10.0,825.4,7428.6,UPI,0
103028,2024-12-14,CUST1524,New,West,Sports,Cycling Helmet,1,3689,3689,30.0,1106.7,2582.3,Debit Card,0
103029,2023-05-22,CUST2974,Regular,North,Sports,Yoga Mat,4,5054,20216,0.0,0.0,20216.0,Debit Card,0
103030,2024-08-26,CUST1496,Wholesale,Central,Home & Kitchen,Air Fryer,1,10260,10260,10.0,1026.0,9234.0,UPI,0
103031,2023-09-20,CUST2187,Regular,Central,Sports,Cycling Helmet,1,5088,5088,0.0,0.0,5088.0,UPI,0
103032,2023-11-12,CUST2481,New,North,Electronics,Tablet,4,48115,192460,10.0,19246.0,173214.0,UPI,0
103033,2023-08-27,CUST2942,Regular,South,Home & Kitchen,Air Fryer,2,4721,9442,15.0,1416.3,8025.7,Debit Card,0
103034,2023-08-09,CUST3279,Regular,West,Electronics,Tablet,2,23217,46434,30.0,13930.2,32503.8,Cash on Delivery,0
103035,2023-09-19,CUST2358,Regular,North,Sports,Cycling Helmet,2,6629,13258,10.0,1325.8,11932.2,Debit Card,0
103036,2024-01-25,CUST3152,Regular,South,Apparel,Dress,2,1083,2166,10.0,216.6,1949.4,UPI,0
103037,2023-06-18,CUST1170,Regular,East,Sports,Yoga Mat,2,2288,4576,5.0,228.8,4347.2,UPI,0
103038,2024-03-23,CUST2677,New,West,Sports,Cycling Helmet,1,6082,6082,15.0,912.3,5169.7,UPI,0
103039,2024-10-16,CUST2101,Regular,West,Beauty,Sunscreen,2,1290,2580,20.0,516.0,2064.0,UPI,0
103040,2023-10-15,CUST1821,New,North,Sports,Cricket Bat,1,1700,1700,5.0,85.0,1615.0,UPI,0
103041,2023-03-25,CUST3201,Regular,East,Beauty,Perfume,1,799,799,0.0,0.0,799.0,UPI,0
103042,2024-12-26,CUST1640,Premium,North,Beauty,Perfume,1,1342,1342,5.0,67.1,1274.9,UPI,0
103043,2024-03-14,CUST2053,Premium,West,Beauty,Perfume,1,632,632,0.0,0.0,632.0,Cash on Delivery,0
103044,2023-12-09,CUST2785,Regular,West,Apparel,Jacket,1,2064,2064,0.0,0.0,2064.0,Credit Card,0
103045,2023-11-15,CUST1204,New,East,Electronics,Tablet,1,27930,27930,0.0,0.0,27930.0,,0
103046,2024-08-02,CUST1154,Regular,North,Apparel,Jacket,2,2465,4930,10.0,493.0,4437.0,Debit Card,0
103047,2023-03-29,CUST3147,Regular,North,Home & Kitchen,Bedsheet Set,2,11274,22548,30.0,6764.4,15783.6,UPI,0
103048,2023-10-15,CUST3325,Premium,North,Sports,Dumbbell Set,2,4428,8856,0.0,0.0,8856.0,Cash on Delivery,1
103049,2024-10-05,CUST1137,Regular,West,Sports,Cricket Bat,1,7090,7090,10.0,709.0,6381.0,Cash on Delivery,0
103050,2023-10-09,CUST1897,Premium,West,Electronics,Laptop,4,14380,57520,5.0,2876.0,54644.0,UPI,0
103051,2024-03-25,CUST2336,Regular,East,Apparel,Jacket,3,2558,7674,5.0,383.7,7290.3,UPI,0
103052,2023-09-25,CUST2791,New,East,Home & Kitchen,Air Fryer,1,6453,6453,5.0,322.65,6130.35,Credit Card,0
103053,2024-05-11,CUST1844,Regular,East,Home & Kitchen,Air Fryer,2,3057,6114,0.0,0.0,6114.0,Cash on Delivery,1
103054,2024-02-09,CUST2674,Regular,West,Home & Kitchen,Bedsheet Set,2,2554,5108,15.0,766.2,4341.8,UPI,0
103055,2024-03-31,CUST2314,Regular,South,Apparel,Dress,1,3422,3422,0.0,0.0,3422.0,Debit Card,0
103056,2024-10-26,CUST1568,Premium,West,Apparel,Dress,1,3926,3926,10.0,392.6,3533.4,Credit Card,1
103057,2023-04-02,CUST3097,Regular,West,Apparel,Sneakers,1,2107,2107,10.0,210.7,1896.3,Credit Card,0
103058,2023-10-01,CUST3304,New,West,Home & Kitchen,Air Fryer,3,9994,29982,20.0,5996.4,23985.6,Credit Card,0
103059,2024-12-14,CUST3345,Regular,Central,Sports,Yoga Mat,3,4458,13374,20.0,2674.8,10699.2,UPI,0
103060,2024-11-24,CUST2128,Premium,North,Home & Kitchen,Vacuum Cleaner,1,5826,5826,5.0,291.3,5534.7,UPI,0
103061,2024-09-26,CUST3336,Premium,North,Sports,Dumbbell Set,1,4738,4738,5.0,236.9,4501.1,Credit Card,0
103062,2024-05-02,CUST2971,Regular,Central,Home & Kitchen,Air Fryer,3,6542,19626,10.0,1962.6,17663.4,UPI,0
103063,2023-01-20,CUST2253,Wholesale,East,Home & Kitchen,Vacuum Cleaner,5,10839,54195,15.0,8129.25,46065.75,UPI,0
103064,2023-08-16,CUST1715,Premium,West,Beauty,Sunscreen,1,567,567,30.0,170.1,396.9,UPI,0
103065,2023-05-25,CUST1987,New,South,Electronics,Tablet,1,18908,18908,15.0,2836.2,16071.8,Credit Card,0
103066,2023-11-02,CUST1195,Wholesale,North,Electronics,Headphones,1,15295,15295,5.0,764.75,14530.25,UPI,0
103067,2023-04-23,CUST2076,Regular,South,Electronics,Headphones,1,43669,43669,15.0,6550.35,37118.65,Cash on Delivery,0
103068,2023-09-04,CUST3049,Premium,Central,Electronics,Headphones,1,46997,46997,20.0,9399.4,37597.6,UPI,0
103069,2023-12-11,CUST2265,Premium,South,Beauty,Perfume,5,1257,6285,30.0,1885.5,4399.5,Credit Card,1
103070,2023-04-08,CUST1621,Wholesale,Central,Beauty,Sunscreen,3,1682,5046,15.0,756.9,4289.1,UPI,1
103071,2023-09-01,CUST3384,Regular,East,Apparel,Dress,2,1927,3854,0.0,0.0,3854.0,Debit Card,0
103072,2023-12-19,CUST1181,Regular,East,Beauty,Sunscreen,1,1633,1633,30.0,489.9,1143.1,Credit Card,0
103073,2023-06-09,CUST2236,New,North,Sports,Cricket Bat,1,3863,3863,5.0,193.15,3669.85,Net Banking,0
103074,2024-03-30,CUST2821,New,South,Electronics,Headphones,1,2695,2695,30.0,808.5,1886.5,Credit Card,0
103075,2024-10-10,CUST2005,Regular,West,Electronics,Headphones,1,49310,49310,5.0,2465.5,46844.5,UPI,0
103076,2023-10-25,CUST1887,Premium,North,Electronics,Tablet,1,24391,24391,20.0,4878.2,19512.8,Debit Card,0
103077,2024-05-26,CUST2590,Premium,South,Home & Kitchen,Vacuum Cleaner,1,7393,7393,0.0,0.0,7393.0,Credit Card,0
103078,2023-04-14,CUST2795,Regular,East,Electronics,Smartphone,3,31654,94962,10.0,9496.2,85465.8,Credit Card,0
103079,2023-02-06,CUST3446,Regular,South,Beauty,Lipstick,3,1254,3762,5.0,188.1,3573.9,Credit Card,0
103080,2023-07-02,CUST2495,Premium,Central,Sports,Cricket Bat,1,7904,7904,10.0,790.4,7113.6,Debit Card,0
103081,2024-08-15,CUST1810,Wholesale,South,Apparel,Dress,2,3641,7282,10.0,728.2,6553.8,Cash on Delivery,0
103082,2024-03-14,CUST2861,Regular,North,Beauty,Shampoo,1,2309,2309,20.0,461.8,1847.2,Net Banking,0
103083,2023-05-12,CUST1436,Premium,East,Apparel,Dress,3,1278,3834,30.0,1150.2,2683.8,Credit Card,0
103084,2023-07-18,CUST1675,Regular,North,Sports,Yoga Mat,1,5444,5444,15.0,816.6,4627.4,Debit Card,0
103085,2024-05-19,CUST3325,New,East,Home & Kitchen,Bedsheet Set,1,7438,7438,0.0,0.0,7438.0,Credit Card,0
103086,2024-02-28,CUST1045,Premium,East,Beauty,Face Cream,4,241,964,15.0,144.6,819.4,Cash on Delivery,0
103087,2024-11-11,CUST3296,Regular,West,Electronics,Smartwatch,1,45641,45641,0.0,0.0,45641.0,UPI,0
103088,2023-06-07,CUST2928,Wholesale,East,Beauty,Face Cream,4,893,3572,0.0,0.0,3572.0,UPI,0
103089,2024-08-28,CUST1517,Premium,East,Home & Kitchen,Mixer Grinder,1,9370,9370,5.0,468.5,8901.5,UPI,0
103090,2024-11-19,CUST1651,Premium,West,Apparel,Jeans,3,3686,11058,10.0,1105.8,9952.2,UPI,0
103091,2024-01-22,CUST2364,Wholesale,West,Electronics,Smartphone,2,39876,79752,5.0,3987.6,75764.4,Credit Card,0
103092,2024-09-25,CUST2524,Regular,East,Home & Kitchen,Air Fryer,1,6017,6017,20.0,1203.4,4813.6,Cash on Delivery,0
103093,2024-12-17,CUST1399,Premium,East,Apparel,Jeans,5,3211,16055,5.0,802.75,15252.25,Credit Card,0
103094,2024-12-05,CUST2384,Wholesale,West,Sports,Cricket Bat,2,2036,4072,5.0,203.6,3868.4,,0
103095,2023-05-28,CUST2756,New,North,Electronics,Laptop,2,37716,75432,10.0,7543.2,67888.8,Net Banking,0
103096,2024-06-09,CUST1679,Regular,North,Home & Kitchen,Mixer Grinder,2,5378,10756,0.0,0.0,10756.0,UPI,0
103097,2023-01-29,CUST1399,Premium,West,Electronics,Headphones,1,44876,44876,5.0,2243.8,42632.2,UPI,0
103098,2023-04-24,CUST2617,New,North,Apparel,Sneakers,1,2618,2618,15.0,392.7,2225.3,Net Banking,0
103099,2023-10-26,CUST1444,Regular,West,Beauty,Lipstick,1,193,193,10.0,19.3,173.7,UPI,0
103100,2024-07-10,CUST1269,Wholesale,West,Apparel,Sneakers,1,991,991,10.0,99.1,891.9,UPI,0
103101,2024-10-13,CUST2616,Premium,South,Beauty,Shampoo,2,321,642,10.0,64.2,577.8,UPI,0
103102,2024-07-28,CUST1662,Regular,West,Electronics,Headphones,1,8248,8248,20.0,1649.6,6598.4,Cash on Delivery,0
103103,2024-02-01,CUST1341,Regular,East,Home & Kitchen,Vacuum Cleaner,2,5005,10010,5.0,500.5,9509.5,Net Banking,0
103104,2024-02-15,CUST3331,Regular,South,Electronics,Headphones,2,48549,97098,5.0,4854.9,92243.1,Debit Card,0
103105,2023-02-03,CUST1468,New,Central,Sports,Running Shoes,1,1570,1570,30.0,471.0,1099.0,UPI,0
103106,2024-12-23,CUST3350,Regular,Central,Sports,Running Shoes,2,1066,2132,10.0,213.2,1918.8,Net Banking,0
103107,2023-04-13,CUST1717,Premium,East,Apparel,Sneakers,3,982,2946,20.0,589.2,2356.8,Cash on Delivery,0
103108,2023-05-01,CUST1703,Regular,East,Home & Kitchen,Cookware Set,1,4879,4879,0.0,0.0,4879.0,Cash on Delivery,0
103109,2024-02-16,CUST3089,Premium,North,Electronics,Laptop,1,12918,12918,30.0,3875.4,9042.6,UPI,0
103110,2024-04-11,CUST1945,Premium,West,Home & Kitchen,Vacuum Cleaner,2,3119,6238,10.0,623.8,5614.2,Cash on Delivery,1
103111,2024-05-30,CUST2336,Wholesale,North,Home & Kitchen,Cookware Set,1,10983,10983,0.0,0.0,10983.0,Credit Card,0
103112,2023-03-28,CUST1500,Wholesale,East,Beauty,Perfume,5,2500,12500,5.0,625.0,11875.0,Cash on Delivery,1
103113,2023-01-27,CUST3340,New,South,Apparel,T-Shirt,1,592,592,30.0,177.6,414.4,UPI,1
103114,2023-12-05,CUST3469,New,West,Home & Kitchen,Bedsheet Set,2,8700,17400,,,,UPI,0
103115,2024-04-09,CUST2850,Regular,North,Electronics,Smartwatch,1,33805,33805,5.0,1690.25,32114.75,Net Banking,0
103116,2023-02-28,CUST2037,New,East,Sports,Cricket Bat,1,539,539,5.0,26.95,512.05,Debit Card,0
103117,2024-07-07,CUST3282,Regular,Central,Apparel,Dress,2,1713,3426,5.0,171.3,3254.7,UPI,0
103118,2024-04-09,CUST1919,New,South,Beauty,Lipstick,1,1934,1934,5.0,96.7,1837.3,UPI,0
103119,2023-11-14,CUST1968,Premium,Central,Home & Kitchen,Bedsheet Set,2,8255,16510,30.0,4953.0,11557.0,Cash on Delivery,0
103120,2023-02-15,CUST2365,New,North,Apparel,Jeans,1,1482,1482,0.0,0.0,1482.0,Credit Card,0
103121,2024-05-26,CUST1176,New,Central,Home & Kitchen,Vacuum Cleaner,3,805,2415,0.0,0.0,2415.0,Cash on Delivery,0
103122,2024-08-23,CUST1080,Regular,North,Home & Kitchen,Air Fryer,1,4358,4358,15.0,653.7,3704.3,UPI,0
103123,2023-12-16,CUST2955,Wholesale,East,Home & Kitchen,Cookware Set,3,8254,24762,15.0,3714.3,21047.7,Credit Card,0
103124,2024-02-28,CUST2187,Regular,Central,Electronics,Smartphone,1,8545,8545,10.0,854.5,7690.5,Credit Card,1
103125,2024-11-20,CUST2586,New,North,Home & Kitchen,Air Fryer,1,3255,3255,5.0,162.75,3092.25,UPI,0
103126,2024-11-30,CUST1042,Premium,North,Sports,Dumbbell Set,1,6073,6073,,,,UPI,0
103127,2024-09-15,CUST2552,Regular,South,Sports,Cricket Bat,2,6575,13150,0.0,0.0,13150.0,Debit Card,0
103128,2024-08-27,CUST3244,Regular,South,Sports,Dumbbell Set,2,2289,4578,10.0,457.8,4120.2,Cash on Delivery,0
103129,2024-05-02,CUST2918,New,West,Electronics,Tablet,2,51800,103600,15.0,15540.0,88060.0,Debit Card,0
103130,2023-02-11,CUST1752,New,South,Apparel,Dress,2,3780,7560,15.0,1134.0,6426.0,UPI,0
103131,2024-03-30,CUST1706,Regular,East,Electronics,Smartphone,2,5115,10230,20.0,2046.0,8184.0,UPI,0
103132,2023-07-11,CUST1990,Wholesale,North,Electronics,Smartwatch,1,36865,36865,10.0,3686.5,33178.5,Cash on Delivery,0
103133,2023-02-23,CUST1112,Wholesale,West,Apparel,Jeans,2,2814,5628,10.0,562.8,5065.2,UPI,0
103134,2024-01-22,CUST1781,Wholesale,Central,Sports,Cricket Bat,3,3767,11301,5.0,565.05,10735.95,Credit Card,0
103135,2023-12-16,CUST2407,New,South,Beauty,Sunscreen,1,725,725,0.0,0.0,725.0,Cash on Delivery,0
103136,2023-09-06,CUST2377,Wholesale,East,Beauty,Face Cream,1,1235,1235,5.0,61.75,1173.25,UPI,0
103137,2023-10-22,CUST3131,Regular,South,Sports,Running Shoes,1,1453,1453,30.0,435.9,1017.1,UPI,0
103138,2023-01-11,CUST2818,New,South,Home & Kitchen,Cookware Set,2,5895,11790,15.0,1768.5,10021.5,Debit Card,0
103139,2024-02-25,CUST3255,Premium,Central,Home & Kitchen,Cookware Set,1,1289,1289,0.0,0.0,1289.0,Cash on Delivery,0
103140,2024-06-26,CUST1532,Wholesale,East,Beauty,Sunscreen,1,889,889,20.0,177.8,711.2,UPI,0
103141,2023-06-22,CUST2335,Wholesale,Central,Electronics,Laptop,2,59677,119354,10.0,11935.4,107418.6,Cash on Delivery,0
103142,2024-07-27,CUST2982,Premium,West,Beauty,Lipstick,2,689,1378,30.0,413.4,964.6,Cash on Delivery,0
103143,2023-06-13,CUST2483,Premium,North,Sports,Running Shoes,2,7065,14130,0.0,0.0,14130.0,Credit Card,1
103144,2024-02-23,CUST1960,Regular,South,Apparel,Dress,2,863,1726,0.0,0.0,1726.0,UPI,0
103145,2023-07-19,CUST1169,Regular,West,Apparel,Dress,2,2474,4948,,,,UPI,0
103146,2023-07-03,CUST1014,Regular,North,Sports,Running Shoes,1,673,673,20.0,134.6,538.4,Debit Card,0
103147,2023-03-26,CUST1563,Wholesale,North,Beauty,Perfume,1,423,423,0.0,0.0,423.0,UPI,0
103148,2024-11-05,CUST1073,Regular,East,Electronics,Smartphone,2,58414,116828,10.0,11682.8,105145.2,Cash on Delivery,0
103149,2023-04-11,CUST1208,Regular,Central,Home & Kitchen,Cookware Set,1,11950,11950,5.0,597.5,11352.5,UPI,0
103150,2023-08-24,CUST1772,Premium,South,Beauty,Face Cream,2,1347,2694,0.0,0.0,2694.0,Debit Card,0
103151,2023-07-26,CUST2629,Premium,South,Electronics,Tablet,1,25909,25909,0.0,0.0,25909.0,Cash on Delivery,0
103152,2024-07-01,CUST1938,New,West,Electronics,Smartwatch,1,4709,4709,5.0,235.45,4473.55,Credit Card,0
103153,2023-05-18,CUST2885,Premium,Central,Beauty,Lipstick,1,2327,2327,5.0,116.35,2210.65,Debit Card,0
103154,2023-01-08,CUST2979,Wholesale,East,Electronics,Headphones,1,4402,4402,10.0,440.2,3961.8,Credit Card,0
103155,2024-11-16,CUST3303,Regular,South,Apparel,T-Shirt,1,928,928,0.0,0.0,928.0,Net Banking,0
103156,2023-06-08,CUST2100,Wholesale,South,Sports,Cricket Bat,2,5129,10258,0.0,0.0,10258.0,,0
103157,2024-08-12,CUST2523,Wholesale,West,Apparel,Sneakers,1,1794,1794,10.0,179.4,1614.6,UPI,0
103158,2023-11-27,CUST1079,Wholesale,South,Electronics,Smartphone,5,29638,148190,0.0,0.0,148190.0,Credit Card,0
103159,2024-04-22,CUST2915,Premium,East,Home & Kitchen,Air Fryer,1,2613,2613,20.0,522.6,2090.4,Cash on Delivery,0
103160,2023-09-01,CUST1973,Wholesale,South,Sports,Running Shoes,3,5425,16275,5.0,813.75,15461.25,Credit Card,0
103161,2024-12-10,CUST2778,Regular,East,Electronics,Laptop,1,21185,21185,10.0,2118.5,19066.5,Debit Card,0
103162,2024-12-26,CUST2403,Regular,North,Beauty,Lipstick,1,1366,1366,15.0,204.9,1161.1,Credit Card,0
103163,2023-11-08,CUST2663,New,West,Sports,Running Shoes,3,3464,10392,15.0,1558.8,8833.2,Credit Card,0
103164,2024-12-29,CUST1192,Regular,South,Home & Kitchen,Cookware Set,3,11881,35643,5.0,1782.15,33860.85,Cash on Delivery,0
103165,2023-08-20,CUST2715,Premium,West,Home & Kitchen,Bedsheet Set,1,11297,11297,5.0,564.85,10732.15,Cash on Delivery,0
103166,2023-02-21,CUST2957,Regular,South,Electronics,Smartphone,1,38699,38699,15.0,5804.85,32894.15,Cash on Delivery,0
103167,2024-03-01,CUST1566,Regular,South,Apparel,Jacket,3,1087,3261,5.0,163.05,3097.95,Credit Card,0
103168,2023-05-09,CUST3438,Regular,North,Home & Kitchen,Vacuum Cleaner,1,1341,1341,15.0,201.15,1139.85,Net Banking,0
103169,2023-03-28,CUST1465,Regular,North,Home & Kitchen,Mixer Grinder,2,6240,12480,5.0,624.0,11856.0,Net Banking,0
103170,2024-04-16,CUST3341,Regular,North,Apparel,Jeans,1,1672,1672,5.0,83.6,1588.4,UPI,0
103171,2023-01-14,CUST2117,New,North,Electronics,Smartphone,4,35690,142760,5.0,7138.0,135622.0,Debit Card,0
103172,2024-04-04,CUST2323,Premium,North,Home & Kitchen,Cookware Set,1,9626,9626,20.0,1925.2,7700.8,UPI,0
103173,2024-09-23,CUST1691,Regular,Central,Beauty,Lipstick,1,487,487,15.0,73.05,413.95,UPI,0
103174,2023-06-20,CUST1830,Regular,Central,Beauty,Shampoo,1,1117,1117,0.0,0.0,1117.0,Net Banking,0
103175,2023-05-27,CUST1276,Regular,East,Sports,Cycling Helmet,1,4041,4041,5.0,202.05,3838.95,UPI,0
103176,2024-10-22,CUST2302,Regular,North,Home & Kitchen,Vacuum Cleaner,4,9045,36180,15.0,5427.0,30753.0,Cash on Delivery,1
103177,2023-09-24,CUST1250,Regular,West,Electronics,Headphones,4,13036,52144,10.0,5214.4,46929.6,UPI,0
103178,2024-03-19,CUST1946,Regular,Central,Beauty,Perfume,1,2488,2488,0.0,0.0,2488.0,UPI,0
103179,2024-12-01,CUST3416,Regular,South,Sports,Running Shoes,1,7493,7493,10.0,749.3,6743.7,UPI,0
103180,2023-07-07,CUST3092,Premium,South,Home & Kitchen,Cookware Set,1,9941,9941,0.0,0.0,9941.0,Cash on Delivery,0
103181,2023-04-11,CUST1852,New,East,Apparel,Jeans,3,2371,7113,20.0,1422.6,5690.4,UPI,0
103182,2023-02-21,CUST2038,New,North,Apparel,Jeans,2,1670,3340,0.0,0.0,3340.0,Net Banking,0
103183,2023-01-23,CUST2327,Regular,North,Sports,Cycling Helmet,1,950,950,10.0,95.0,855.0,Debit Card,0
103184,2023-03-16,CUST1367,Premium,North,Beauty,Face Cream,1,1487,1487,10.0,148.7,1338.3,Cash on Delivery,0
103185,2024-01-10,CUST1214,Regular,South,Home & Kitchen,Vacuum Cleaner,1,8969,8969,30.0,2690.7,6278.3,Credit Card,0
103186,2023-10-07,CUST3431,Regular,East,Apparel,Jeans,1,3749,3749,10.0,374.9,3374.1,Credit Card,0
103187,2024-09-27,CUST1145,Regular,South,Apparel,Jacket,3,1924,5772,0.0,0.0,5772.0,Debit Card,0
103188,2024-05-12,CUST1914,Wholesale,South,Sports,Yoga Mat,2,7900,15800,,,,Cash on Delivery,0
103189,2024-12-06,CUST2286,Regular,Central,Home & Kitchen,Bedsheet Set,2,1920,3840,10.0,384.0,3456.0,UPI,0
103190,2024-01-02,CUST2137,Premium,South,Beauty,Face Cream,1,861,861,20.0,172.2,688.8,UPI,0
103191,2024-02-24,CUST1304,New,Central,Apparel,T-Shirt,2,3610,7220,0.0,0.0,7220.0,Debit Card,0
103192,2024-11-18,CUST1003,New,South,Sports,Cricket Bat,4,3088,12352,15.0,1852.8,10499.2,UPI,0
103193,2024-04-14,CUST2578,Regular,North,Beauty,Face Cream,1,780,780,0.0,0.0,780.0,Cash on Delivery,0
103194,2024-05-27,CUST2730,Regular,North,Home & Kitchen,Air Fryer,1,8346,8346,10.0,834.6,7511.4,Debit Card,0
103195,2023-01-25,CUST2710,New,West,Sports,Yoga Mat,1,1395,1395,0.0,0.0,1395.0,UPI,0
103196,2023-04-09,CUST3432,Wholesale,West,Electronics,Laptop,1,40814,40814,0.0,0.0,40814.0,UPI,0
103197,2023-08-01,CUST1466,Regular,East,Electronics,Headphones,1,53879,53879,15.0,8081.85,45797.15,Net Banking,0
103198,2024-02-22,CUST2722,Wholesale,Central,Sports,Running Shoes,2,4820,9640,15.0,1446.0,8194.0,Cash on Delivery,0
103199,2024-09-02,CUST3196,Premium,North,Electronics,Headphones,5,42637,213185,10.0,21318.5,191866.5,Net Banking,0
103200,2023-06-14,CUST1641,Wholesale,West,Beauty,Lipstick,1,199,199,10.0,19.9,179.1,UPI,0
103201,2023-01-02,CUST2440,Regular,North,Sports,Yoga Mat,1,1764,1764,5.0,88.2,1675.8,Cash on Delivery,0
103202,2024-03-06,CUST3472,Wholesale,Central,Home & Kitchen,Mixer Grinder,4,4458,17832,0.0,0.0,17832.0,Credit Card,0
103203,2024-03-30,CUST2163,Regular,West,Sports,Cycling Helmet,1,1345,1345,20.0,269.0,1076.0,Credit Card,0
103204,2024-09-14,CUST2780,Regular,East,Sports,Dumbbell Set,5,3674,18370,15.0,2755.5,15614.5,UPI,1
103205,2024-01-24,CUST3012,Regular,South,Sports,Cycling Helmet,1,1060,1060,0.0,0.0,1060.0,Credit Card,0
103206,2023-04-14,CUST2647,Regular,South,Electronics,Smartwatch,2,21444,42888,15.0,6433.2,36454.8,UPI,0
103207,2023-08-01,CUST1600,Regular,East,Home & Kitchen,Cookware Set,4,9053,36212,10.0,3621.2,32590.8,Cash on Delivery,0
103208,2023-01-17,CUST2923,Premium,East,Electronics,Laptop,5,24404,122020,20.0,24404.0,97616.0,Cash on Delivery,0
103209,2024-12-21,CUST2970,Premium,Central,Beauty,Lipstick,1,969,969,10.0,96.9,872.1,Cash on Delivery,0
103210,2023-04-21,CUST1051,Regular,North,Sports,Dumbbell Set,1,2819,2819,0.0,0.0,2819.0,Cash on Delivery,0
103211,2023-04-16,CUST1236,Wholesale,South,Apparel,Jacket,1,635,635,20.0,127.0,508.0,UPI,0
103212,2023-12-17,CUST3326,New,North,Home & Kitchen,Bedsheet Set,2,1397,2794,15.0,419.1,2374.9,Debit Card,1
103213,2024-05-22,CUST1878,Regular,North,Beauty,Lipstick,1,2109,2109,20.0,421.8,1687.2,Credit Card,0
103214,2023-01-14,CUST1915,Regular,North,Apparel,Jacket,5,2555,12775,,,,Credit Card,0
103215,2023-11-17,CUST1435,New,West,Apparel,Dress,1,2933,2933,20.0,586.6,2346.4,Debit Card,0
103216,2024-03-24,CUST3033,Wholesale,West,Sports,Cycling Helmet,3,3885,11655,30.0,3496.5,8158.5,Cash on Delivery,0
103217,2024-12-10,CUST2340,Premium,East,Apparel,Jacket,3,2537,7611,20.0,1522.2,6088.8,UPI,0
103218,2024-10-09,CUST2175,Regular,Central,Beauty,Face Cream,2,1173,2346,10.0,234.6,2111.4,Net Banking,0
103219,2023-02-09,CUST3124,Premium,Central,Home & Kitchen,Air Fryer,1,8199,8199,0.0,0.0,8199.0,Cash on Delivery,0
103220,2024-07-31,CUST1049,Wholesale,South,Electronics,Headphones,5,8203,41015,30.0,12304.5,28710.5,UPI,1
103221,2023-12-11,CUST3372,Wholesale,East,Electronics,Smartwatch,1,27881,27881,5.0,1394.05,26486.95,Credit Card,1
103222,2023-05-11,CUST2563,Premium,North,Beauty,Sunscreen,1,2140,2140,0.0,0.0,2140.0,UPI,0
103223,2023-07-18,CUST2154,Wholesale,East,Beauty,Face Cream,5,1751,8755,10.0,875.5,7879.5,Debit Card,0
103224,2023-11-07,CUST3229,Premium,East,Home & Kitchen,Cookware Set,2,3422,6844,20.0,1368.8,5475.2,Cash on Delivery,0
103225,2024-02-07,CUST1927,Premium,North,Apparel,T-Shirt,2,3956,7912,10.0,791.2,7120.8,UPI,1
103226,2023-03-17,CUST1498,Regular,North,Electronics,Tablet,1,3568,3568,15.0,535.2,3032.8,UPI,0
103227,2023-09-27,CUST2080,New,West,Electronics,Tablet,1,51453,51453,,,,UPI,0
103228,2024-04-10,CUST1512,Premium,West,Electronics,Tablet,1,38715,38715,30.0,11614.5,27100.5,UPI,0
103229,2023-11-19,CUST2185,Regular,West,Beauty,Sunscreen,2,1826,3652,10.0,365.2,3286.8,UPI,0
103230,2023-03-06,CUST1454,Premium,West,Electronics,Laptop,2,18659,37318,0.0,0.0,37318.0,Net Banking,0
103231,2024-07-29,CUST3405,Regular,East,Electronics,Headphones,1,2136,2136,20.0,427.2,1708.8,Cash on Delivery,0
103232,2024-11-15,CUST2125,Premium,South,Electronics,Headphones,1,21935,21935,20.0,4387.0,17548.0,Credit Card,0
103233,2023-02-18,CUST1810,Premium,North,Beauty,Lipstick,2,2211,4422,15.0,663.3,3758.7,Cash on Delivery,0
103234,2023-04-18,CUST2874,Regular,South,Home & Kitchen,Vacuum Cleaner,1,5252,5252,10.0,525.2,4726.8,Net Banking,0
103235,2023-12-02,CUST2842,Regular,West,Beauty,Sunscreen,1,2013,2013,15.0,301.95,1711.05,UPI,0
103236,2023-09-29,CUST2011,Regular,East,Home & Kitchen,Bedsheet Set,1,10850,10850,,,,Credit Card,0
103237,2024-09-15,CUST2230,Wholesale,South,Electronics,Laptop,2,27267,54534,20.0,10906.8,43627.2,UPI,0
103238,2023-03-14,CUST1267,Regular,Central,Electronics,Smartwatch,1,2608,2608,0.0,0.0,2608.0,Credit Card,0
103239,2024-12-20,CUST1109,Premium,South,Sports,Yoga Mat,1,1217,1217,10.0,121.7,1095.3,Cash on Delivery,0
103240,2024-06-30,CUST2622,New,South,Sports,Running Shoes,1,6945,6945,15.0,1041.75,5903.25,Credit Card,0
103241,2023-02-08,CUST3455,Premium,East,Beauty,Perfume,1,1955,1955,0.0,0.0,1955.0,UPI,0
103242,2023-11-04,CUST1284,Premium,Central,Sports,Running Shoes,1,5340,5340,10.0,534.0,4806.0,UPI,0
103243,2024-04-23,CUST2919,Regular,South,Electronics,Laptop,1,28060,28060,0.0,0.0,28060.0,Debit Card,0
103244,2023-01-05,CUST1808,Regular,South,Electronics,Smartwatch,2,33369,66738,15.0,10010.7,56727.3,UPI,0
103245,2023-07-26,CUST2733,Regular,Central,Electronics,Smartwatch,1,36090,36090,5.0,1804.5,34285.5,Cash on Delivery,0
103246,2023-02-23,CUST2460,Wholesale,North,Electronics,Headphones,1,41875,41875,5.0,2093.75,39781.25,UPI,0
103247,2023-12-09,CUST3312,Regular,North,Sports,Running Shoes,3,2411,7233,10.0,723.3,6509.7,UPI,0
103248,2024-02-21,CUST1864,Wholesale,West,Home & Kitchen,Vacuum Cleaner,1,10098,10098,30.0,3029.4,7068.6,UPI,0
103249,2023-08-28,CUST1737,Regular,East,Home & Kitchen,Cookware Set,5,1707,8535,15.0,1280.25,7254.75,Cash on Delivery,0
103250,2024-01-29,CUST2869,Regular,South,Beauty,Perfume,4,607,2428,5.0,121.4,2306.6,Cash on Delivery,0
103251,2023-08-30,CUST3028,Regular,North,Electronics,Smartwatch,1,15685,15685,5.0,784.25,14900.75,Debit Card,0
103252,2023-06-05,CUST1628,New,West,Apparel,Dress,2,1829,3658,10.0,365.8,3292.2,Cash on Delivery,0
103253,2024-05-05,CUST1988,Premium,Central,Beauty,Sunscreen,2,1218,2436,15.0,365.4,2070.6,Debit Card,0
103254,2023-10-08,CUST2496,Premium,South,Sports,Dumbbell Set,2,4107,8214,10.0,821.4,7392.6,Cash on Delivery,0
103255,2024-01-08,CUST1497,New,West,Sports,Yoga Mat,1,4288,4288,20.0,857.6,3430.4,Debit Card,0
103256,2024-02-02,CUST2077,Regular,West,Apparel,Jacket,3,2010,6030,0.0,0.0,6030.0,UPI,0
103257,2024-02-07,CUST2212,New,East,Home & Kitchen,Air Fryer,1,10508,10508,20.0,2101.6,8406.4,,0
103258,2024-11-09,CUST1405,Regular,North,Home & Kitchen,Vacuum Cleaner,1,4581,4581,15.0,687.15,3893.85,Cash on Delivery,0
103259,2024-07-07,CUST1224,New,Central,Beauty,Lipstick,1,1633,1633,20.0,326.6,1306.4,Debit Card,0
103260,2023-12-04,CUST1455,Premium,Central,Electronics,Tablet,1,12879,12879,20.0,2575.8,10303.2,Debit Card,0
103261,2024-11-14,CUST1788,Regular,South,Electronics,Smartphone,1,55106,55106,10.0,5510.6,49595.4,UPI,0
103262,2024-07-29,CUST1946,New,South,Home & Kitchen,Vacuum Cleaner,2,11015,22030,5.0,1101.5,20928.5,UPI,1
103263,2023-01-02,CUST2537,Premium,Central,Electronics,Tablet,1,35054,35054,10.0,3505.4,31548.6,Net Banking,0
103264,2024-08-09,CUST1893,Regular,South,Sports,Yoga Mat,1,4416,4416,15.0,662.4,3753.6,Net Banking,0
103265,2023-03-17,CUST2909,New,North,Electronics,Headphones,4,45101,180404,10.0,18040.4,162363.6,Cash on Delivery,0
103266,2024-10-05,CUST1294,Regular,West,Apparel,Sneakers,1,1886,1886,10.0,188.6,1697.4,UPI,0
103267,2024-06-27,CUST2628,Regular,Central,Sports,Dumbbell Set,2,2247,4494,0.0,0.0,4494.0,Net Banking,0
103268,2023-10-22,CUST2072,New,East,Electronics,Smartwatch,1,26692,26692,,,,Cash on Delivery,0
103269,2023-04-30,CUST1270,Premium,West,Beauty,Sunscreen,1,925,925,0.0,0.0,925.0,UPI,0
103270,2024-02-28,CUST3341,Regular,West,Beauty,Lipstick,1,753,753,15.0,112.95,640.05,Debit Card,0
103271,2023-08-22,CUST2860,Premium,West,Apparel,Jacket,3,3629,10887,0.0,0.0,10887.0,UPI,0
103272,2023-04-15,CUST3325,Premium,North,Apparel,Sneakers,2,2867,5734,5.0,286.7,5447.3,Debit Card,0
103273,2023-11-25,CUST3130,Premium,Central,Apparel,Jeans,2,1157,2314,5.0,115.7,2198.3,Credit Card,0
103274,2023-10-13,CUST1475,Regular,South,Apparel,Sneakers,3,3281,9843,15.0,1476.45,8366.55,UPI,0
103275,2023-03-18,CUST2312,Wholesale,West,Home & Kitchen,Cookware Set,3,7780,23340,10.0,2334.0,21006.0,UPI,0
103276,2024-07-29,CUST1228,Premium,South,Beauty,Lipstick,1,1449,1449,10.0,144.9,1304.1,Debit Card,0
103277,2024-10-17,CUST3363,New,South,Beauty,Shampoo,1,2111,2111,30.0,633.3,1477.7,Cash on Delivery,0
103278,2023-04-11,CUST1731,Regular,North,Apparel,T-Shirt,2,3388,6776,5.0,338.8,6437.2,Debit Card,0
103279,2024-02-11,CUST1027,New,North,Beauty,Face Cream,2,1477,2954,10.0,295.4,2658.6,Cash on Delivery,0
103280,2023-06-29,CUST2865,Regular,North,Sports,Cricket Bat,1,4511,4511,0.0,0.0,4511.0,Debit Card,1
103281,2024-08-07,CUST1598,Regular,Central,Apparel,Dress,4,1870,7480,0.0,0.0,7480.0,Debit Card,0
103282,2023-09-18,CUST2867,Regular,South,Beauty,Perfume,1,413,413,0.0,0.0,413.0,Cash on Delivery,0
103283,2023-01-13,CUST1423,Regular,North,Apparel,Dress,1,1007,1007,10.0,100.7,906.3,Net Banking,0
103284,2023-06-14,CUST1175,Premium,South,Home & Kitchen,Bedsheet Set,1,3427,3427,5.0,171.35,3255.65,,0
103285,2024-01-06,CUST3288,Regular,Central,Beauty,Shampoo,1,748,748,0.0,0.0,748.0,Credit Card,0
103286,2023-05-23,CUST3136,Regular,South,Sports,Running Shoes,1,822,822,5.0,41.1,780.9,Credit Card,0
103287,2024-06-21,CUST2190,New,North,Apparel,T-Shirt,1,3007,3007,10.0,300.7,2706.3,Cash on Delivery,0
103288,2024-07-11,CUST1092,Regular,East,Home & Kitchen,Cookware Set,2,8532,17064,0.0,0.0,17064.0,UPI,0
103289,2024-07-17,CUST2760,Premium,West,Home & Kitchen,Cookware Set,1,4951,4951,5.0,247.55,4703.45,Credit Card,0
103290,2023-08-03,CUST1079,Premium,South,Beauty,Perfume,2,1490,2980,15.0,447.0,2533.0,Credit Card,0
103291,2023-01-19,CUST1527,Regular,South,Home & Kitchen,Mixer Grinder,1,2681,2681,20.0,536.2,2144.8,Credit Card,0
103292,2023-05-12,CUST1551,New,Central,Beauty,Shampoo,2,202,404,30.0,121.2,282.8,Cash on Delivery,0
103293,2023-05-13,CUST2112,Premium,North,Apparel,Jacket,1,1028,1028,,,,Cash on Delivery,0
103294,2024-11-30,CUST3347,Regular,West,Apparel,Jacket,5,2271,11355,20.0,2271.0,9084.0,Net Banking,0
103295,2023-05-25,CUST2746,Regular,South,Sports,Yoga Mat,1,6311,6311,15.0,946.65,5364.35,Credit Card,0
103296,2024-09-18,CUST2041,Wholesale,Central,Beauty,Sunscreen,5,1401,7005,15.0,1050.75,5954.25,UPI,0
103297,2024-01-18,CUST1017,Premium,South,Home & Kitchen,Vacuum Cleaner,2,7182,14364,0.0,0.0,14364.0,UPI,0
103298,2023-02-01,CUST1389,Regular,South,Sports,Cricket Bat,2,725,1450,5.0,72.5,1377.5,Debit Card,0
103299,2024-05-16,CUST1392,Premium,Central,Beauty,Perfume,1,846,846,,,,UPI,0
103300,2023-05-02,CUST1404,New,East,Home & Kitchen,Mixer Grinder,1,1097,1097,20.0,219.4,877.6,Net Banking,0
103301,2023-07-19,CUST1545,Regular,Central,Electronics,Headphones,2,56318,112636,0.0,0.0,112636.0,Credit Card,0
103302,2024-11-07,CUST1962,Regular,East,Sports,Yoga Mat,1,4235,4235,5.0,211.75,4023.25,Debit Card,1
103303,2023-12-25,CUST1812,Regular,Central,Home & Kitchen,Mixer Grinder,1,5814,5814,20.0,1162.8,4651.2,Credit Card,0
103304,2024-09-02,CUST2329,New,South,Home & Kitchen,Mixer Grinder,1,2224,2224,20.0,444.8,1779.2,Credit Card,0
103305,2023-11-24,CUST2646,Premium,East,Sports,Running Shoes,1,6268,6268,30.0,1880.4,4387.6,UPI,0
103306,2023-02-11,CUST2469,Regular,West,Apparel,T-Shirt,5,1531,7655,,,,Credit Card,0
103307,2024-06-30,CUST2267,Regular,East,Sports,Yoga Mat,3,1464,4392,30.0,1317.6,3074.4,UPI,0
103308,2023-05-15,CUST1741,New,West,Apparel,Dress,1,1907,1907,0.0,0.0,1907.0,Net Banking,0
103309,2023-02-16,CUST1361,Regular,North,Home & Kitchen,Vacuum Cleaner,1,8057,8057,0.0,0.0,8057.0,Credit Card,0
103310,2023-04-20,CUST2915,New,South,Apparel,Sneakers,3,3666,10998,30.0,3299.4,7698.6,UPI,0
103311,2024-02-26,CUST3334,Wholesale,West,Apparel,Sneakers,5,1424,7120,15.0,1068.0,6052.0,,0
103312,2024-01-01,CUST1476,Premium,South,Sports,Cycling Helmet,2,5900,11800,15.0,1770.0,10030.0,Debit Card,0
103313,2023-07-30,CUST2115,Regular,South,Apparel,Sneakers,1,2536,2536,,,,UPI,0
103314,2024-04-14,CUST3030,Regular,East,Beauty,Face Cream,2,2264,4528,15.0,679.2,3848.8,Cash on Delivery,0
103315,2023-10-15,CUST3434,Premium,East,Beauty,Face Cream,2,2493,4986,15.0,747.9,4238.1,Cash on Delivery,0
103316,2023-05-10,CUST1865,Regular,North,Beauty,Face Cream,1,349,349,0.0,0.0,349.0,Debit Card,0
103317,2024-06-17,CUST3297,Premium,South,Beauty,Sunscreen,1,1594,1594,0.0,0.0,1594.0,Cash on Delivery,0
103318,2024-09-21,CUST3356,Regular,North,Sports,Running Shoes,1,6832,6832,5.0,341.6,6490.4,UPI,0
103319,2024-04-23,CUST3405,New,Central,Beauty,Shampoo,1,185,185,,,,Credit Card,0
103320,2023-10-19,CUST2034,New,North,Sports,Cycling Helmet,1,6904,6904,20.0,1380.8,5523.2,UPI,0
103321,2023-11-14,CUST2745,Regular,South,Home & Kitchen,Mixer Grinder,2,8203,16406,0.0,0.0,16406.0,Debit Card,0
103322,2023-05-19,CUST3326,Regular,Central,Beauty,Perfume,4,1369,5476,0.0,0.0,5476.0,Cash on Delivery,0
103323,2023-04-22,CUST1857,New,South,Beauty,Face Cream,1,1171,1171,15.0,175.65,995.35,Net Banking,0
103324,2024-09-17,CUST3344,Regular,South,Sports,Cricket Bat,2,4285,8570,30.0,2571.0,5999.0,UPI,0
103325,2024-03-15,CUST2351,Premium,South,Home & Kitchen,Bedsheet Set,1,8180,8180,5.0,409.0,7771.0,UPI,0
103326,2024-03-02,CUST1159,Wholesale,East,Sports,Yoga Mat,2,7248,14496,0.0,0.0,14496.0,Debit Card,1
103327,2024-05-15,CUST2588,New,West,Apparel,T-Shirt,1,3071,3071,10.0,307.1,2763.9,Credit Card,0
103328,2023-04-07,CUST3391,Wholesale,West,Apparel,Jacket,1,504,504,15.0,75.6,428.4,UPI,0
103329,2023-06-10,CUST2674,Premium,East,Apparel,Jeans,3,3330,9990,,,,UPI,0
103330,2024-08-18,CUST1918,New,West,Sports,Cycling Helmet,1,6087,6087,0.0,0.0,6087.0,UPI,0
103331,2023-03-31,CUST2355,Premium,Central,Apparel,Sneakers,1,1201,1201,5.0,60.05,1140.95,Cash on Delivery,0
103332,2023-05-02,CUST2097,New,South,Home & Kitchen,Bedsheet Set,4,5100,20400,10.0,2040.0,18360.0,UPI,0
103333,2024-05-08,CUST2462,Premium,North,Beauty,Face Cream,3,1500,4500,0.0,0.0,4500.0,Cash on Delivery,0
103334,2023-11-18,CUST2030,Regular,South,Home & Kitchen,Vacuum Cleaner,1,1486,1486,10.0,148.6,1337.4,Net Banking,0
103335,2023-03-17,CUST1455,New,East,Apparel,Sneakers,1,1487,1487,15.0,223.05,1263.95,Cash on Delivery,0
103336,2023-06-13,CUST1058,Regular,South,Electronics,Tablet,1,38443,38443,5.0,1922.15,36520.85,UPI,0
103337,2024-03-04,CUST3216,Wholesale,West,Home & Kitchen,Mixer Grinder,1,7439,7439,5.0,371.95,7067.05,Debit Card,0
103338,2024-10-26,CUST1017,Premium,South,Apparel,T-Shirt,1,1981,1981,5.0,99.05,1881.95,Credit Card,0
103339,2023-09-20,CUST2363,Regular,North,Home & Kitchen,Vacuum Cleaner,1,6372,6372,15.0,955.8,5416.2,Net Banking,0
103340,2024-03-14,CUST2999,New,North,Electronics,Smartwatch,1,34164,34164,20.0,6832.8,27331.2,Debit Card,0
103341,2024-02-24,CUST3128,New,North,Apparel,Dress,1,2860,2860,0.0,0.0,2860.0,Net Banking,0
103342,2023-07-02,CUST1752,Regular,South,Apparel,Sneakers,4,1944,7776,0.0,0.0,7776.0,Credit Card,0
103343,2024-12-03,CUST2875,Regular,East,Apparel,Jeans,5,2711,13555,5.0,677.75,12877.25,Net Banking,0
103344,2024-09-12,CUST1228,Premium,Central,Electronics,Smartwatch,2,43660,87320,15.0,13098.0,74222.0,Credit Card,0
103345,2023-08-01,CUST1670,Regular,Central,Sports,Dumbbell Set,2,4244,8488,5.0,424.4,8063.6,UPI,0
103346,2023-04-28,CUST1947,Regular,South,Beauty,Shampoo,2,943,1886,15.0,282.9,1603.1,Credit Card,0
103347,2024-08-25,CUST1101,Regular,North,Electronics,Tablet,1,11825,11825,,,,Net Banking,0
103348,2024-05-06,CUST3092,New,South,Electronics,Laptop,1,12859,12859,0.0,0.0,12859.0,UPI,0
103349,2023-08-27,CUST3292,Premium,East,Beauty,Lipstick,2,2009,4018,15.0,602.7,3415.3,Net Banking,0
103350,2023-11-28,CUST1650,Premium,East,Beauty,Sunscreen,2,2392,4784,30.0,1435.2,3348.8,Credit Card,0
103351,2024-12-10,CUST2716,Regular,Central,Sports,Yoga Mat,1,934,934,15.0,140.1,793.9,UPI,0
103352,2024-01-10,CUST1079,New,Central,Sports,Cycling Helmet,1,3845,3845,,,,Debit Card,0
103353,2024-10-24,CUST2888,New,East,Beauty,Perfume,2,1202,2404,10.0,240.4,2163.6,Debit Card,0
103354,2023-08-11,CUST1057,Regular,North,Beauty,Sunscreen,4,2072,8288,30.0,2486.4,5801.6,Debit Card,0
103355,2024-03-28,CUST2777,Regular,East,Electronics,Tablet,1,19364,19364,0.0,0.0,19364.0,Debit Card,0
103356,2023-03-30,CUST3139,Regular,South,Apparel,Dress,1,2448,2448,0.0,0.0,2448.0,Cash on Delivery,0
103357,2023-03-04,CUST2546,Regular,South,Sports,Dumbbell Set,1,6128,6128,15.0,919.2,5208.8,Net Banking,0
103358,2023-09-21,CUST2737,Premium,East,Electronics,Smartwatch,2,3259,6518,20.0,1303.6,5214.4,Debit Card,0
103359,2023-02-04,CUST2644,New,East,Home & Kitchen,Air Fryer,1,7317,7317,,,,UPI,0
103360,2024-01-23,CUST1504,Regular,South,Home & Kitchen,Air Fryer,2,6824,13648,0.0,0.0,13648.0,Credit Card,0
103361,2023-06-28,CUST2633,Wholesale,East,Home & Kitchen,Cookware Set,2,6714,13428,5.0,671.4,12756.6,Debit Card,0
103362,2023-01-19,CUST2802,New,South,Electronics,Tablet,3,41079,123237,30.0,36971.1,86265.9,,0
103363,2023-01-03,CUST1698,Regular,North,Electronics,Smartwatch,1,1576,1576,20.0,315.2,1260.8,Credit Card,0
103364,2023-02-10,CUST1921,Regular,South,Beauty,Lipstick,2,2080,4160,20.0,832.0,3328.0,Cash on Delivery,1
103365,2024-03-10,CUST2202,Regular,East,Sports,Cycling Helmet,1,4211,4211,15.0,631.65,3579.35,UPI,0
103366,2024-02-27,CUST2920,Premium,North,Electronics,Smartphone,2,22964,45928,5.0,2296.4,43631.6,,0
103367,2023-02-22,CUST1608,Regular,East,Electronics,Smartwatch,4,37890,151560,0.0,0.0,151560.0,Net Banking,0
103368,2023-12-23,CUST1335,Regular,East,Home & Kitchen,Bedsheet Set,1,11068,11068,20.0,2213.6,8854.4,Cash on Delivery,0
103369,2023-01-13,CUST2367,Regular,East,Apparel,Dress,1,2327,2327,0.0,0.0,2327.0,UPI,0
103370,2024-10-17,CUST1684,Regular,West,Apparel,Dress,1,1716,1716,20.0,343.2,1372.8,Net Banking,1
103371,2023-12-21,CUST1341,New,South,Apparel,Sneakers,3,3177,9531,15.0,1429.65,8101.35,Debit Card,0
103372,2024-02-19,CUST2500,Regular,South,Home & Kitchen,Mixer Grinder,5,4260,21300,15.0,3195.0,18105.0,Credit Card,0
103373,2023-04-06,CUST2619,New,West,Apparel,Jeans,1,3598,3598,0.0,0.0,3598.0,UPI,0
103374,2024-08-10,CUST2311,Regular,West,Sports,Running Shoes,2,6784,13568,20.0,2713.6,10854.4,UPI,0
103375,2023-12-18,CUST3133,Regular,East,Beauty,Face Cream,1,1383,1383,20.0,276.6,1106.4,Credit Card,0
103376,2023-11-02,CUST1238,Regular,West,Sports,Running Shoes,1,2735,2735,10.0,273.5,2461.5,Cash on Delivery,0
103377,2023-08-05,CUST2354,Wholesale,North,Home & Kitchen,Bedsheet Set,1,5440,5440,15.0,816.0,4624.0,Debit Card,0
103378,2023-01-28,CUST2299,Wholesale,East,Sports,Cycling Helmet,1,1996,1996,10.0,199.6,1796.4,UPI,0
103379,2023-05-29,CUST3122,Regular,East,Beauty,Sunscreen,3,520,1560,10.0,156.0,1404.0,Credit Card,1
103380,2024-01-16,CUST2316,Regular,West,Electronics,Tablet,1,17902,17902,15.0,2685.3,15216.7,UPI,0
103381,2024-09-02,CUST2859,Wholesale,South,Apparel,Jeans,1,1394,1394,0.0,0.0,1394.0,Debit Card,0
103382,2024-12-12,CUST1605,Regular,Central,Apparel,Jacket,3,3887,11661,20.0,2332.2,9328.8,Credit Card,0
103383,2024-11-03,CUST2359,Wholesale,East,Beauty,Perfume,1,2178,2178,20.0,435.6,1742.4,,0
103384,2023-10-31,CUST3497,Regular,Central,Sports,Dumbbell Set,1,6985,6985,15.0,1047.75,5937.25,Cash on Delivery,0
103385,2023-05-25,CUST2207,New,East,Electronics,Headphones,1,32333,32333,10.0,3233.3,29099.7,Credit Card,0
103386,2023-06-28,CUST1738,Regular,South,Sports,Dumbbell Set,4,2564,10256,5.0,512.8,9743.2,UPI,0
103387,2023-03-24,CUST2409,Premium,West,Home & Kitchen,Air Fryer,5,3800,19000,10.0,1900.0,17100.0,UPI,0
103388,2023-05-28,CUST3219,New,South,Sports,Dumbbell Set,1,4747,4747,0.0,0.0,4747.0,UPI,0
103389,2024-06-21,CUST2207,Premium,East,Beauty,Lipstick,2,1499,2998,15.0,449.7,2548.3,UPI,0
103390,2023-03-12,CUST1872,Regular,West,Apparel,Jacket,1,873,873,10.0,87.3,785.7,Net Banking,1
103391,2024-03-01,CUST3381,Regular,Central,Electronics,Headphones,1,40957,40957,20.0,8191.4,32765.6,Credit Card,0
103392,2023-08-02,CUST3162,Regular,South,Home & Kitchen,Air Fryer,1,10676,10676,0.0,0.0,10676.0,Cash on Delivery,0
103393,2023-10-21,CUST2475,Premium,South,Home & Kitchen,Air Fryer,3,7712,23136,15.0,3470.4,19665.6,Cash on Delivery,0
103394,2024-02-24,CUST2906,Regular,South,Sports,Running Shoes,1,7609,7609,5.0,380.45,7228.55,Cash on Delivery,1
103395,2023-01-29,CUST2551,New,North,Beauty,Perfume,1,273,273,0.0,0.0,273.0,Cash on Delivery,0
103396,2023-02-05,CUST1721,Regular,North,Apparel,Jeans,1,3003,3003,5.0,150.15,2852.85,Net Banking,0
103397,2024-10-28,CUST2442,New,East,Beauty,Face Cream,3,813,2439,15.0,365.85,2073.15,UPI,0
103398,2024-03-04,CUST1058,Regular,South,Apparel,T-Shirt,1,3703,3703,20.0,740.6,2962.4,Debit Card,0
103399,2024-05-18,CUST2223,Regular,Central,Sports,Dumbbell Set,1,7923,7923,0.0,0.0,7923.0,UPI,0
103400,2023-12-22,CUST2214,Regular,North,Sports,Cycling Helmet,1,2397,2397,20.0,479.4,1917.6,UPI,0
103401,2023-03-23,CUST1701,Regular,West,Sports,Yoga Mat,2,1941,3882,5.0,194.1,3687.9,Cash on Delivery,0
103402,2024-11-09,CUST2116,Premium,Central,Sports,Cycling Helmet,1,7965,7965,5.0,398.25,7566.75,Net Banking,0
103403,2024-02-04,CUST3181,Premium,East,Sports,Cycling Helmet,1,4897,4897,15.0,734.55,4162.45,Debit Card,1
103404,2023-10-21,CUST1686,Regular,Central,Beauty,Face Cream,3,1143,3429,15.0,514.35,2914.65,Credit Card,0
103405,2024-09-23,CUST1851,Premium,Central,Sports,Cycling Helmet,1,2217,2217,0.0,0.0,2217.0,Credit Card,0
103406,2024-03-18,CUST1557,Regular,Central,Beauty,Sunscreen,3,1962,5886,10.0,588.6,5297.4,Credit Card,0
103407,2024-03-13,CUST1996,New,South,Sports,Cricket Bat,1,4290,4290,0.0,0.0,4290.0,UPI,0
103408,2023-06-03,CUST1029,Premium,South,Electronics,Tablet,2,33161,66322,0.0,0.0,66322.0,UPI,0
103409,2024-02-21,CUST2508,Wholesale,East,Apparel,Dress,5,3774,18870,10.0,1887.0,16983.0,Cash on Delivery,0
103410,2024-05-06,CUST2855,Premium,East,Apparel,Jacket,1,2141,2141,5.0,107.05,2033.95,UPI,0
103411,2024-05-26,CUST1894,Regular,East,Electronics,Smartphone,1,18191,18191,30.0,5457.3,12733.7,Credit Card,0
103412,2023-03-04,CUST2835,New,South,Apparel,Sneakers,1,3453,3453,5.0,172.65,3280.35,Credit Card,0
103413,2023-01-24,CUST2681,Regular,North,Home & Kitchen,Cookware Set,3,1484,4452,10.0,445.2,4006.8,Credit Card,0
103414,2024-06-17,CUST2702,Regular,North,Sports,Dumbbell Set,1,5818,5818,20.0,1163.6,4654.4,Cash on Delivery,0
103415,2024-05-03,CUST2885,Regular,West,Sports,Cycling Helmet,2,5723,11446,15.0,1716.9,9729.1,UPI,0
103416,2023-08-27,CUST2140,Regular,Central,Sports,Running Shoes,2,5486,10972,,,,UPI,1
103417,2024-06-11,CUST1288,Regular,South,Home & Kitchen,Air Fryer,1,4539,4539,5.0,226.95,4312.05,Debit Card,0
103418,2024-12-07,CUST1118,Premium,North,Apparel,Jacket,2,2866,5732,15.0,859.8,4872.2,Credit Card,0
103419,2023-01-11,CUST2142,Regular,North,Beauty,Shampoo,2,1222,2444,30.0,733.2,1710.8,UPI,0
103420,2023-06-13,CUST1242,Regular,East,Beauty,Perfume,4,248,992,30.0,297.6,694.4,UPI,0
103421,2023-03-29,CUST3066,New,South,Apparel,T-Shirt,2,3920,7840,15.0,1176.0,6664.0,UPI,0
103422,2024-05-25,CUST2312,Wholesale,Central,Electronics,Smartwatch,1,10922,10922,0.0,0.0,10922.0,Cash on Delivery,0
103423,2024-07-15,CUST2147,Regular,South,Electronics,Smartphone,2,36944,73888,0.0,0.0,73888.0,Credit Card,0
103424,2023-07-22,CUST1290,New,North,Home & Kitchen,Air Fryer,1,2918,2918,30.0,875.4,2042.6,Debit Card,0
103425,2023-11-23,CUST2211,New,East,Beauty,Perfume,1,1657,1657,30.0,497.1,1159.9,Net Banking,0
103426,2023-12-28,CUST2403,Premium,East,Beauty,Perfume,2,2484,4968,10.0,496.8,4471.2,UPI,0
103427,2023-11-28,CUST2172,Premium,South,Apparel,Sneakers,1,2706,2706,5.0,135.3,2570.7,UPI,0
103428,2023-03-18,CUST2503,New,East,Sports,Dumbbell Set,2,1573,3146,10.0,314.6,2831.4,Debit Card,0
103429,2023-05-27,CUST2283,Regular,South,Electronics,Smartwatch,1,45326,45326,0.0,0.0,45326.0,Net Banking,0
103430,2023-04-09,CUST2209,Premium,Central,Electronics,Tablet,2,42732,85464,5.0,4273.2,81190.8,Net Banking,0
103431,2024-12-28,CUST2579,Regular,West,Home & Kitchen,Vacuum Cleaner,1,4150,4150,15.0,622.5,3527.5,UPI,0
103432,2024-09-29,CUST2484,Regular,South,Home & Kitchen,Air Fryer,1,9203,9203,10.0,920.3,8282.7,Cash on Delivery,0
103433,2024-11-30,CUST1708,Premium,East,Apparel,Jeans,1,775,775,10.0,77.5,697.5,,0
103434,2024-08-19,CUST1362,Wholesale,Central,Apparel,Sneakers,1,1586,1586,30.0,475.8,1110.2,Cash on Delivery,0
103435,2024-07-18,CUST3327,New,South,Electronics,Headphones,1,48583,48583,15.0,7287.45,41295.55,UPI,0
103436,2023-03-04,CUST1969,Premium,South,Electronics,Headphones,2,55062,110124,5.0,5506.2,104617.8,Cash on Delivery,0
103437,2023-06-07,CUST1466,Wholesale,South,Home & Kitchen,Vacuum Cleaner,1,2214,2214,5.0,110.7,2103.3,Credit Card,0
103438,2023-07-28,CUST2771,Premium,East,Home & Kitchen,Cookware Set,1,9030,9030,20.0,1806.0,7224.0,Credit Card,1
103439,2024-12-09,CUST1526,Wholesale,Central,Apparel,Sneakers,2,2639,5278,20.0,1055.6,4222.4,Cash on Delivery,0
103440,2023-04-29,CUST1342,Regular,North,Electronics,Laptop,1,3198,3198,20.0,639.6,2558.4,Cash on Delivery,0
103441,2023-08-18,CUST3467,Regular,South,Electronics,Smartphone,1,20505,20505,0.0,0.0,20505.0,UPI,0
103442,2023-02-21,CUST1646,Regular,North,Sports,Cycling Helmet,2,6049,12098,10.0,1209.8,10888.2,UPI,0
103443,2023-07-12,CUST1787,Regular,South,Electronics,Tablet,3,8557,25671,0.0,0.0,25671.0,Net Banking,0
103444,2023-11-25,CUST2765,Regular,South,Beauty,Sunscreen,1,535,535,5.0,26.75,508.25,Net Banking,0
103445,2024-10-03,CUST3244,New,Central,Beauty,Lipstick,1,2133,2133,,,,Cash on Delivery,0
103446,2024-07-30,CUST1458,Regular,North,Electronics,Tablet,1,9046,9046,15.0,1356.9,7689.1,Debit Card,0
103447,2023-09-02,CUST1113,Regular,South,Apparel,Jeans,1,3527,3527,0.0,0.0,3527.0,Credit Card,0
103448,2024-05-19,CUST2420,Premium,East,Electronics,Headphones,1,35528,35528,10.0,3552.8,31975.2,UPI,0
103449,2024-12-21,CUST1855,Premium,West,Apparel,Jacket,4,3921,15684,20.0,3136.8,12547.2,UPI,1
103450,2023-05-01,CUST1224,Regular,West,Beauty,Face Cream,2,2187,4374,30.0,1312.2,3061.8,UPI,0
103451,2023-11-20,CUST2634,Regular,Central,Beauty,Face Cream,4,1702,6808,20.0,1361.6,5446.4,Credit Card,1
103452,2024-04-17,CUST2625,Regular,West,Electronics,Smartphone,4,24134,96536,10.0,9653.6,86882.4,Credit Card,0
103453,2024-02-11,CUST3019,Premium,South,Sports,Dumbbell Set,2,2287,4574,0.0,0.0,4574.0,UPI,0
103454,2023-04-21,CUST1198,Premium,West,Home & Kitchen,Bedsheet Set,1,1232,1232,30.0,369.6,862.4,Cash on Delivery,0
103455,2024-07-26,CUST2663,New,North,Beauty,Shampoo,1,1371,1371,30.0,411.3,959.7,Net Banking,0
103456,2023-12-12,CUST1700,Premium,Central,Sports,Running Shoes,1,5022,5022,10.0,502.2,4519.8,Credit Card,0
103457,2023-09-07,CUST2331,Regular,South,Beauty,Perfume,1,2168,2168,20.0,433.6,1734.4,UPI,0
103458,2024-07-08,CUST1468,Wholesale,West,Apparel,Jacket,5,1783,8915,5.0,445.75,8469.25,Debit Card,0
103459,2024-08-12,CUST3222,Premium,South,Beauty,Face Cream,2,826,1652,0.0,0.0,1652.0,Cash on Delivery,0
103460,2024-07-28,CUST1595,Regular,East,Apparel,Dress,4,2403,9612,15.0,1441.8,8170.2,Debit Card,0
103461,2023-09-04,CUST2692,Regular,South,Sports,Yoga Mat,2,2591,5182,5.0,259.1,4922.9,Credit Card,0
103462,2024-03-07,CUST1361,New,Central,Home & Kitchen,Bedsheet Set,1,8657,8657,0.0,0.0,8657.0,Debit Card,0
103463,2023-05-14,CUST2969,Regular,East,Electronics,Smartwatch,5,16441,82205,5.0,4110.25,78094.75,Cash on Delivery,0
103464,2024-02-14,CUST2103,Wholesale,West,Electronics,Smartphone,1,18549,18549,0.0,0.0,18549.0,Cash on Delivery,0
103465,2023-09-17,CUST2553,Regular,West,Electronics,Headphones,2,30297,60594,0.0,0.0,60594.0,Credit Card,0
103466,2023-03-12,CUST1812,New,North,Electronics,Smartwatch,1,36824,36824,15.0,5523.6,31300.4,Debit Card,0
103467,2024-01-20,CUST2399,Regular,Central,Electronics,Smartphone,2,35342,70684,10.0,7068.4,63615.6,Debit Card,0
103468,2023-12-14,CUST2046,Regular,North,Home & Kitchen,Air Fryer,1,3674,3674,30.0,1102.2,2571.8,Credit Card,0
103469,2023-08-26,CUST2289,New,East,Beauty,Lipstick,2,962,1924,0.0,0.0,1924.0,Credit Card,0
103470,2023-10-15,CUST1353,Premium,North,Home & Kitchen,Bedsheet Set,1,7521,7521,,,,Credit Card,0
103471,2023-04-05,CUST3140,Regular,Central,Sports,Running Shoes,1,6852,6852,10.0,685.2,6166.8,Cash on Delivery,0
103472,2024-01-21,CUST2822,Regular,Central,Sports,Running Shoes,5,5838,29190,20.0,5838.0,23352.0,Debit Card,0
103473,2023-08-01,CUST2847,New,Central,Beauty,Sunscreen,1,376,376,5.0,18.8,357.2,UPI,0
103474,2023-01-22,CUST2477,Premium,West,Sports,Dumbbell Set,3,1196,3588,0.0,0.0,3588.0,UPI,1
103475,2023-02-03,CUST1078,Wholesale,Central,Sports,Yoga Mat,1,7513,7513,10.0,751.3,6761.7,Cash on Delivery,0
103476,2023-09-04,CUST2898,Premium,South,Home & Kitchen,Bedsheet Set,5,10007,50035,20.0,10007.0,40028.0,UPI,0
103477,2023-02-04,CUST1508,Premium,East,Electronics,Smartwatch,2,12819,25638,0.0,0.0,25638.0,Cash on Delivery,0
103478,2023-11-09,CUST1346,Wholesale,South,Apparel,Dress,1,1444,1444,20.0,288.8,1155.2,UPI,0
103479,2024-12-14,CUST1049,Premium,Central,Beauty,Perfume,2,2094,4188,0.0,0.0,4188.0,,0
103480,2023-04-25,CUST2165,Regular,North,Beauty,Face Cream,1,1259,1259,20.0,251.8,1007.2,Cash on Delivery,0
103481,2024-12-14,CUST1933,Premium,South,Home & Kitchen,Bedsheet Set,1,5928,5928,20.0,1185.6,4742.4,Net Banking,0
103482,2023-06-16,CUST1189,Regular,Central,Beauty,Perfume,1,2142,2142,15.0,321.3,1820.7,Cash on Delivery,0
103483,2023-02-24,CUST2383,Wholesale,North,Electronics,Smartwatch,1,2336,2336,15.0,350.4,1985.6,UPI,0
103484,2024-04-04,CUST3319,Premium,South,Beauty,Face Cream,1,317,317,10.0,31.7,285.3,Cash on Delivery,0
103485,2023-11-05,CUST2004,Wholesale,Central,Sports,Cricket Bat,2,5624,11248,10.0,1124.8,10123.2,Net Banking,0
103486,2023-11-17,CUST3190,Wholesale,West,Home & Kitchen,Cookware Set,1,9677,9677,15.0,1451.55,8225.45,Net Banking,0
103487,2024-04-28,CUST1567,New,West,Home & Kitchen,Air Fryer,1,10200,10200,20.0,2040.0,8160.0,Debit Card,0
103488,2024-02-29,CUST3295,Regular,South,Home & Kitchen,Air Fryer,-3,8276,24828,5.0,1241.4,23586.6,Cash on Delivery,0
103489,2023-05-14,CUST1008,Regular,North,Electronics,Tablet,2,58208,116416,10.0,11641.6,104774.4,Debit Card,0
103490,2024-05-14,CUST2563,Regular,North,Sports,Yoga Mat,1,2963,2963,0.0,0.0,2963.0,Credit Card,0
103491,2024-12-30,CUST2242,New,West,Electronics,Smartphone,2,39676,79352,20.0,15870.4,63481.6,Cash on Delivery,0
103492,2023-06-26,CUST1756,Regular,Central,Home & Kitchen,Air Fryer,1,11785,11785,30.0,3535.5,8249.5,UPI,1
103493,2023-09-04,CUST3295,Premium,West,Beauty,Lipstick,5,2179,10895,,,,Credit Card,1
103494,2023-05-04,CUST3272,Regular,South,Apparel,Jacket,1,1106,1106,20.0,221.2,884.8,Cash on Delivery,0
103495,2023-02-01,CUST2675,Regular,Central,Sports,Dumbbell Set,1,5183,5183,10.0,518.3,4664.7,Net Banking,0
103496,2024-11-12,CUST1832,Premium,Central,Beauty,Lipstick,4,2366,9464,10.0,946.4,8517.6,UPI,0
103497,2024-07-16,CUST3169,New,North,Apparel,Dress,1,1878,1878,20.0,375.6,1502.4,UPI,0
103498,2023-05-17,CUST1086,New,North,Electronics,Smartphone,1,55836,55836,15.0,8375.4,47460.6,Cash on Delivery,0
103499,2024-04-02,CUST2780,Premium,West,Electronics,Laptop,1,33443,33443,15.0,5016.45,28426.55,Debit Card,0
103500,2024-08-16,CUST3066,Regular,South,Apparel,Jeans,1,2442,2442,5.0,122.1,2319.9,Cash on Delivery,0
103501,2023-10-05,CUST2676,Premium,West,Sports,Dumbbell Set,1,6419,6419,5.0,320.95,6098.05,Net Banking,0
103502,2024-12-01,CUST2393,Regular,Central,Apparel,Dress,1,1823,1823,15.0,273.45,1549.55,UPI,0
103503,2024-02-09,CUST3449,Regular,West,Home & Kitchen,Air Fryer,1,8515,8515,10.0,851.5,7663.5,UPI,0
103504,2024-06-06,CUST1165,Wholesale,North,Apparel,Dress,2,2229,4458,10.0,445.8,4012.2,UPI,0
103505,2023-07-18,CUST1924,New,Central,Home & Kitchen,Vacuum Cleaner,2,3243,6486,0.0,0.0,6486.0,Credit Card,0
103506,2023-03-01,CUST2815,New,South,Apparel,Jeans,1,3444,3444,0.0,0.0,3444.0,UPI,0
103507,2023-08-17,CUST1160,Regular,East,Apparel,T-Shirt,1,3331,3331,15.0,499.65,2831.35,Net Banking,0
103508,2024-01-26,CUST2637,Wholesale,Central,Apparel,Jacket,2,2172,4344,5.0,217.2,4126.8,Cash on Delivery,0
103509,2024-05-05,CUST1101,Regular,Central,Home & Kitchen,Mixer Grinder,1,9941,9941,10.0,994.1,8946.9,Credit Card,0
103510,2023-03-05,CUST1889,Premium,East,Home & Kitchen,Cookware Set,2,7487,14974,15.0,2246.1,12727.9,Cash on Delivery,0
103511,2023-09-22,CUST2906,Premium,South,Apparel,Jeans,1,1853,1853,10.0,185.3,1667.7,UPI,0
103512,2023-05-24,CUST1954,Regular,East,Apparel,Sneakers,2,1123,2246,0.0,0.0,2246.0,UPI,0
103513,2023-08-23,CUST1139,Regular,North,Beauty,Face Cream,1,1428,1428,0.0,0.0,1428.0,UPI,0
103514,2023-07-29,CUST3201,Regular,North,Beauty,Face Cream,2,1105,2210,5.0,110.5,2099.5,Cash on Delivery,0
103515,2024-06-10,CUST3242,Regular,South,Apparel,Dress,3,1903,5709,5.0,285.45,5423.55,Cash on Delivery,0
103516,2024-10-02,CUST2522,Regular,West,Electronics,Headphones,1,31957,31957,30.0,9587.1,22369.9,UPI,0
103517,2024-12-04,CUST2581,Regular,West,Electronics,Smartwatch,2,29088,58176,,,,Credit Card,0
103518,2023-10-30,CUST1911,Premium,South,Home & Kitchen,Vacuum Cleaner,1,3160,3160,15.0,474.0,2686.0,UPI,0
103519,2024-04-19,CUST2844,Premium,North,Sports,Dumbbell Set,1,2189,2189,10.0,218.9,1970.1,Cash on Delivery,0
103520,2023-07-22,CUST3277,Regular,North,Sports,Running Shoes,3,2655,7965,0.0,0.0,7965.0,Credit Card,0
103521,2023-08-07,CUST1891,Regular,South,Sports,Yoga Mat,2,7985,15970,15.0,2395.5,13574.5,Credit Card,0
103522,2024-11-24,CUST3382,New,South,Apparel,T-Shirt,2,1924,3848,30.0,1154.4,2693.6,UPI,0
103523,2024-11-21,CUST2779,Premium,South,Beauty,Perfume,1,272,272,30.0,81.6,190.4,Net Banking,0
103524,2024-10-26,CUST3024,Regular,North,Sports,Running Shoes,1,5793,5793,5.0,289.65,5503.35,Net Banking,0
103525,2024-03-03,CUST2467,Premium,East,Beauty,Face Cream,2,2328,4656,30.0,1396.8,3259.2,Credit Card,0
103526,2024-09-22,CUST1691,Wholesale,West,Electronics,Smartphone,2,16646,33292,0.0,0.0,33292.0,Debit Card,0
103527,2023-06-06,CUST3346,New,East,Electronics,Headphones,1,24599,24599,0.0,0.0,24599.0,Cash on Delivery,0
103528,2024-11-23,CUST3305,Regular,West,Beauty,Shampoo,1,1529,1529,15.0,229.35,1299.65,Debit Card,0
103529,2023-12-23,CUST3009,Premium,Central,Home & Kitchen,Vacuum Cleaner,2,7934,15868,5.0,793.4,15074.6,Cash on Delivery,0
103530,2023-08-11,CUST2915,New,Central,Electronics,Smartphone,2,11305,22610,5.0,1130.5,21479.5,UPI,0
103531,2023-07-28,CUST1839,New,North,Beauty,Lipstick,1,1587,1587,5.0,79.35,1507.65,UPI,0
103532,2024-12-22,CUST1267,Regular,East,Apparel,Jeans,4,1237,4948,10.0,494.8,4453.2,UPI,0
103533,2024-03-12,CUST3127,Premium,East,Beauty,Face Cream,1,657,657,20.0,131.4,525.6,Cash on Delivery,0
103534,2024-03-17,CUST2832,Regular,West,Beauty,Face Cream,2,781,1562,20.0,312.4,1249.6,UPI,0
103535,2024-07-25,CUST1374,Regular,North,Sports,Dumbbell Set,2,5530,11060,0.0,0.0,11060.0,Debit Card,0
103536,2024-05-10,CUST2699,Premium,South,Beauty,Face Cream,3,245,735,10.0,73.5,661.5,Net Banking,0
103537,2023-10-27,CUST2113,Wholesale,West,Home & Kitchen,Bedsheet Set,3,5478,16434,10.0,1643.4,14790.6,Cash on Delivery,0
103538,2024-03-04,CUST1957,Premium,Central,Beauty,Sunscreen,4,2172,8688,5.0,434.4,8253.6,UPI,0
103539,2024-07-06,CUST2358,Premium,North,Beauty,Sunscreen,1,685,685,15.0,102.75,582.25,Credit Card,0
103540,2024-02-03,CUST2840,Regular,West,Beauty,Perfume,1,1962,1962,5.0,98.1,1863.9,Debit Card,0
103541,2024-03-29,CUST2081,Regular,West,Electronics,Tablet,1,36146,36146,5.0,1807.3,34338.7,UPI,1
103542,2023-12-30,CUST1646,Regular,Central,Electronics,Tablet,1,55200,55200,20.0,11040.0,44160.0,UPI,0
103543,2023-11-28,CUST2148,Premium,North,Electronics,Laptop,1,17211,17211,10.0,1721.1,15489.9,UPI,0
103544,2024-02-07,CUST2351,Wholesale,East,Sports,Dumbbell Set,1,3435,3435,20.0,687.0,2748.0,UPI,0
103545,2023-07-01,CUST1260,Premium,South,Electronics,Laptop,2,55255,110510,30.0,33153.0,77357.0,UPI,0
103546,2023-01-06,CUST1002,Regular,East,Sports,Cycling Helmet,2,3937,7874,10.0,787.4,7086.6,Debit Card,0
103547,2023-11-03,CUST3387,Premium,East,Sports,Yoga Mat,1,4115,4115,10.0,411.5,3703.5,UPI,0
103548,2023-05-06,CUST1973,New,East,Electronics,Smartwatch,4,6812,27248,15.0,4087.2,23160.8,UPI,0
103549,2024-08-11,CUST3306,Regular,North,Beauty,Perfume,1,2209,2209,5.0,110.45,2098.55,Cash on Delivery,0
103550,2024-10-16,CUST1887,Regular,West,Electronics,Smartphone,1,53131,53131,10.0,5313.1,47817.9,UPI,0
103551,2024-01-17,CUST2285,New,East,Apparel,Dress,2,3327,6654,0.0,0.0,6654.0,Cash on Delivery,0
103552,2023-11-20,CUST1127,Regular,North,Electronics,Smartphone,3,12467,37401,15.0,5610.15,31790.85,,0
103553,2023-03-12,CUST1224,Premium,Central,Apparel,Jacket,2,1849,3698,0.0,0.0,3698.0,Debit Card,0
103554,2024-01-30,CUST2530,Regular,West,Electronics,Tablet,1,20846,20846,5.0,1042.3,19803.7,UPI,1
103555,2023-02-07,CUST2794,Premium,West,Home & Kitchen,Vacuum Cleaner,4,2354,9416,10.0,941.6,8474.4,Cash on Delivery,0
103556,2023-03-25,CUST2274,Regular,South,Sports,Running Shoes,2,4456,8912,,,,,0
103557,2024-09-16,CUST2497,Regular,West,Apparel,Dress,1,1235,1235,0.0,0.0,1235.0,UPI,0
103558,2023-01-18,CUST1304,Premium,East,Beauty,Face Cream,2,779,1558,15.0,233.7,1324.3,UPI,1
103559,2023-07-19,CUST2086,Premium,West,Home & Kitchen,Bedsheet Set,2,3008,6016,20.0,1203.2,4812.8,UPI,0
103560,2023-02-12,CUST2428,Regular,South,Electronics,Laptop,1,32826,32826,0.0,0.0,32826.0,Net Banking,0
103561,2024-01-30,CUST1742,Regular,East,Apparel,Sneakers,1,2615,2615,5.0,130.75,2484.25,UPI,0
103562,2024-02-29,CUST1300,New,East,Apparel,T-Shirt,1,1340,1340,10.0,134.0,1206.0,Debit Card,0
103563,2024-03-15,CUST1259,Regular,North,Home & Kitchen,Air Fryer,2,3552,7104,0.0,0.0,7104.0,Debit Card,0
103564,2024-07-09,CUST1907,Wholesale,West,Electronics,Smartphone,2,45227,90454,0.0,0.0,90454.0,UPI,0
103565,2023-07-20,CUST1555,Regular,East,Electronics,Laptop,1,22769,22769,10.0,2276.9,20492.1,Cash on Delivery,0
103566,2023-03-02,CUST3068,Regular,West,Beauty,Shampoo,3,1546,4638,15.0,695.7,3942.3,Cash on Delivery,0
103567,2024-12-18,CUST3242,Regular,East,Sports,Yoga Mat,2,5687,11374,15.0,1706.1,9667.9,Cash on Delivery,0
103568,2023-02-19,CUST1889,Premium,North,Home & Kitchen,Vacuum Cleaner,5,3475,17375,20.0,3475.0,13900.0,UPI,0
103569,2024-03-08,CUST2036,Regular,Central,Electronics,Tablet,1,9524,9524,15.0,1428.6,8095.4,Cash on Delivery,0
103570,2023-09-19,CUST3260,Regular,North,Beauty,Face Cream,5,2196,10980,0.0,0.0,10980.0,UPI,0
103571,2023-08-30,CUST2654,Regular,West,Home & Kitchen,Air Fryer,2,5119,10238,0.0,0.0,10238.0,Credit Card,0
103572,2023-01-12,CUST2074,Regular,South,Sports,Cricket Bat,1,7280,7280,20.0,1456.0,5824.0,Debit Card,0
103573,2023-12-15,CUST1166,Regular,East,Beauty,Lipstick,1,2387,2387,15.0,358.05,2028.95,UPI,0
103574,2024-05-13,CUST2189,Regular,South,Home & Kitchen,Cookware Set,1,2080,2080,15.0,312.0,1768.0,Credit Card,0
103575,2024-09-27,CUST3185,Regular,East,Home & Kitchen,Air Fryer,1,8059,8059,20.0,1611.8,6447.2,Cash on Delivery,0
103576,2023-10-22,CUST1183,New,Central,Beauty,Lipstick,3,500,1500,15.0,225.0,1275.0,UPI,0
103577,2023-04-09,CUST2537,Premium,North,Beauty,Perfume,2,1791,3582,15.0,537.3,3044.7,Debit Card,0
103578,2024-06-15,CUST1347,Premium,West,Home & Kitchen,Bedsheet Set,4,7147,28588,0.0,0.0,28588.0,UPI,0
103579,2023-05-04,CUST3444,Regular,West,Beauty,Lipstick,1,1784,1784,,,,UPI,1
103580,2024-06-18,CUST2513,Premium,East,Apparel,Jacket,1,2038,2038,0.0,0.0,2038.0,UPI,0
103581,2024-01-23,CUST3036,Regular,South,Apparel,Sneakers,2,2411,4822,20.0,964.4,3857.6,UPI,0
103582,2023-05-16,CUST1620,Regular,East,Apparel,T-Shirt,1,1004,1004,10.0,100.4,903.6,Net Banking,0
103583,2023-12-16,CUST1256,Wholesale,West,Beauty,Face Cream,2,2290,4580,10.0,458.0,4122.0,Net Banking,0
103584,2024-04-08,CUST1932,Wholesale,North,Apparel,T-Shirt,1,3878,3878,15.0,581.7,3296.3,UPI,0
103585,2023-12-05,CUST2349,Regular,West,Apparel,T-Shirt,2,3344,6688,15.0,1003.2,5684.8,Cash on Delivery,0
103586,2024-09-19,CUST1506,New,North,Sports,Dumbbell Set,1,1724,1724,10.0,172.4,1551.6,UPI,0
103587,2023-01-07,CUST1446,Regular,North,Sports,Yoga Mat,3,2614,7842,0.0,0.0,7842.0,UPI,1
103588,2023-10-11,CUST1806,Regular,North,Electronics,Headphones,1,57999,57999,15.0,8699.85,49299.15,Debit Card,0
103589,2024-11-28,CUST1608,New,North,Beauty,Lipstick,1,769,769,5.0,38.45,730.55,Credit Card,0
103590,2023-04-09,CUST3117,New,North,Electronics,Smartwatch,1,36293,36293,5.0,1814.65,34478.35,Credit Card,0
103591,2023-03-24,CUST2672,Premium,West,Sports,Yoga Mat,1,3636,3636,20.0,727.2,2908.8,Cash on Delivery,0
103592,2023-12-19,CUST2849,New,West,Beauty,Sunscreen,2,1039,2078,15.0,311.7,1766.3,Credit Card,0
103593,2023-10-17,CUST3023,Regular,East,Home & Kitchen,Cookware Set,1,5723,5723,5.0,286.15,5436.85,Credit Card,0
103594,2024-10-03,CUST1276,Regular,Central,Apparel,Jacket,1,1610,1610,10.0,161.0,1449.0,Net Banking,0
103595,2024-04-22,CUST2377,Premium,North,Sports,Cycling Helmet,1,3212,3212,5.0,160.6,3051.4,Debit Card,0
103596,2024-01-10,CUST2807,Regular,North,Apparel,Dress,1,2559,2559,30.0,767.7,1791.3,Debit Card,0
103597,2024-02-11,CUST2225,Regular,East,Beauty,Lipstick,1,2330,2330,20.0,466.0,1864.0,Debit Card,0
103598,2023-11-25,CUST1295,Premium,North,Sports,Running Shoes,1,955,955,15.0,143.25,811.75,UPI,0
103599,2024-12-01,CUST1558,Regular,East,Apparel,Sneakers,1,1874,1874,15.0,281.1,1592.9,Debit Card,0
103600,2024-02-10,CUST1336,New,West,Apparel,T-Shirt,5,3082,15410,30.0,4623.0,10787.0,Cash on Delivery,0
103601,2023-09-21,CUST2172,New,Central,Home & Kitchen,Cookware Set,1,2795,2795,0.0,0.0,2795.0,Net Banking,0
103602,2023-12-31,CUST2110,New,East,Apparel,Dress,1,3952,3952,20.0,790.4,3161.6,UPI,0
103603,2023-07-29,CUST2484,New,North,Apparel,T-Shirt,1,3659,3659,5.0,182.95,3476.05,Net Banking,0
103604,2023-08-21,CUST2914,Premium,North,Apparel,Jeans,1,1533,1533,15.0,229.95,1303.05,UPI,0
103605,2023-01-30,CUST3032,Regular,East,Electronics,Smartphone,3,50652,151956,10.0,15195.6,136760.4,Cash on Delivery,0
103606,2024-01-09,CUST2950,New,Central,Sports,Cricket Bat,1,6510,6510,0.0,0.0,6510.0,Net Banking,0
103607,2024-06-08,CUST3486,Regular,North,Beauty,Face Cream,1,623,623,30.0,186.9,436.1,Cash on Delivery,0
103608,2023-09-19,CUST1184,Premium,South,Apparel,Sneakers,5,1299,6495,15.0,974.25,5520.75,UPI,0
103609,2023-08-04,CUST1167,New,Central,Apparel,T-Shirt,2,1085,2170,10.0,217.0,1953.0,UPI,0
103610,2024-03-25,CUST3151,Regular,West,Electronics,Headphones,1,31021,31021,30.0,9306.3,21714.7,Credit Card,0
103611,2023-08-12,CUST2880,Regular,North,Beauty,Sunscreen,2,2081,4162,0.0,0.0,4162.0,UPI,0
103612,2023-01-19,CUST2546,Premium,Central,Apparel,Sneakers,1,2083,2083,,,,UPI,0
103613,2023-05-23,CUST1495,Premium,West,Apparel,Dress,3,1033,3099,0.0,0.0,3099.0,Credit Card,0
103614,2024-08-17,CUST2803,Regular,West,Apparel,Dress,3,3943,11829,10.0,1182.9,10646.1,Net Banking,0
103615,2023-05-17,CUST2475,Regular,North,Beauty,Perfume,5,993,4965,10.0,496.5,4468.5,UPI,0
103616,2024-10-21,CUST2626,New,Central,Sports,Running Shoes,1,7873,7873,5.0,393.65,7479.35,UPI,1
103617,2023-02-03,CUST1842,New,East,Home & Kitchen,Bedsheet Set,3,2348,7044,0.0,0.0,7044.0,UPI,1
103618,2023-12-15,CUST2773,Regular,Central,Sports,Cricket Bat,2,1421,2842,30.0,852.6,1989.4,Net Banking,0
103619,2023-12-26,CUST3282,New,East,Electronics,Laptop,1,18630,18630,20.0,3726.0,14904.0,Net Banking,0
103620,2024-11-29,CUST2541,Regular,West,Electronics,Smartwatch,1,51120,51120,10.0,5112.0,46008.0,UPI,0
103621,2023-09-16,CUST3262,Regular,East,Sports,Yoga Mat,2,5246,10492,5.0,524.6,9967.4,UPI,0
103622,2024-10-02,CUST1427,Wholesale,West,Home & Kitchen,Bedsheet Set,1,2000,2000,20.0,400.0,1600.0,Net Banking,1
103623,2023-08-02,CUST3128,Wholesale,East,Beauty,Shampoo,1,2183,2183,5.0,109.15,2073.85,Credit Card,0
103624,2024-05-19,CUST2264,Regular,South,Beauty,Lipstick,1,1628,1628,5.0,81.4,1546.6,UPI,0
103625,2023-04-02,CUST1096,Wholesale,South,Beauty,Perfume,1,1567,1567,0.0,0.0,1567.0,UPI,0
103626,2024-07-14,CUST3007,Premium,North,Sports,Cricket Bat,1,2072,2072,5.0,103.6,1968.4,Net Banking,0
103627,2024-02-20,CUST2369,New,West,Electronics,Headphones,1,58246,58246,30.0,17473.8,40772.2,UPI,0
103628,2023-11-12,CUST1640,Regular,East,Sports,Yoga Mat,5,3880,19400,30.0,5820.0,13580.0,Debit Card,0
103629,2023-03-18,CUST1398,Premium,South,Home & Kitchen,Bedsheet Set,5,2225,11125,15.0,1668.75,9456.25,Credit Card,0
103630,2024-01-29,CUST3469,Premium,North,Home & Kitchen,Air Fryer,1,1103,1103,0.0,0.0,1103.0,Cash on Delivery,0
103631,2024-08-07,CUST2560,Wholesale,South,Electronics,Headphones,4,33036,132144,15.0,19821.6,112322.4,Cash on Delivery,0
103632,2024-04-17,CUST1793,Premium,East,Apparel,Sneakers,1,1143,1143,10.0,114.3,1028.7,Net Banking,0
103633,2024-04-14,CUST3324,New,South,Apparel,Sneakers,1,1316,1316,0.0,0.0,1316.0,Cash on Delivery,0
103634,2024-08-02,CUST2491,Regular,West,Beauty,Shampoo,1,2070,2070,5.0,103.5,1966.5,Debit Card,0
103635,2024-01-06,CUST2262,Regular,North,Beauty,Sunscreen,1,2062,2062,0.0,0.0,2062.0,UPI,0
103636,2024-11-25,CUST2694,Regular,North,Sports,Yoga Mat,1,2184,2184,15.0,327.6,1856.4,UPI,0
103637,2023-01-05,CUST3254,Premium,North,Sports,Running Shoes,4,5020,20080,0.0,0.0,20080.0,Cash on Delivery,0
103638,2024-03-06,CUST2961,Regular,South,Electronics,Smartphone,1,51057,51057,10.0,5105.7,45951.3,UPI,0
103639,2024-08-28,CUST2567,Regular,West,Home & Kitchen,Cookware Set,1,7529,7529,5.0,376.45,7152.55,UPI,1
103640,2023-07-25,CUST3435,Wholesale,West,Apparel,Sneakers,1,3839,3839,5.0,191.95,3647.05,Debit Card,0
103641,2024-02-08,CUST2085,New,South,Home & Kitchen,Vacuum Cleaner,1,11544,11544,15.0,1731.6,9812.4,Credit Card,0
103642,2024-03-29,CUST2309,Premium,South,Electronics,Headphones,1,24672,24672,0.0,0.0,24672.0,UPI,0
103643,2024-10-25,CUST1022,Regular,East,Electronics,Laptop,3,18092,54276,5.0,2713.8,51562.2,Net Banking,0
103644,2024-07-26,CUST1110,Regular,East,Home & Kitchen,Bedsheet Set,2,5958,11916,10.0,1191.6,10724.4,Debit Card,0
103645,2023-08-31,CUST1884,Wholesale,East,Beauty,Perfume,1,2124,2124,,,,Credit Card,0
103646,2023-07-23,CUST3461,Premium,East,Sports,Cricket Bat,1,6411,6411,5.0,320.55,6090.45,Credit Card,0
103647,2024-01-24,CUST2125,New,West,Home & Kitchen,Bedsheet Set,1,5333,5333,10.0,533.3,4799.7,Cash on Delivery,0
103648,2023-03-31,CUST1120,Premium,Central,Home & Kitchen,Mixer Grinder,1,4378,4378,10.0,437.8,3940.2,UPI,0
103649,2023-11-18,CUST2851,Regular,Central,Electronics,Smartphone,1,54070,54070,30.0,16221.0,37849.0,Cash on Delivery,0
103650,2024-10-08,CUST2614,New,West,Sports,Running Shoes,1,4327,4327,5.0,216.35,4110.65,UPI,0
103651,2024-03-18,CUST2943,Regular,East,Electronics,Laptop,1,15813,15813,10.0,1581.3,14231.7,Cash on Delivery,0
103652,2023-09-28,CUST1363,Regular,South,Electronics,Headphones,2,40470,80940,10.0,8094.0,72846.0,UPI,0
103653,2023-01-22,CUST1470,Regular,West,Apparel,Sneakers,1,583,583,15.0,87.45,495.55,Debit Card,0
103654,2024-02-06,CUST1804,Regular,West,Home & Kitchen,Bedsheet Set,3,8360,25080,5.0,1254.0,23826.0,UPI,0
103655,2023-08-30,CUST2520,Regular,West,Electronics,Smartwatch,4,7214,28856,5.0,1442.8,27413.2,UPI,0
103656,2023-10-04,CUST1751,New,West,Beauty,Sunscreen,2,243,486,20.0,97.2,388.8,UPI,0
103657,2024-02-24,CUST2926,Regular,East,Electronics,Laptop,3,51341,154023,0.0,0.0,154023.0,Net Banking,0
103658,2023-03-03,CUST2634,Regular,West,Beauty,Face Cream,1,640,640,20.0,128.0,512.0,Debit Card,0
103659,2023-04-08,CUST3409,Premium,East,Apparel,Dress,3,921,2763,10.0,276.3,2486.7,Debit Card,0
103660,2024-06-17,CUST1036,Regular,East,Home & Kitchen,Mixer Grinder,2,4193,8386,10.0,838.6,7547.4,Cash on Delivery,1
103661,2023-12-09,CUST2488,Regular,North,Sports,Yoga Mat,2,5644,11288,20.0,2257.6,9030.4,UPI,1
103662,2023-05-02,CUST2234,New,South,Electronics,Smartwatch,2,19019,38038,0.0,0.0,38038.0,Cash on Delivery,0
103663,2024-03-27,CUST2894,Wholesale,Central,Sports,Cricket Bat,3,2583,7749,0.0,0.0,7749.0,Debit Card,0
103664,2023-08-07,CUST1529,Regular,Central,Beauty,Perfume,1,179,179,10.0,17.9,161.1,UPI,0
103665,2024-05-05,CUST3072,Wholesale,South,Apparel,Dress,1,2916,2916,5.0,145.8,2770.2,Cash on Delivery,0
103666,2023-09-08,CUST3058,Regular,West,Beauty,Perfume,1,1903,1903,0.0,0.0,1903.0,Credit Card,0
103667,2023-10-01,CUST3406,New,West,Home & Kitchen,Vacuum Cleaner,1,9824,9824,20.0,1964.8,7859.2,Net Banking,0
103668,2023-08-09,CUST2401,New,East,Electronics,Laptop,1,13702,13702,10.0,1370.2,12331.8,Debit Card,0
103669,2023-06-08,CUST1154,New,East,Beauty,Sunscreen,2,658,1316,10.0,131.6,1184.4,Cash on Delivery,0
103670,2023-05-14,CUST1676,Premium,South,Sports,Cycling Helmet,1,2104,2104,30.0,631.2,1472.8,Net Banking,0
103671,2023-09-09,CUST1480,Regular,West,Home & Kitchen,Air Fryer,3,852,2556,0.0,0.0,2556.0,Credit Card,0
103672,2023-12-28,CUST1597,Premium,East,Home & Kitchen,Mixer Grinder,5,11984,59920,0.0,0.0,59920.0,Net Banking,0
103673,2024-10-05,CUST1321,Wholesale,West,Sports,Cricket Bat,2,535,1070,,,,Cash on Delivery,0
103674,2024-11-11,CUST3164,Premium,South,Sports,Dumbbell Set,2,1534,3068,20.0,613.6,2454.4,Net Banking,0
103675,2023-05-08,CUST3114,Regular,West,Electronics,Tablet,1,17065,17065,20.0,3413.0,13652.0,UPI,0
103676,2024-01-03,CUST2349,Regular,West,Beauty,Lipstick,4,2302,9208,10.0,920.8,8287.2,Credit Card,0
103677,2024-10-15,CUST1595,Wholesale,South,Home & Kitchen,Cookware Set,2,2519,5038,15.0,755.7,4282.3,Credit Card,0
103678,2024-11-25,CUST1403,Premium,South,Apparel,Dress,1,965,965,20.0,193.0,772.0,Net Banking,0
103679,2024-05-31,CUST3154,Regular,Central,Home & Kitchen,Cookware Set,3,6782,20346,0.0,0.0,20346.0,UPI,0
103680,2024-11-08,CUST2733,Regular,Central,Electronics,Headphones,1,23680,23680,20.0,4736.0,18944.0,Credit Card,0
103681,2024-09-27,CUST1061,Premium,Central,Home & Kitchen,Vacuum Cleaner,1,9021,9021,0.0,0.0,9021.0,Credit Card,0
103682,2024-12-26,CUST1124,Wholesale,South,Home & Kitchen,Bedsheet Set,1,10387,10387,10.0,1038.7,9348.3,Credit Card,0
103683,2024-06-06,CUST2361,Regular,South,Sports,Dumbbell Set,2,6331,12662,10.0,1266.2,11395.8,Cash on Delivery,0
103684,2023-01-28,CUST1861,Regular,West,Beauty,Lipstick,3,1593,4779,0.0,0.0,4779.0,UPI,0
103685,2024-01-13,CUST2829,Regular,North,Home & Kitchen,Bedsheet Set,1,1815,1815,10.0,181.5,1633.5,UPI,0
103686,2024-03-25,CUST1736,Wholesale,South,Home & Kitchen,Vacuum Cleaner,3,8205,24615,20.0,4923.0,19692.0,Credit Card,1
103687,2024-01-14,CUST2017,Regular,Central,Home & Kitchen,Mixer Grinder,3,9226,27678,15.0,4151.7,23526.3,Cash on Delivery,0
103688,2024-05-09,CUST2491,New,Central,Sports,Running Shoes,1,1008,1008,0.0,0.0,1008.0,Net Banking,1
103689,2024-09-06,CUST1432,Regular,East,Home & Kitchen,Bedsheet Set,1,10125,10125,5.0,506.25,9618.75,Cash on Delivery,0
103690,2024-03-22,CUST1480,Regular,South,Beauty,Shampoo,1,1546,1546,10.0,154.6,1391.4,UPI,0
103691,2023-06-07,CUST2079,Regular,East,Home & Kitchen,Vacuum Cleaner,3,6428,19284,30.0,5785.2,13498.8,UPI,0
103692,2024-10-01,CUST2476,Premium,South,Electronics,Smartwatch,1,21234,21234,15.0,3185.1,18048.9,Net Banking,0
103693,2023-07-22,CUST1202,Regular,Central,Electronics,Headphones,1,55045,55045,15.0,8256.75,46788.25,Cash on Delivery,0
103694,2023-02-27,CUST2377,Premium,East,Home & Kitchen,Vacuum Cleaner,1,9904,9904,5.0,495.2,9408.8,Credit Card,0
103695,2024-01-08,CUST2981,Wholesale,North,Beauty,Shampoo,1,1029,1029,0.0,0.0,1029.0,UPI,0
103696,2024-12-17,CUST3377,Premium,South,Beauty,Lipstick,1,1608,1608,,,,UPI,0
103697,2023-04-04,CUST2350,Regular,South,Electronics,Tablet,1,28853,28853,20.0,5770.6,23082.4,Cash on Delivery,0
103698,2024-11-27,CUST1948,New,South,Beauty,Sunscreen,1,532,532,10.0,53.2,478.8,Cash on Delivery,0
103699,2023-08-17,CUST1147,Premium,Central,Beauty,Sunscreen,1,1143,1143,0.0,0.0,1143.0,UPI,0
103700,2024-06-20,CUST3260,Premium,South,Sports,Cycling Helmet,1,1220,1220,10.0,122.0,1098.0,UPI,0
103701,2023-07-21,CUST1198,Regular,North,Sports,Yoga Mat,3,1918,5754,10.0,575.4,5178.6,UPI,0
103702,2023-02-03,CUST1174,Regular,South,Sports,Dumbbell Set,1,5174,5174,5.0,258.7,4915.3,Debit Card,0
103703,2023-07-09,CUST1257,New,North,Electronics,Laptop,4,37108,148432,0.0,0.0,148432.0,Cash on Delivery,0
103704,2024-07-27,CUST2688,Wholesale,West,Sports,Cycling Helmet,2,4184,8368,0.0,0.0,8368.0,UPI,0
103705,2024-04-08,CUST3099,New,South,Beauty,Lipstick,1,703,703,,,,Cash on Delivery,0
103706,2024-12-17,CUST2691,Regular,South,Electronics,Laptop,3,20764,62292,5.0,3114.6,59177.4,UPI,0
103707,2023-11-11,CUST3027,Wholesale,Central,Home & Kitchen,Mixer Grinder,1,11420,11420,20.0,2284.0,9136.0,Net Banking,0
103708,2024-09-05,CUST2943,New,Central,Beauty,Lipstick,1,1490,1490,10.0,149.0,1341.0,Net Banking,0
103709,2024-03-30,CUST2253,Regular,Central,Home & Kitchen,Vacuum Cleaner,1,3565,3565,10.0,356.5,3208.5,Cash on Delivery,0
103710,2023-09-21,CUST2790,Regular,North,Beauty,Sunscreen,1,1521,1521,0.0,0.0,1521.0,Net Banking,0
103711,2024-02-18,CUST3389,Premium,Central,Home & Kitchen,Cookware Set,1,5373,5373,15.0,805.95,4567.05,UPI,0
103712,2023-01-12,CUST3127,New,West,Sports,Cycling Helmet,1,3698,3698,20.0,739.6,2958.4,Credit Card,0
103713,2023-03-07,CUST1558,Wholesale,East,Electronics,Tablet,2,13431,26862,0.0,0.0,26862.0,Cash on Delivery,1
103714,2023-09-30,CUST3285,Regular,West,Beauty,Sunscreen,1,364,364,20.0,72.8,291.2,Debit Card,0
103715,2023-10-04,CUST3133,New,West,Electronics,Smartwatch,2,45768,91536,20.0,18307.2,73228.8,Cash on Delivery,0
103716,2023-12-01,CUST2333,New,North,Beauty,Sunscreen,1,1500,1500,5.0,75.0,1425.0,Credit Card,0
103717,2024-11-22,CUST3300,New,West,Beauty,Lipstick,3,1673,5019,10.0,501.9,4517.1,UPI,0
103718,2024-11-24,CUST2961,New,East,Electronics,Smartphone,1,59610,59610,20.0,11922.0,47688.0,Credit Card,0
103719,2024-10-29,CUST1678,Premium,Central,Beauty,Perfume,2,1231,2462,5.0,123.1,2338.9,Credit Card,0
103720,2024-04-23,CUST2037,Regular,Central,Electronics,Headphones,1,28440,28440,10.0,2844.0,25596.0,Net Banking,0
103721,2023-07-01,CUST1408,Wholesale,East,Electronics,Smartphone,2,20625,41250,10.0,4125.0,37125.0,UPI,0
103722,2024-01-13,CUST1088,Premium,East,Apparel,T-Shirt,4,1734,6936,15.0,1040.4,5895.6,UPI,0
103723,2023-12-15,CUST1203,New,South,Beauty,Perfume,4,1066,4264,20.0,852.8,3411.2,Cash on Delivery,0
103724,2024-07-10,CUST2733,New,Central,Electronics,Headphones,1,13790,13790,5.0,689.5,13100.5,Credit Card,0
103725,2024-02-25,CUST3244,Regular,South,Apparel,Jeans,1,2406,2406,0.0,0.0,2406.0,UPI,0
103726,2023-04-09,CUST2489,Wholesale,North,Electronics,Smartwatch,4,4157,16628,15.0,2494.2,14133.8,Cash on Delivery,0
103727,2023-06-04,CUST2210,Regular,South,Apparel,Dress,1,2565,2565,10.0,256.5,2308.5,Cash on Delivery,0
103728,2024-08-17,CUST1738,New,Central,Beauty,Perfume,1,1517,1517,10.0,151.7,1365.3,,0
103729,2023-12-26,CUST1793,Premium,Central,Sports,Cycling Helmet,4,2265,9060,15.0,1359.0,7701.0,UPI,0
103730,2023-02-15,CUST1044,New,Central,Home & Kitchen,Mixer Grinder,1,8650,8650,20.0,1730.0,6920.0,UPI,0
103731,2024-09-01,CUST2883,Regular,South,Apparel,Jeans,5,2044,10220,0.0,0.0,10220.0,UPI,0
103732,2023-04-23,CUST2816,Regular,West,Home & Kitchen,Air Fryer,1,3339,3339,0.0,0.0,3339.0,Cash on Delivery,0
103733,2023-10-16,CUST1907,Regular,East,Apparel,T-Shirt,1,2094,2094,20.0,418.8,1675.2,Credit Card,0
103734,2023-07-26,CUST2858,Premium,Central,Beauty,Face Cream,1,2239,2239,10.0,223.9,2015.1,UPI,0
103735,2023-11-30,CUST2937,Regular,South,Home & Kitchen,Vacuum Cleaner,2,8285,16570,0.0,0.0,16570.0,Debit Card,0
103736,2023-02-28,CUST2788,Regular,West,Apparel,Sneakers,2,1686,3372,30.0,1011.6,2360.4,Cash on Delivery,0
103737,2024-07-17,CUST1728,Premium,Central,Beauty,Face Cream,1,1457,1457,0.0,0.0,1457.0,Debit Card,0
103738,2023-03-27,CUST1768,Regular,West,Sports,Yoga Mat,1,7137,7137,10.0,713.7,6423.3,UPI,0
103739,2024-08-11,CUST2309,Regular,East,Apparel,Jeans,1,2979,2979,0.0,0.0,2979.0,Credit Card,0
103740,2023-03-25,CUST1443,Wholesale,North,Beauty,Perfume,5,1961,9805,5.0,490.25,9314.75,Net Banking,0
103741,2024-12-24,CUST3164,Premium,East,Sports,Dumbbell Set,2,3743,7486,30.0,2245.8,5240.2,UPI,0
103742,2023-12-09,CUST1265,Premium,North,Home & Kitchen,Mixer Grinder,2,3137,6274,10.0,627.4,5646.6,Cash on Delivery,0
103743,2023-11-27,CUST2602,New,South,Home & Kitchen,Bedsheet Set,2,5978,11956,10.0,1195.6,10760.4,Net Banking,0
103744,2024-01-09,CUST2239,Wholesale,West,Apparel,Jeans,3,1231,3693,15.0,553.95,3139.05,Debit Card,0
103745,2023-07-18,CUST1955,Regular,Central,Beauty,Face Cream,5,1304,6520,5.0,326.0,6194.0,Net Banking,0
103746,2024-04-06,CUST2104,New,East,Beauty,Face Cream,2,542,1084,15.0,162.6,921.4,Cash on Delivery,0
103747,2024-03-27,CUST1917,Regular,South,Electronics,Smartphone,1,55168,55168,10.0,5516.8,49651.2,Debit Card,0
103748,2023-08-06,CUST2550,Regular,West,Sports,Running Shoes,2,3564,7128,20.0,1425.6,5702.4,Debit Card,0
103749,2024-09-11,CUST3305,Wholesale,West,Beauty,Perfume,1,536,536,20.0,107.2,428.8,Debit Card,0
103750,2023-09-02,CUST2550,New,South,Electronics,Smartphone,5,5249,26245,30.0,7873.5,18371.5,Cash on Delivery,0
103751,2024-09-13,CUST2539,Regular,South,Sports,Dumbbell Set,3,4498,13494,5.0,674.7,12819.3,UPI,0
103752,2023-10-22,CUST2212,New,West,Beauty,Face Cream,1,1378,1378,10.0,137.8,1240.2,UPI,0
103753,2023-12-30,CUST2565,New,Central,Apparel,Jacket,3,1229,3687,10.0,368.7,3318.3,Credit Card,0
103754,2024-01-13,CUST2742,New,South,Electronics,Tablet,1,18602,18602,0.0,0.0,18602.0,Credit Card,0
103755,2023-05-31,CUST2568,Regular,West,Apparel,Sneakers,2,2779,5558,,,,Debit Card,0
103756,2023-03-08,CUST1902,Premium,North,Electronics,Tablet,2,30080,60160,10.0,6016.0,54144.0,Cash on Delivery,0
103757,2024-03-22,CUST1275,New,South,Electronics,Tablet,1,44056,44056,20.0,8811.2,35244.8,Cash on Delivery,0
103758,2024-10-31,CUST3160,New,South,Beauty,Face Cream,3,706,2118,30.0,635.4,1482.6,Cash on Delivery,0
103759,2023-01-25,CUST3411,Regular,West,Home & Kitchen,Bedsheet Set,1,8843,8843,15.0,1326.45,7516.55,Credit Card,0
103760,2024-04-20,CUST3457,New,West,Apparel,Sneakers,2,930,1860,5.0,93.0,1767.0,UPI,0
103761,2024-02-15,CUST2598,Premium,West,Home & Kitchen,Air Fryer,2,8166,16332,10.0,1633.2,14698.8,Cash on Delivery,0
103762,2024-12-13,CUST1492,Regular,North,Sports,Yoga Mat,1,802,802,5.0,40.1,761.9,UPI,1
103763,2023-07-29,CUST3497,Premium,East,Home & Kitchen,Air Fryer,1,10121,10121,5.0,506.05,9614.95,UPI,0
103764,2023-06-28,CUST3150,Premium,East,Home & Kitchen,Mixer Grinder,2,6647,13294,0.0,0.0,13294.0,Debit Card,0
103765,2024-03-02,CUST3034,Premium,East,Beauty,Shampoo,1,2406,2406,0.0,0.0,2406.0,UPI,1
103766,2023-09-26,CUST2364,Wholesale,East,Sports,Running Shoes,1,3562,3562,10.0,356.2,3205.8,Credit Card,0
103767,2024-11-01,CUST1508,New,Central,Sports,Cricket Bat,2,3667,7334,15.0,1100.1,6233.9,Net Banking,1
103768,2023-07-01,CUST2744,New,South,Home & Kitchen,Cookware Set,5,2114,10570,15.0,1585.5,8984.5,Debit Card,1
103769,2024-10-17,CUST3397,Regular,East,Sports,Yoga Mat,2,5229,10458,20.0,2091.6,8366.4,Credit Card,0
103770,2024-08-12,CUST3273,Regular,East,Apparel,Jeans,1,1378,1378,10.0,137.8,1240.2,Cash on Delivery,0
103771,2024-05-04,CUST2955,Wholesale,South,Sports,Dumbbell Set,1,4844,4844,0.0,0.0,4844.0,UPI,0
103772,2024-01-18,CUST3450,Regular,West,Apparel,Jeans,1,3853,3853,20.0,770.6,3082.4,Debit Card,0
103773,2024-11-22,CUST2651,Wholesale,Central,Home & Kitchen,Bedsheet Set,1,8665,8665,20.0,1733.0,6932.0,Credit Card,0
103774,2024-08-28,CUST1522,Regular,South,Sports,Dumbbell Set,2,4203,8406,0.0,0.0,8406.0,Credit Card,0
103775,2023-05-21,CUST1033,Regular,West,Sports,Dumbbell Set,1,4683,4683,10.0,468.3,4214.7,Cash on Delivery,0
103776,2023-09-08,CUST2295,Premium,North,Sports,Cricket Bat,3,7352,22056,15.0,3308.4,18747.6,Credit Card,0
103777,2023-11-30,CUST1514,Regular,North,Beauty,Lipstick,1,473,473,30.0,141.9,331.1,UPI,0
103778,2024-11-16,CUST1313,Premium,West,Home & Kitchen,Cookware Set,1,6030,6030,20.0,1206.0,4824.0,Cash on Delivery,0
103779,2023-03-12,CUST2112,Regular,North,Home & Kitchen,Air Fryer,2,10427,20854,0.0,0.0,20854.0,Cash on Delivery,0
103780,2024-06-11,CUST2050,Premium,South,Electronics,Laptop,1,26438,26438,10.0,2643.8,23794.2,Credit Card,0
103781,2023-07-21,CUST1019,Regular,Central,Apparel,Dress,1,2066,2066,5.0,103.3,1962.7,Cash on Delivery,0
103782,2024-06-17,CUST3372,Regular,South,Sports,Cricket Bat,1,6717,6717,15.0,1007.55,5709.45,UPI,1
103783,2024-10-20,CUST3428,New,West,Home & Kitchen,Vacuum Cleaner,3,1790,5370,0.0,0.0,5370.0,Net Banking,0
103784,2024-04-30,CUST3148,Wholesale,South,Home & Kitchen,Bedsheet Set,2,5361,10722,15.0,1608.3,9113.7,,1
103785,2023-03-14,CUST1465,Regular,West,Sports,Cycling Helmet,1,5507,5507,0.0,0.0,5507.0,Debit Card,0
103786,2023-08-08,CUST1317,Premium,South,Apparel,Dress,4,1914,7656,0.0,0.0,7656.0,Cash on Delivery,0
103787,2023-04-14,CUST1378,Regular,South,Electronics,Headphones,1,48465,48465,10.0,4846.5,43618.5,UPI,0
103788,2024-02-26,CUST1666,Regular,East,Home & Kitchen,Cookware Set,3,5746,17238,5.0,861.9,16376.1,Net Banking,0
103789,2023-01-04,CUST1694,Regular,South,Apparel,T-Shirt,1,1344,1344,5.0,67.2,1276.8,Credit Card,0
103790,2023-05-28,CUST1938,Regular,West,Apparel,Dress,1,416,416,0.0,0.0,416.0,Debit Card,0
103791,2023-10-10,CUST1203,Regular,West,Beauty,Lipstick,2,1544,3088,15.0,463.2,2624.8,Debit Card,0
103792,2024-11-08,CUST2808,Regular,Central,Electronics,Smartwatch,1,4824,4824,20.0,964.8,3859.2,Credit Card,0
103793,2024-08-14,CUST1349,New,Central,Home & Kitchen,Mixer Grinder,2,6326,12652,15.0,1897.8,10754.2,Cash on Delivery,1
103794,2023-07-01,CUST3107,Premium,North,Electronics,Laptop,4,12343,49372,20.0,9874.4,39497.6,Net Banking,0
103795,2023-02-12,CUST2105,Premium,Central,Sports,Cricket Bat,1,4831,4831,10.0,483.1,4347.9,UPI,0
103796,2023-05-05,CUST3121,Regular,South,Apparel,Jeans,1,1207,1207,20.0,241.4,965.6,,0
103797,2023-12-15,CUST2528,Regular,East,Sports,Yoga Mat,2,1454,2908,10.0,290.8,2617.2,Net Banking,0
103798,2024-04-29,CUST1697,Regular,South,Sports,Dumbbell Set,1,6543,6543,10.0,654.3,5888.7,UPI,1
103799,2023-03-29,CUST2107,Wholesale,West,Sports,Yoga Mat,2,1810,3620,5.0,181.0,3439.0,Net Banking,0
103800,2024-05-30,CUST2625,Wholesale,Central,Electronics,Headphones,1,8719,8719,15.0,1307.85,7411.15,Credit Card,0
103801,2024-08-14,CUST1494,New,North,Sports,Dumbbell Set,2,3876,7752,20.0,1550.4,6201.6,,0
103802,2023-06-16,CUST2239,Regular,East,Electronics,Smartphone,2,31005,62010,5.0,3100.5,58909.5,UPI,0
103803,2024-12-19,CUST3227,Premium,North,Home & Kitchen,Air Fryer,2,9213,18426,15.0,2763.9,15662.1,Credit Card,0
103804,2023-03-17,CUST2339,Wholesale,East,Sports,Dumbbell Set,2,2525,5050,10.0,505.0,4545.0,UPI,0
103805,2024-09-13,CUST1612,Wholesale,North,Electronics,Smartwatch,3,21958,65874,0.0,0.0,65874.0,Debit Card,0
103806,2023-04-27,CUST1891,Regular,West,Sports,Yoga Mat,2,1004,2008,0.0,0.0,2008.0,Credit Card,0
103807,2023-04-15,CUST3224,Regular,North,Home & Kitchen,Air Fryer,1,9542,9542,30.0,2862.6,6679.4,Debit Card,0
103808,2023-09-14,CUST1334,New,East,Electronics,Laptop,1,11169,11169,15.0,1675.35,9493.65,Cash on Delivery,0
103809,2024-10-06,CUST1650,Premium,South,Apparel,Jeans,1,971,971,10.0,97.1,873.9,Net Banking,0
103810,2023-09-05,CUST1551,New,South,Sports,Running Shoes,1,4383,4383,0.0,0.0,4383.0,Debit Card,0
103811,2024-09-25,CUST1212,Regular,South,Apparel,Dress,1,2592,2592,0.0,0.0,2592.0,UPI,0
103812,2024-07-06,CUST2196,Premium,West,Beauty,Lipstick,1,312,312,5.0,15.6,296.4,Cash on Delivery,0
103813,2024-12-05,CUST1076,Premium,West,Electronics,Smartphone,2,17300,34600,0.0,0.0,34600.0,Net Banking,0
103814,2024-12-05,CUST2185,Wholesale,West,Sports,Running Shoes,2,3323,6646,15.0,996.9,5649.1,Debit Card,0
103815,2023-03-08,CUST1958,New,Central,Beauty,Sunscreen,1,878,878,15.0,131.7,746.3,Debit Card,0
103816,2024-08-17,CUST3094,Regular,West,Sports,Cricket Bat,1,5886,5886,15.0,882.9,5003.1,Debit Card,0
103817,2024-08-13,CUST2746,Regular,West,Apparel,Sneakers,2,1185,2370,0.0,0.0,2370.0,UPI,0
103818,2024-06-12,CUST2870,Wholesale,Central,Electronics,Smartwatch,3,59475,178425,5.0,8921.25,169503.75,UPI,0
103819,2024-10-28,CUST2746,Regular,West,Apparel,T-Shirt,1,2915,2915,20.0,583.0,2332.0,Credit Card,0
103820,2024-11-29,CUST1233,Premium,West,Sports,Cycling Helmet,4,3111,12444,10.0,1244.4,11199.6,Cash on Delivery,0
103821,2023-12-21,CUST3259,New,West,Electronics,Smartwatch,1,57511,57511,10.0,5751.1,51759.9,UPI,0
103822,2023-11-01,CUST3066,Premium,North,Sports,Cricket Bat,1,2120,2120,15.0,318.0,1802.0,Debit Card,0
103823,2024-03-02,CUST2468,Wholesale,Central,Beauty,Shampoo,3,2389,7167,0.0,0.0,7167.0,Debit Card,0
103824,2023-03-16,CUST3386,Regular,North,Sports,Cricket Bat,2,6629,13258,5.0,662.9,12595.1,UPI,0
103825,2023-12-07,CUST2204,New,South,Home & Kitchen,Mixer Grinder,1,3895,3895,10.0,389.5,3505.5,Debit Card,0
103826,2023-04-09,CUST1106,Premium,South,Sports,Running Shoes,1,6624,6624,0.0,0.0,6624.0,Debit Card,0
103827,2024-09-02,CUST2646,Regular,North,Beauty,Lipstick,1,1093,1093,5.0,54.65,1038.35,UPI,1
103828,2023-12-31,CUST1583,New,East,Sports,Yoga Mat,1,1031,1031,20.0,206.2,824.8,UPI,0
103829,2023-05-25,CUST1161,Regular,North,Apparel,Jacket,3,2119,6357,0.0,0.0,6357.0,Credit Card,0
103830,2024-12-27,CUST3155,Wholesale,West,Apparel,Jeans,1,2994,2994,20.0,598.8,2395.2,Cash on Delivery,0
103831,2024-09-29,CUST1569,New,West,Sports,Dumbbell Set,1,6576,6576,0.0,0.0,6576.0,Cash on Delivery,0
103832,2023-05-03,CUST1890,Regular,South,Electronics,Laptop,3,30416,91248,0.0,0.0,91248.0,Credit Card,0
103833,2023-03-14,CUST3063,Regular,North,Electronics,Headphones,1,41236,41236,15.0,6185.4,35050.6,Credit Card,0
103834,2024-02-17,CUST1107,Regular,West,Apparel,Jeans,1,3744,3744,0.0,0.0,3744.0,Credit Card,0
103835,2023-01-28,CUST2524,Regular,West,Apparel,Dress,4,2486,9944,5.0,497.2,9446.8,UPI,0
103836,2023-04-05,CUST3228,Premium,Central,Electronics,Smartphone,2,9953,19906,0.0,0.0,19906.0,UPI,0
103837,2023-03-31,CUST3182,Regular,West,Beauty,Face Cream,2,1881,3762,15.0,564.3,3197.7,UPI,0
103838,2024-04-01,CUST1044,Regular,South,Apparel,Jeans,2,663,1326,15.0,198.9,1127.1,Credit Card,0
103839,2023-08-03,CUST1839,Regular,North,Apparel,T-Shirt,1,1168,1168,0.0,0.0,1168.0,UPI,0
103840,2023-11-11,CUST2205,New,North,Home & Kitchen,Cookware Set,2,7539,15078,0.0,0.0,15078.0,Net Banking,0
103841,2024-02-09,CUST2367,Regular,Central,Electronics,Smartphone,3,2285,6855,10.0,685.5,6169.5,Net Banking,0
103842,2024-04-11,CUST3444,Premium,East,Sports,Cricket Bat,4,6108,24432,15.0,3664.8,20767.2,Credit Card,0
103843,2024-01-01,CUST3141,Premium,East,Beauty,Lipstick,1,2153,2153,20.0,430.6,1722.4,UPI,0
103844,2024-09-06,CUST2519,Regular,North,Sports,Cycling Helmet,1,4523,4523,5.0,226.15,4296.85,Credit Card,0
103845,2023-03-07,CUST1344,Regular,North,Apparel,Dress,1,2303,2303,20.0,460.6,1842.4,Credit Card,0
103846,2024-06-29,CUST1159,Regular,West,Sports,Dumbbell Set,2,841,1682,5.0,84.1,1597.9,Credit Card,0
103847,2023-10-09,CUST1346,Premium,East,Home & Kitchen,Mixer Grinder,2,6027,12054,15.0,1808.1,10245.9,Net Banking,0
103848,2024-10-22,CUST3370,Regular,Central,Beauty,Shampoo,1,2425,2425,10.0,242.5,2182.5,Debit Card,0
103849,2024-11-04,CUST2984,Premium,West,Beauty,Perfume,1,1165,1165,15.0,174.75,990.25,Net Banking,0
103850,2023-11-23,CUST1976,Regular,South,Sports,Cricket Bat,2,6785,13570,15.0,2035.5,11534.5,Credit Card,0
103851,2024-11-08,CUST1748,Regular,West,Beauty,Shampoo,1,1402,1402,10.0,140.2,1261.8,Net Banking,0
103852,2024-04-03,CUST2868,New,West,Electronics,Tablet,1,22222,22222,0.0,0.0,22222.0,Net Banking,0
103853,2023-01-09,CUST2143,New,Central,Apparel,T-Shirt,1,2317,2317,10.0,231.7,2085.3,Cash on Delivery,0
103854,2023-07-10,CUST2309,Premium,West,Electronics,Headphones,1,25030,25030,0.0,0.0,25030.0,Net Banking,0
103855,2023-10-01,CUST3152,Regular,North,Home & Kitchen,Mixer Grinder,1,9256,9256,15.0,1388.4,7867.6,UPI,0
103856,2024-07-04,CUST2865,Regular,West,Sports,Dumbbell Set,1,6744,6744,30.0,2023.2,4720.8,UPI,0
103857,2023-05-24,CUST1511,New,North,Electronics,Headphones,3,2919,8757,0.0,0.0,8757.0,Credit Card,0
103858,2023-06-27,CUST2144,New,East,Home & Kitchen,Air Fryer,2,8067,16134,0.0,0.0,16134.0,Cash on Delivery,0
103859,2023-04-08,CUST2119,Premium,Central,Electronics,Headphones,1,37672,37672,10.0,3767.2,33904.8,Net Banking,0
103860,2023-06-02,CUST2697,New,West,Beauty,Shampoo,1,2188,2188,5.0,109.4,2078.6,Credit Card,0
103861,2024-04-26,CUST1992,Regular,Central,Electronics,Smartphone,2,54269,108538,15.0,16280.7,92257.3,,0
103862,2023-06-10,CUST2000,New,East,Home & Kitchen,Air Fryer,2,5473,10946,15.0,1641.9,9304.1,UPI,0
103863,2023-05-18,CUST2050,New,West,Home & Kitchen,Air Fryer,1,9485,9485,10.0,948.5,8536.5,Cash on Delivery,0
103864,2024-09-07,CUST1414,Premium,West,Electronics,Laptop,1,43383,43383,0.0,0.0,43383.0,Debit Card,0
103865,2024-04-20,CUST1658,Premium,North,Beauty,Sunscreen,1,2498,2498,0.0,0.0,2498.0,Cash on Delivery,0
103866,2023-10-18,CUST1242,Regular,West,Beauty,Face Cream,1,646,646,10.0,64.6,581.4,UPI,0
103867,2023-04-06,CUST2463,New,South,Sports,Running Shoes,1,2527,2527,10.0,252.7,2274.3,Debit Card,0
103868,2024-12-06,CUST2944,Regular,Central,Beauty,Perfume,2,830,1660,5.0,83.0,1577.0,Net Banking,0
103869,2023-02-28,CUST2561,Premium,East,Electronics,Laptop,1,19275,19275,10.0,1927.5,17347.5,UPI,0
103870,2024-11-30,CUST1634,Regular,East,Beauty,Perfume,1,1010,1010,0.0,0.0,1010.0,Debit Card,0
103871,2023-07-30,CUST1110,Regular,South,Electronics,Smartphone,1,55345,55345,0.0,0.0,55345.0,UPI,0
103872,2024-10-17,CUST1835,Regular,South,Apparel,T-Shirt,1,447,447,15.0,67.05,379.95,UPI,0
103873,2023-02-24,CUST2736,Regular,East,Electronics,Headphones,1,58591,58591,5.0,2929.55,55661.45,Cash on Delivery,0
103874,2024-03-24,CUST1491,New,South,Apparel,Jacket,1,1219,1219,10.0,121.9,1097.1,Debit Card,1
103875,2023-05-07,CUST1580,Wholesale,West,Beauty,Face Cream,1,2488,2488,20.0,497.6,1990.4,UPI,0
103876,2024-02-28,CUST2297,Regular,Central,Electronics,Tablet,1,19536,19536,0.0,0.0,19536.0,Cash on Delivery,0
103877,2024-07-02,CUST3377,Regular,South,Apparel,Sneakers,2,921,1842,30.0,552.6,1289.4,UPI,0
103878,2024-11-03,CUST1942,Regular,East,Home & Kitchen,Mixer Grinder,1,3937,3937,5.0,196.85,3740.15,Net Banking,0
103879,2023-12-23,CUST1123,New,East,Sports,Yoga Mat,1,7675,7675,15.0,1151.25,6523.75,Credit Card,0
103880,2023-12-11,CUST2847,Regular,North,Electronics,Smartwatch,2,22219,44438,15.0,6665.7,37772.3,UPI,0
103881,2023-08-05,CUST2938,Regular,South,Home & Kitchen,Vacuum Cleaner,1,5628,5628,20.0,1125.6,4502.4,Cash on Delivery,0
103882,2024-05-19,CUST1138,Premium,North,Beauty,Lipstick,1,2466,2466,20.0,493.2,1972.8,Cash on Delivery,0
103883,2023-11-10,CUST3093,New,East,Beauty,Perfume,1,1930,1930,15.0,289.5,1640.5,Cash on Delivery,0
103884,2023-05-19,CUST3035,Regular,South,Beauty,Perfume,1,2023,2023,5.0,101.15,1921.85,UPI,1
103885,2024-04-18,CUST2555,Regular,West,Sports,Dumbbell Set,1,7899,7899,5.0,394.95,7504.05,Cash on Delivery,0
103886,2023-01-22,CUST2037,New,North,Sports,Yoga Mat,1,699,699,0.0,0.0,699.0,UPI,0
103887,2023-12-29,CUST1911,Premium,West,Apparel,Dress,1,578,578,15.0,86.7,491.3,Debit Card,0
103888,2023-05-25,CUST1426,Premium,North,Home & Kitchen,Air Fryer,1,10035,10035,15.0,1505.25,8529.75,UPI,0
103889,2024-12-24,CUST1946,Regular,East,Beauty,Perfume,2,382,764,20.0,152.8,611.2,Credit Card,0
103890,2024-11-27,CUST1633,Wholesale,Central,Sports,Cricket Bat,3,4851,14553,15.0,2182.95,12370.05,Credit Card,0
103891,2024-04-15,CUST2083,Premium,North,Sports,Cycling Helmet,2,1243,2486,15.0,372.9,2113.1,Cash on Delivery,0
103892,2024-08-06,CUST3076,Regular,South,Beauty,Perfume,2,1601,3202,5.0,160.1,3041.9,UPI,0
103893,2023-04-29,CUST1588,Regular,South,Apparel,Sneakers,3,1190,3570,0.0,0.0,3570.0,UPI,0
103894,2024-03-25,CUST1854,Wholesale,West,Electronics,Tablet,1,16480,16480,,,,Net Banking,1
103895,2024-02-08,CUST2133,Premium,West,Apparel,Sneakers,1,819,819,0.0,0.0,819.0,UPI,0
103896,2023-02-11,CUST3067,Wholesale,North,Home & Kitchen,Air Fryer,2,6806,13612,0.0,0.0,13612.0,UPI,0
103897,2023-03-23,CUST2953,New,North,Electronics,Smartphone,1,24451,24451,15.0,3667.65,20783.35,Debit Card,0
103898,2024-10-27,CUST2720,Wholesale,Central,Home & Kitchen,Vacuum Cleaner,1,3580,3580,5.0,179.0,3401.0,Cash on Delivery,1
103899,2024-05-17,CUST1938,Regular,East,Beauty,Perfume,1,1010,1010,15.0,151.5,858.5,Net Banking,0
103900,2024-10-16,CUST3369,Regular,West,Beauty,Shampoo,1,1954,1954,15.0,293.1,1660.9,Credit Card,0
103901,2023-07-11,CUST1676,Premium,South,Electronics,Headphones,3,9344,28032,,,,Credit Card,0
103902,2023-03-11,CUST2567,New,West,Home & Kitchen,Cookware Set,2,4918,9836,0.0,0.0,9836.0,UPI,0
103903,2023-12-18,CUST1743,Wholesale,Central,Apparel,Sneakers,2,1879,3758,20.0,751.6,3006.4,Debit Card,1
103904,2023-01-05,CUST3327,Premium,East,Sports,Cycling Helmet,1,4212,4212,5.0,210.6,4001.4,Credit Card,0
103905,2024-01-06,CUST1431,New,West,Electronics,Smartwatch,1,42309,42309,0.0,0.0,42309.0,UPI,0
103906,2023-05-14,CUST1654,Premium,Central,Sports,Running Shoes,1,4736,4736,5.0,236.8,4499.2,Net Banking,0
103907,2024-12-01,CUST1001,Regular,North,Beauty,Perfume,2,2302,4604,30.0,1381.2,3222.8,UPI,0
103908,2024-09-14,CUST1641,New,Central,Electronics,Smartwatch,2,11379,22758,10.0,2275.8,20482.2,Cash on Delivery,0
103909,2023-05-05,CUST2324,Regular,West,Sports,Cycling Helmet,4,1974,7896,0.0,0.0,7896.0,UPI,1
103910,2024-08-06,CUST3113,Regular,West,Beauty,Face Cream,3,458,1374,0.0,0.0,1374.0,Debit Card,0
103911,2024-04-20,CUST3256,Regular,West,Home & Kitchen,Mixer Grinder,1,8098,8098,0.0,0.0,8098.0,,0
103912,2024-06-22,CUST2145,Regular,West,Sports,Yoga Mat,1,1049,1049,5.0,52.45,996.55,,0
103913,2023-05-05,CUST2984,Premium,Central,Apparel,T-Shirt,3,2217,6651,5.0,332.55,6318.45,Credit Card,0
103914,2023-11-29,CUST1176,New,South,Home & Kitchen,Bedsheet Set,2,10428,20856,15.0,3128.4,17727.6,UPI,0
103915,2023-10-31,CUST2824,Regular,South,Sports,Running Shoes,1,5595,5595,20.0,1119.0,4476.0,Credit Card,0
103916,2023-07-02,CUST2263,New,West,Sports,Running Shoes,1,2859,2859,30.0,857.7,2001.3,Cash on Delivery,0
103917,2023-08-20,CUST2643,Premium,West,Sports,Cricket Bat,1,6086,6086,15.0,912.9,5173.1,Cash on Delivery,0
103918,2023-05-30,CUST3351,New,West,Electronics,Smartwatch,1,58958,58958,30.0,17687.4,41270.6,UPI,0
103919,2023-10-21,CUST3292,Regular,East,Electronics,Smartwatch,1,52887,52887,15.0,7933.05,44953.95,UPI,0
103920,2024-11-19,CUST1352,Premium,North,Beauty,Sunscreen,1,2332,2332,15.0,349.8,1982.2,Debit Card,0
103921,2023-02-25,CUST1967,New,East,Beauty,Lipstick,1,1906,1906,0.0,0.0,1906.0,Cash on Delivery,0
103922,2024-10-30,CUST1655,Regular,East,Sports,Running Shoes,2,4223,8446,0.0,0.0,8446.0,UPI,1
103923,2023-10-13,CUST3447,Wholesale,South,Sports,Dumbbell Set,1,6566,6566,5.0,328.3,6237.7,UPI,1
103924,2024-06-18,CUST2976,Premium,North,Apparel,Jacket,2,2196,4392,5.0,219.6,4172.4,Cash on Delivery,1
103925,2024-10-05,CUST3375,Regular,Central,Sports,Dumbbell Set,5,7364,36820,30.0,11046.0,25774.0,Debit Card,0
103926,2023-07-02,CUST2923,Regular,Central,Beauty,Sunscreen,1,1053,1053,0.0,0.0,1053.0,Credit Card,0
103927,2023-08-02,CUST1296,Regular,East,Home & Kitchen,Air Fryer,1,6767,6767,30.0,2030.1,4736.9,Credit Card,0
103928,2023-06-08,CUST3404,Wholesale,South,Apparel,T-Shirt,2,2663,5326,30.0,1597.8,3728.2,UPI,0
103929,2023-04-28,CUST1028,Regular,West,Home & Kitchen,Cookware Set,2,5796,11592,30.0,3477.6,8114.4,UPI,0
103930,2024-08-17,CUST3481,Wholesale,Central,Sports,Yoga Mat,1,7145,7145,10.0,714.5,6430.5,UPI,0
103931,2023-02-17,CUST1774,Wholesale,North,Apparel,T-Shirt,1,1500,1500,10.0,150.0,1350.0,Net Banking,0
103932,2023-05-09,CUST2817,Wholesale,East,Sports,Cycling Helmet,1,5550,5550,10.0,555.0,4995.0,Cash on Delivery,0
103933,2024-03-27,CUST1406,Regular,South,Electronics,Smartwatch,2,54011,108022,0.0,0.0,108022.0,Credit Card,0
103934,2023-10-12,CUST2999,Regular,North,Apparel,Jeans,1,2223,2223,10.0,222.3,2000.7,Credit Card,0
103935,2023-11-13,CUST2562,Premium,North,Home & Kitchen,Cookware Set,2,7970,15940,20.0,3188.0,12752.0,Cash on Delivery,0
103936,2023-09-02,CUST2233,Premium,North,Sports,Running Shoes,1,7807,7807,5.0,390.35,7416.65,Debit Card,0
103937,2023-01-07,CUST3208,Premium,North,Home & Kitchen,Vacuum Cleaner,3,9018,27054,15.0,4058.1,22995.9,Credit Card,0
103938,2024-05-26,CUST2026,Regular,South,Home & Kitchen,Mixer Grinder,2,8812,17624,15.0,2643.6,14980.4,UPI,1
103939,2023-04-22,CUST1704,Premium,South,Sports,Cycling Helmet,1,2197,2197,5.0,109.85,2087.15,Credit Card,0
103940,2023-03-26,CUST1502,Regular,Central,Apparel,Jeans,1,3323,3323,0.0,0.0,3323.0,Cash on Delivery,0
103941,2023-11-18,CUST1027,Premium,North,Sports,Yoga Mat,1,7554,7554,30.0,2266.2,5287.8,UPI,0
103942,2023-10-24,CUST2488,Regular,West,Home & Kitchen,Bedsheet Set,1,6552,6552,20.0,1310.4,5241.6,Credit Card,0
103943,2024-11-13,CUST3244,Premium,South,Home & Kitchen,Mixer Grinder,3,11448,34344,,,,Credit Card,0
103944,2024-08-26,CUST2843,Premium,West,Apparel,Dress,1,804,804,15.0,120.6,683.4,Credit Card,1
103945,2024-02-14,CUST1191,New,East,Home & Kitchen,Air Fryer,1,7105,7105,0.0,0.0,7105.0,Credit Card,0
103946,2024-07-29,CUST2273,New,East,Home & Kitchen,Cookware Set,5,11797,58985,10.0,5898.5,53086.5,Debit Card,0
103947,2023-12-04,CUST3027,Premium,South,Home & Kitchen,Cookware Set,1,6759,6759,30.0,2027.7,4731.3,Cash on Delivery,1
103948,2024-06-25,CUST1580,Regular,East,Apparel,Dress,1,2453,2453,0.0,0.0,2453.0,UPI,0
103949,2023-06-20,CUST1697,New,North,Electronics,Smartwatch,1,6546,6546,10.0,654.6,5891.4,Credit Card,1
103950,2024-09-01,CUST1252,Premium,West,Sports,Running Shoes,2,4037,8074,20.0,1614.8,6459.2,Net Banking,0
103951,2024-01-25,CUST1359,Regular,Central,Beauty,Shampoo,1,978,978,20.0,195.6,782.4,Cash on Delivery,1
103952,2023-09-21,CUST1081,Wholesale,North,Apparel,T-Shirt,1,764,764,5.0,38.2,725.8,UPI,1
103953,2023-03-22,CUST3055,Premium,East,Electronics,Smartphone,5,53992,269960,,,,Debit Card,0
103954,2024-06-28,CUST3332,Regular,South,Home & Kitchen,Vacuum Cleaner,1,6039,6039,0.0,0.0,6039.0,Debit Card,0
103955,2024-02-07,CUST2862,Premium,South,Electronics,Headphones,1,6403,6403,5.0,320.15,6082.85,Credit Card,0
103956,2024-12-25,CUST2868,Regular,Central,Sports,Dumbbell Set,2,7706,15412,20.0,3082.4,12329.6,Credit Card,0
103957,2024-12-30,CUST2013,New,Central,Electronics,Laptop,3,23007,69021,15.0,10353.15,58667.85,Credit Card,0
103958,2024-11-03,CUST2025,Regular,South,Apparel,Dress,1,3699,3699,0.0,0.0,3699.0,UPI,0
103959,2023-03-11,CUST3388,Premium,Central,Beauty,Sunscreen,1,1735,1735,20.0,347.0,1388.0,Cash on Delivery,0
103960,2023-04-24,CUST1688,Regular,North,Beauty,Shampoo,1,1405,1405,5.0,70.25,1334.75,UPI,0
103961,2024-08-29,CUST1478,Regular,South,Apparel,Sneakers,1,3201,3201,0.0,0.0,3201.0,Cash on Delivery,0
103962,2024-05-11,CUST1199,Regular,Central,Sports,Running Shoes,1,6454,6454,0.0,0.0,6454.0,Cash on Delivery,0
103963,2023-04-03,CUST2281,Regular,East,Electronics,Laptop,1,44424,44424,15.0,6663.6,37760.4,Debit Card,0
103964,2024-11-23,CUST2496,Premium,South,Apparel,T-Shirt,1,2611,2611,20.0,522.2,2088.8,Debit Card,0
103965,2024-10-14,CUST2248,Wholesale,South,Electronics,Tablet,1,4217,4217,5.0,210.85,4006.15,Debit Card,0
103966,2023-10-05,CUST1965,Regular,North,Beauty,Shampoo,2,1750,3500,5.0,175.0,3325.0,Credit Card,0
103967,2024-09-08,CUST2323,Regular,South,Apparel,Jacket,2,2537,5074,5.0,253.7,4820.3,Net Banking,0
103968,2023-09-04,CUST3438,Premium,South,Sports,Yoga Mat,2,5769,11538,10.0,1153.8,10384.2,UPI,0
103969,2024-06-23,CUST1776,Regular,South,Home & Kitchen,Mixer Grinder,1,3415,3415,10.0,341.5,3073.5,Credit Card,0
103970,2023-12-21,CUST3111,Wholesale,North,Electronics,Smartwatch,1,19851,19851,15.0,2977.65,16873.35,UPI,0
103971,2023-02-25,CUST1828,New,South,Sports,Cycling Helmet,2,1644,3288,0.0,0.0,3288.0,,0
103972,2023-03-30,CUST2345,Premium,West,Electronics,Tablet,5,2288,11440,5.0,572.0,10868.0,Net Banking,0
103973,2024-12-20,CUST2452,Regular,East,Apparel,Jeans,2,3962,7924,10.0,792.4,7131.6,UPI,0
103974,2023-12-18,CUST2382,Regular,West,Home & Kitchen,Air Fryer,1,7969,7969,20.0,1593.8,6375.2,Cash on Delivery,0
103975,2023-11-25,CUST1433,Regular,South,Home & Kitchen,Bedsheet Set,3,8470,25410,20.0,5082.0,20328.0,UPI,0
103976,2023-12-14,CUST1208,Regular,East,Apparel,Dress,5,3671,18355,5.0,917.75,17437.25,Credit Card,1
103977,2023-05-23,CUST2022,Wholesale,West,Electronics,Headphones,1,5358,5358,0.0,0.0,5358.0,UPI,0
103978,2024-08-06,CUST1741,Regular,West,Electronics,Smartwatch,1,11828,11828,0.0,0.0,11828.0,Net Banking,0
103979,2023-10-22,CUST1177,Regular,North,Beauty,Lipstick,3,436,1308,20.0,261.6,1046.4,Credit Card,0
103980,2023-08-15,CUST2485,Premium,West,Beauty,Face Cream,2,756,1512,10.0,151.2,1360.8,UPI,0
103981,2023-11-19,CUST1765,Premium,East,Beauty,Face Cream,3,495,1485,5.0,74.25,1410.75,Credit Card,0
103982,2023-07-01,CUST2130,Regular,South,Electronics,Smartwatch,1,57623,57623,15.0,8643.45,48979.55,,0
103983,2023-09-15,CUST1656,Regular,West,Apparel,Sneakers,1,3990,3990,10.0,399.0,3591.0,UPI,0
103984,2024-07-30,CUST1030,Wholesale,East,Beauty,Sunscreen,4,790,3160,0.0,0.0,3160.0,Debit Card,0
103985,2024-10-08,CUST1643,Regular,South,Electronics,Smartwatch,1,42738,42738,15.0,6410.7,36327.3,Credit Card,0
103986,2024-04-17,CUST1230,New,Central,Sports,Yoga Mat,1,4967,4967,0.0,0.0,4967.0,UPI,0
103987,2024-09-08,CUST1245,Premium,East,Apparel,Jeans,2,3474,6948,,,,UPI,0
103988,2024-11-12,CUST2949,New,South,Beauty,Shampoo,1,2257,2257,10.0,225.7,2031.3,Credit Card,0
103989,2024-04-01,CUST2265,New,North,Home & Kitchen,Vacuum Cleaner,1,9836,9836,0.0,0.0,9836.0,UPI,0
103990,2024-04-18,CUST2550,Regular,North,Electronics,Laptop,1,20459,20459,0.0,0.0,20459.0,Debit Card,0
103991,2023-12-29,CUST2363,Wholesale,West,Beauty,Sunscreen,1,1518,1518,0.0,0.0,1518.0,UPI,0
103992,2023-05-04,CUST3046,New,East,Beauty,Perfume,4,428,1712,20.0,342.4,1369.6,Debit Card,0
103993,2024-02-10,CUST2686,Regular,East,Sports,Running Shoes,1,7980,7980,10.0,798.0,7182.0,Credit Card,0
103994,2023-01-13,CUST2114,Premium,West,Electronics,Laptop,1,47725,47725,5.0,2386.25,45338.75,Debit Card,0
103995,2024-06-12,CUST1379,Premium,Central,Home & Kitchen,Cookware Set,1,10039,10039,10.0,1003.9,9035.1,UPI,0
103996,2023-09-29,CUST1534,Premium,Central,Home & Kitchen,Vacuum Cleaner,2,11185,22370,0.0,0.0,22370.0,UPI,0
103997,2023-08-24,CUST1876,Wholesale,South,Beauty,Lipstick,3,437,1311,0.0,0.0,1311.0,Debit Card,0
103998,2023-02-28,CUST1732,Premium,West,Apparel,Dress,1,2332,2332,0.0,0.0,2332.0,UPI,0
103999,2024-08-27,CUST1779,Regular,South,Sports,Dumbbell Set,1,3463,3463,0.0,0.0,3463.0,UPI,1
104000,2024-09-12,CUST2251,Wholesale,North,Apparel,Jeans,1,3013,3013,0.0,0.0,3013.0,Credit Card,0
104001,2024-08-04,CUST3423,Premium,West,Beauty,Shampoo,4,2037,8148,30.0,2444.4,5703.6,UPI,0
104002,2023-12-03,CUST3043,Premium,East,Apparel,Dress,1,2635,2635,15.0,395.25,2239.75,UPI,0
104003,2024-02-17,CUST2606,Premium,North,Beauty,Sunscreen,1,2221,2221,0.0,0.0,2221.0,Cash on Delivery,0
104004,2024-01-22,CUST3314,Regular,South,Sports,Cricket Bat,1,6105,6105,20.0,1221.0,4884.0,Credit Card,0
104005,2024-10-10,CUST1067,Premium,South,Home & Kitchen,Cookware Set,1,9083,9083,5.0,454.15,8628.85,Cash on Delivery,1
104006,2024-06-26,CUST2544,Regular,Central,Home & Kitchen,Vacuum Cleaner,1,6275,6275,0.0,0.0,6275.0,UPI,0
104007,2024-01-25,CUST2003,Regular,North,Sports,Dumbbell Set,4,4169,16676,5.0,833.8,15842.2,Credit Card,0
104008,2024-10-09,CUST2107,Premium,Central,Home & Kitchen,Air Fryer,1,10724,10724,5.0,536.2,10187.8,Credit Card,0
104009,2024-04-23,CUST2763,Regular,South,Apparel,Jeans,1,3152,3152,10.0,315.2,2836.8,UPI,0
104010,2024-03-02,CUST3239,Wholesale,North,Beauty,Face Cream,1,1371,1371,10.0,137.1,1233.9,Credit Card,0
104011,2023-02-19,CUST3137,New,West,Beauty,Sunscreen,2,2398,4796,0.0,0.0,4796.0,Debit Card,0
104012,2024-04-27,CUST2475,Regular,North,Sports,Dumbbell Set,1,7786,7786,,,,Cash on Delivery,0
104013,2023-03-27,CUST2118,Regular,East,Sports,Running Shoes,1,7053,7053,0.0,0.0,7053.0,Debit Card,0
104014,2023-02-18,CUST1113,Regular,West,Sports,Cycling Helmet,1,7617,7617,0.0,0.0,7617.0,Cash on Delivery,0
104015,2023-05-05,CUST1833,Regular,Central,Beauty,Sunscreen,2,2070,4140,5.0,207.0,3933.0,UPI,0
104016,2024-05-20,CUST1646,Premium,North,Beauty,Sunscreen,1,2407,2407,,,,UPI,0
104017,2023-06-13,CUST1627,Wholesale,East,Electronics,Smartphone,1,26767,26767,10.0,2676.7,24090.3,UPI,0
104018,2023-09-04,CUST1888,Premium,North,Sports,Yoga Mat,2,2096,4192,15.0,628.8,3563.2,Credit Card,0
104019,2024-11-26,CUST1751,Premium,North,Electronics,Headphones,1,51833,51833,15.0,7774.95,44058.05,Net Banking,1
104020,2023-09-08,CUST2424,Regular,South,Electronics,Tablet,2,40481,80962,20.0,16192.4,64769.6,UPI,0
104021,2024-09-10,CUST1056,Premium,South,Electronics,Laptop,2,7901,15802,0.0,0.0,15802.0,Debit Card,0
104022,2023-01-08,CUST1870,Regular,South,Electronics,Smartphone,5,44501,222505,5.0,11125.25,211379.75,Credit Card,1
104023,2023-06-28,CUST2970,New,North,Home & Kitchen,Vacuum Cleaner,1,5013,5013,10.0,501.3,4511.7,UPI,0
104024,2023-04-27,CUST1239,Premium,West,Home & Kitchen,Mixer Grinder,4,8874,35496,5.0,1774.8,33721.2,Debit Card,0
104025,2024-12-07,CUST2042,Regular,North,Sports,Running Shoes,1,4866,4866,5.0,243.3,4622.7,Net Banking,0
104026,2023-02-24,CUST1827,Regular,East,Electronics,Tablet,2,17059,34118,15.0,5117.7,29000.3,UPI,0
104027,2023-10-17,CUST1102,Regular,East,Sports,Yoga Mat,1,1427,1427,30.0,428.1,998.9,Cash on Delivery,1
104028,2024-01-19,CUST2434,Regular,West,Sports,Dumbbell Set,1,2412,2412,20.0,482.4,1929.6,Credit Card,0
104029,2023-07-11,CUST1404,Premium,Central,Beauty,Lipstick,1,325,325,5.0,16.25,308.75,Credit Card,0
104030,2024-03-23,CUST1685,Wholesale,East,Beauty,Sunscreen,3,828,2484,20.0,496.8,1987.2,Debit Card,0
104031,2024-01-31,CUST2773,Premium,South,Beauty,Face Cream,1,1792,1792,5.0,89.6,1702.4,Credit Card,1
104032,2024-04-24,CUST3077,Premium,North,Sports,Running Shoes,2,1970,3940,10.0,394.0,3546.0,Cash on Delivery,0
104033,2024-02-11,CUST2224,Regular,South,Home & Kitchen,Cookware Set,1,4631,4631,10.0,463.1,4167.9,Cash on Delivery,0
104034,2023-03-27,CUST1317,Wholesale,North,Beauty,Perfume,1,1308,1308,,,,Net Banking,0
104035,2024-09-14,CUST1010,Premium,East,Sports,Cricket Bat,2,725,1450,0.0,0.0,1450.0,UPI,0
104036,2024-06-24,CUST1953,New,East,Home & Kitchen,Bedsheet Set,1,9774,9774,20.0,1954.8,7819.2,Net Banking,0
104037,2024-05-23,CUST1930,Regular,East,Sports,Cricket Bat,4,905,3620,15.0,543.0,3077.0,Cash on Delivery,1
104038,2023-01-25,CUST2342,New,South,Beauty,Lipstick,1,315,315,10.0,31.5,283.5,Credit Card,0
104039,2023-01-08,CUST1563,Regular,South,Electronics,Smartwatch,1,12209,12209,0.0,0.0,12209.0,UPI,0
104040,2024-07-15,CUST1645,Wholesale,South,Apparel,Dress,1,882,882,,,,Net Banking,0
104041,2023-03-06,CUST3443,Premium,South,Apparel,Jacket,1,2149,2149,5.0,107.45,2041.55,Credit Card,0
104042,2023-02-10,CUST2118,New,East,Home & Kitchen,Mixer Grinder,2,1479,2958,10.0,295.8,2662.2,Credit Card,1
104043,2024-05-01,CUST2801,Wholesale,South,Electronics,Smartphone,2,31704,63408,10.0,6340.8,57067.2,Cash on Delivery,0
104044,2024-08-03,CUST2042,Regular,Central,Beauty,Sunscreen,1,516,516,5.0,25.8,490.2,Debit Card,0
104045,2023-02-27,CUST3221,Premium,Central,Beauty,Sunscreen,2,1369,2738,0.0,0.0,2738.0,Cash on Delivery,0
104046,2024-11-04,CUST2373,Regular,West,Sports,Yoga Mat,1,6669,6669,10.0,666.9,6002.1,Credit Card,0
104047,2024-12-16,CUST2385,Regular,South,Beauty,Lipstick,1,2053,2053,0.0,0.0,2053.0,UPI,0
104048,2023-05-13,CUST1387,Regular,East,Home & Kitchen,Bedsheet Set,1,1274,1274,5.0,63.7,1210.3,Credit Card,0
104049,2024-04-05,CUST1624,Regular,South,Beauty,Perfume,1,2061,2061,10.0,206.1,1854.9,Net Banking,0
104050,2024-11-12,CUST2803,New,South,Apparel,Dress,1,1430,1430,15.0,214.5,1215.5,Debit Card,0
104051,2024-04-16,CUST1747,Premium,Central,Apparel,Jacket,1,1176,1176,10.0,117.6,1058.4,Cash on Delivery,0
104052,2024-06-28,CUST2878,Premium,North,Home & Kitchen,Bedsheet Set,1,8570,8570,10.0,857.0,7713.0,Net Banking,0
104053,2023-06-25,CUST1065,Regular,South,Sports,Cycling Helmet,1,6239,6239,10.0,623.9,5615.1,Credit Card,0
104054,2023-06-17,CUST3483,Premium,North,Home & Kitchen,Mixer Grinder,1,4776,4776,0.0,0.0,4776.0,Credit Card,0
104055,2024-06-25,CUST3282,New,West,Home & Kitchen,Air Fryer,1,5485,5485,10.0,548.5,4936.5,Net Banking,0
104056,2023-08-27,CUST3264,Regular,South,Home & Kitchen,Air Fryer,2,6482,12964,10.0,1296.4,11667.6,Net Banking,0
104057,2024-03-02,CUST1924,Regular,South,Beauty,Lipstick,2,2088,4176,15.0,626.4,3549.6,Debit Card,0
104058,2023-08-29,CUST2006,Regular,West,Home & Kitchen,Mixer Grinder,1,3389,3389,20.0,677.8,2711.2,Debit Card,0
104059,2023-10-04,CUST2406,Premium,West,Electronics,Smartphone,1,18657,18657,20.0,3731.4,14925.6,UPI,0
104060,2023-07-01,CUST2492,Wholesale,North,Beauty,Shampoo,1,2429,2429,10.0,242.9,2186.1,Net Banking,0
104061,2024-04-15,CUST2255,New,Central,Electronics,Headphones,1,19583,19583,10.0,1958.3,17624.7,Cash on Delivery,0
104062,2023-07-28,CUST2085,New,North,Home & Kitchen,Vacuum Cleaner,2,2069,4138,15.0,620.7,3517.3,UPI,0
104063,2023-10-28,CUST3176,New,North,Sports,Cricket Bat,2,6769,13538,15.0,2030.7,11507.3,Cash on Delivery,0
104064,2023-11-03,CUST1455,Premium,North,Apparel,Jacket,3,1373,4119,15.0,617.85,3501.15,UPI,0
104065,2023-05-06,CUST1729,New,West,Beauty,Perfume,4,861,3444,30.0,1033.2,2410.8,Debit Card,1
104066,2024-08-23,CUST3163,New,West,Sports,Cycling Helmet,1,6467,6467,0.0,0.0,6467.0,Debit Card,0
104067,2024-05-22,CUST1488,Regular,North,Home & Kitchen,Bedsheet Set,4,6700,26800,,,,UPI,0
104068,2023-09-25,CUST1960,New,South,Home & Kitchen,Mixer Grinder,4,4408,17632,30.0,5289.6,12342.4,Cash on Delivery,1
104069,2023-02-19,CUST1105,Regular,South,Home & Kitchen,Air Fryer,1,3610,3610,15.0,541.5,3068.5,Net Banking,0
104070,2024-05-30,CUST2572,Regular,West,Electronics,Laptop,2,17949,35898,20.0,7179.6,28718.4,Credit Card,0
104071,2023-06-22,CUST2723,New,Central,Home & Kitchen,Cookware Set,2,11215,22430,10.0,2243.0,20187.0,,0
104072,2024-08-27,CUST3486,New,North,Beauty,Face Cream,1,1842,1842,10.0,184.2,1657.8,Net Banking,0
104073,2023-04-15,CUST2090,Premium,North,Apparel,T-Shirt,1,2411,2411,5.0,120.55,2290.45,UPI,0
104074,2024-03-24,CUST1782,Regular,North,Electronics,Headphones,1,39596,39596,0.0,0.0,39596.0,,0
104075,2023-03-25,CUST3216,New,North,Beauty,Face Cream,1,916,916,0.0,0.0,916.0,Credit Card,0
104076,2024-03-01,CUST2082,Regular,West,Sports,Dumbbell Set,1,992,992,10.0,99.2,892.8,UPI,0
104077,2024-12-19,CUST2559,Regular,East,Sports,Cycling Helmet,2,7467,14934,20.0,2986.8,11947.2,UPI,0
104078,2024-09-24,CUST2171,Premium,South,Sports,Running Shoes,2,765,1530,10.0,153.0,1377.0,Credit Card,0
104079,2023-03-28,CUST1694,Premium,West,Home & Kitchen,Vacuum Cleaner,3,7226,21678,15.0,3251.7,18426.3,Credit Card,0
104080,2023-09-10,CUST2319,Regular,Central,Sports,Running Shoes,3,1889,5667,10.0,566.7,5100.3,Net Banking,0
104081,2024-09-05,CUST3006,Regular,Central,Sports,Cricket Bat,1,6214,6214,20.0,1242.8,4971.2,UPI,0
104082,2024-12-20,CUST2921,New,South,Sports,Cycling Helmet,5,3285,16425,15.0,2463.75,13961.25,UPI,0
104083,2024-11-06,CUST1408,Regular,North,Sports,Cycling Helmet,2,4133,8266,5.0,413.3,7852.7,UPI,1
104084,2023-02-11,CUST1941,Premium,East,Home & Kitchen,Bedsheet Set,3,5266,15798,10.0,1579.8,14218.2,UPI,0
104085,2024-08-06,CUST3259,Regular,Central,Electronics,Laptop,3,23847,71541,20.0,14308.2,57232.8,UPI,0
104086,2024-10-09,CUST2258,Premium,South,Beauty,Sunscreen,1,211,211,15.0,31.65,179.35,UPI,0
104087,2024-11-23,CUST3049,Wholesale,East,Beauty,Lipstick,4,485,1940,20.0,388.0,1552.0,Cash on Delivery,0
104088,2023-10-25,CUST1425,Wholesale,West,Apparel,Sneakers,2,3116,6232,5.0,311.6,5920.4,Cash on Delivery,0
104089,2024-06-23,CUST3484,Wholesale,North,Electronics,Laptop,3,57507,172521,5.0,8626.05,163894.95,Credit Card,0
104090,2024-10-10,CUST2927,Regular,North,Apparel,Jacket,2,1929,3858,5.0,192.9,3665.1,Credit Card,0
104091,2024-04-09,CUST2321,New,South,Sports,Cricket Bat,2,6085,12170,0.0,0.0,12170.0,UPI,0
104092,2024-04-14,CUST1633,Premium,South,Apparel,Sneakers,1,3921,3921,0.0,0.0,3921.0,Cash on Delivery,0
104093,2023-12-05,CUST1210,Regular,West,Electronics,Laptop,1,12676,12676,5.0,633.8,12042.2,Credit Card,0
104094,2023-03-26,CUST2121,Premium,West,Beauty,Perfume,3,2117,6351,5.0,317.55,6033.45,Debit Card,0
104095,2024-07-30,CUST3309,Regular,Central,Beauty,Perfume,5,1777,8885,30.0,2665.5,6219.5,Credit Card,0
104096,2024-09-23,CUST1241,Regular,North,Electronics,Laptop,1,5446,5446,10.0,544.6,4901.4,Credit Card,0
104097,2024-07-27,CUST2310,New,South,Home & Kitchen,Mixer Grinder,1,2145,2145,10.0,214.5,1930.5,UPI,0
104098,2024-04-26,CUST3491,New,South,Home & Kitchen,Cookware Set,2,9702,19404,5.0,970.2,18433.8,UPI,0
104099,2024-05-08,CUST2779,New,East,Beauty,Shampoo,2,1314,2628,20.0,525.6,2102.4,Credit Card,0
104100,2023-06-21,CUST2079,New,North,Electronics,Headphones,2,5402,10804,5.0,540.2,10263.8,Credit Card,0
104101,2024-02-22,CUST1735,Premium,East,Electronics,Smartphone,3,36051,108153,20.0,21630.6,86522.4,Credit Card,0
104102,2024-10-28,CUST1270,Premium,South,Beauty,Perfume,4,1045,4180,15.0,627.0,3553.0,Credit Card,0
104103,2024-05-07,CUST2152,Premium,East,Electronics,Smartwatch,2,4663,9326,0.0,0.0,9326.0,Debit Card,0
104104,2023-03-30,CUST3477,Regular,South,Sports,Cricket Bat,3,944,2832,5.0,141.6,2690.4,UPI,0
104105,2023-07-23,CUST1128,Regular,North,Electronics,Laptop,1,32382,32382,20.0,6476.4,25905.6,Credit Card,0
104106,2024-08-17,CUST2704,Wholesale,South,Apparel,Sneakers,1,3369,3369,5.0,168.45,3200.55,Credit Card,0
104107,2023-12-17,CUST2024,Premium,North,Beauty,Lipstick,3,1373,4119,0.0,0.0,4119.0,Cash on Delivery,0
104108,2024-05-31,CUST1441,Premium,South,Electronics,Tablet,3,23180,69540,15.0,10431.0,59109.0,Credit Card,0
104109,2023-02-21,CUST3201,Regular,East,Apparel,Sneakers,1,1236,1236,0.0,0.0,1236.0,UPI,0
104110,2024-09-25,CUST1286,Regular,East,Apparel,Jeans,1,1421,1421,0.0,0.0,1421.0,Cash on Delivery,0
104111,2023-11-15,CUST2770,Wholesale,East,Sports,Cricket Bat,4,687,2748,10.0,274.8,2473.2,Debit Card,0
104112,2023-05-22,CUST2216,Premium,East,Beauty,Face Cream,3,584,1752,0.0,0.0,1752.0,Credit Card,0
104113,2023-11-10,CUST2044,Premium,East,Sports,Running Shoes,1,2840,2840,15.0,426.0,2414.0,UPI,0
104114,2024-11-07,CUST1219,New,West,Apparel,Sneakers,5,3999,19995,20.0,3999.0,15996.0,UPI,0
104115,2024-03-23,CUST2479,Regular,North,Sports,Cricket Bat,3,1874,5622,15.0,843.3,4778.7,Credit Card,0
104116,2024-06-03,CUST3173,Premium,South,Sports,Dumbbell Set,1,3565,3565,10.0,356.5,3208.5,UPI,0
104117,2024-07-26,CUST2573,Premium,West,Sports,Yoga Mat,1,7300,7300,15.0,1095.0,6205.0,Cash on Delivery,1
104118,2024-11-25,CUST2200,New,Central,Home & Kitchen,Bedsheet Set,1,10367,10367,20.0,2073.4,8293.6,Debit Card,0
104119,2023-11-02,CUST1297,New,East,Beauty,Perfume,1,1125,1125,15.0,168.75,956.25,Credit Card,0
104120,2024-01-15,CUST3022,Regular,South,Apparel,Jacket,3,1039,3117,10.0,311.7,2805.3,Credit Card,0
104121,2023-01-10,CUST2233,Regular,East,Electronics,Tablet,1,40030,40030,20.0,8006.0,32024.0,Credit Card,0
104122,2024-01-20,CUST2407,New,West,Beauty,Face Cream,1,1085,1085,10.0,108.5,976.5,Cash on Delivery,0
104123,2023-02-15,CUST1132,Regular,East,Apparel,Dress,1,514,514,10.0,51.4,462.6,Cash on Delivery,0
104124,2024-10-12,CUST1907,Premium,Central,Beauty,Shampoo,1,325,325,5.0,16.25,308.75,UPI,0
104125,2024-11-10,CUST2098,Premium,West,Home & Kitchen,Mixer Grinder,2,10424,20848,15.0,3127.2,17720.8,UPI,1
104126,2023-12-25,CUST1824,Regular,East,Beauty,Perfume,1,1564,1564,20.0,312.8,1251.2,Credit Card,0
104127,2023-05-09,CUST2732,Regular,North,Sports,Running Shoes,4,1239,4956,0.0,0.0,4956.0,UPI,0
104128,2024-02-05,CUST2703,Regular,South,Sports,Cycling Helmet,3,1399,4197,0.0,0.0,4197.0,Net Banking,0
104129,2024-11-24,CUST3316,Wholesale,South,Beauty,Face Cream,1,2442,2442,15.0,366.3,2075.7,UPI,0
104130,2023-09-03,CUST1489,Premium,North,Beauty,Shampoo,1,207,207,10.0,20.7,186.3,Net Banking,0
104131,2024-12-13,CUST1767,Premium,East,Beauty,Face Cream,1,998,998,10.0,99.8,898.2,Debit Card,0
104132,2023-05-15,CUST1526,New,South,Home & Kitchen,Vacuum Cleaner,1,3234,3234,0.0,0.0,3234.0,Credit Card,0
104133,2023-03-25,CUST3374,Premium,West,Apparel,Sneakers,1,2247,2247,20.0,449.4,1797.6,Net Banking,1
104134,2024-05-12,CUST1811,New,West,Sports,Cricket Bat,4,5640,22560,15.0,3384.0,19176.0,Credit Card,1
104135,2023-03-29,CUST1839,New,East,Sports,Running Shoes,1,4552,4552,5.0,227.6,4324.4,Credit Card,0
104136,2024-02-03,CUST1962,Premium,North,Sports,Dumbbell Set,1,6494,6494,20.0,1298.8,5195.2,Credit Card,0
104137,2023-01-05,CUST1442,Regular,East,Electronics,Laptop,1,33132,33132,5.0,1656.6,31475.4,Credit Card,0
104138,2024-09-12,CUST3146,Regular,East,Electronics,Tablet,1,55599,55599,5.0,2779.95,52819.05,Debit Card,0
104139,2024-01-07,CUST2692,Premium,Central,Home & Kitchen,Cookware Set,1,872,872,20.0,174.4,697.6,UPI,0
104140,2023-07-13,CUST2185,Regular,West,Home & Kitchen,Air Fryer,2,11304,22608,10.0,2260.8,20347.2,Debit Card,0
104141,2023-06-20,CUST1144,Regular,South,Sports,Cycling Helmet,2,7047,14094,0.0,0.0,14094.0,,0
104142,2023-08-11,CUST2820,Regular,Central,Apparel,Sneakers,1,475,475,20.0,95.0,380.0,UPI,0
104143,2023-11-08,CUST2692,Premium,East,Beauty,Shampoo,1,671,671,20.0,134.2,536.8,UPI,0
104144,2023-03-24,CUST2758,Premium,East,Electronics,Tablet,1,35241,35241,10.0,3524.1,31716.9,UPI,0
104145,2024-11-19,CUST1262,Regular,South,Sports,Cricket Bat,5,5917,29585,5.0,1479.25,28105.75,Debit Card,1
104146,2024-12-28,CUST1856,New,West,Electronics,Smartphone,1,44482,44482,0.0,0.0,44482.0,UPI,0
104147,2024-10-14,CUST2966,Regular,Central,Beauty,Lipstick,1,1756,1756,20.0,351.2,1404.8,Debit Card,0
104148,2023-06-29,CUST2377,Regular,North,Sports,Yoga Mat,1,7455,7455,0.0,0.0,7455.0,Net Banking,0
104149,2023-01-11,CUST2139,Premium,Central,Apparel,Jeans,2,2412,4824,0.0,0.0,4824.0,Net Banking,0
104150,2023-02-01,CUST1636,Regular,North,Apparel,Sneakers,2,1295,2590,0.0,0.0,2590.0,Debit Card,0
104151,2024-12-28,CUST2402,New,West,Home & Kitchen,Vacuum Cleaner,1,8143,8143,20.0,1628.6,6514.4,UPI,0
104152,2023-02-18,CUST1515,Regular,Central,Apparel,T-Shirt,1,2049,2049,10.0,204.9,1844.1,Credit Card,0
104153,2024-12-18,CUST2456,Regular,North,Beauty,Perfume,1,1346,1346,15.0,201.9,1144.1,Debit Card,0
104154,2023-06-13,CUST2343,Premium,West,Sports,Cycling Helmet,1,7949,7949,,,,Cash on Delivery,1
104155,2023-05-04,CUST1347,Premium,North,Home & Kitchen,Bedsheet Set,1,8937,8937,10.0,893.7,8043.3,UPI,0
104156,2024-02-23,CUST1548,New,East,Home & Kitchen,Air Fryer,1,6475,6475,0.0,0.0,6475.0,UPI,0
104157,2024-12-21,CUST1097,New,West,Beauty,Face Cream,1,1492,1492,5.0,74.6,1417.4,UPI,0
104158,2023-05-15,CUST2048,Wholesale,East,Sports,Cricket Bat,4,2054,8216,0.0,0.0,8216.0,Credit Card,0
104159,2023-11-24,CUST3221,Wholesale,North,Beauty,Lipstick,4,1768,7072,5.0,353.6,6718.4,UPI,0
104160,2024-07-02,CUST2505,Regular,East,Beauty,Perfume,5,289,1445,10.0,144.5,1300.5,Debit Card,0
104161,2024-08-31,CUST2493,Premium,North,Home & Kitchen,Air Fryer,3,9247,27741,5.0,1387.05,26353.95,Credit Card,0
104162,2024-08-28,CUST2700,Regular,South,Apparel,Sneakers,1,462,462,0.0,0.0,462.0,Credit Card,0
104163,2024-01-28,CUST3190,Regular,West,Electronics,Tablet,1,52290,52290,0.0,0.0,52290.0,Cash on Delivery,0
104164,2023-02-12,CUST1879,Premium,East,Beauty,Shampoo,1,269,269,10.0,26.9,242.1,Debit Card,0
104165,2024-07-17,CUST1900,New,South,Sports,Yoga Mat,1,3744,3744,15.0,561.6,3182.4,Net Banking,0
104166,2024-03-29,CUST2537,Regular,East,Apparel,T-Shirt,1,3049,3049,0.0,0.0,3049.0,Cash on Delivery,0
104167,2024-01-06,CUST2661,Wholesale,West,Beauty,Lipstick,4,562,2248,0.0,0.0,2248.0,,0
104168,2024-11-06,CUST2601,Wholesale,East,Home & Kitchen,Air Fryer,1,3975,3975,5.0,198.75,3776.25,Credit Card,0
104169,2024-04-06,CUST2399,Regular,South,Apparel,Dress,1,710,710,10.0,71.0,639.0,Cash on Delivery,0
104170,2023-10-05,CUST3119,Premium,North,Beauty,Sunscreen,1,1137,1137,20.0,227.4,909.6,Cash on Delivery,0
104171,2024-05-29,CUST3415,Regular,North,Beauty,Sunscreen,1,1503,1503,0.0,0.0,1503.0,Debit Card,0
104172,2023-06-30,CUST1133,Wholesale,South,Beauty,Lipstick,1,2178,2178,10.0,217.8,1960.2,UPI,0
104173,2024-07-31,CUST2292,Wholesale,East,Home & Kitchen,Bedsheet Set,2,1031,2062,0.0,0.0,2062.0,Net Banking,0
104174,2024-09-14,CUST3126,New,West,Beauty,Face Cream,2,377,754,10.0,75.4,678.6,Cash on Delivery,0
104175,2024-06-02,CUST2646,Regular,North,Home & Kitchen,Vacuum Cleaner,1,4597,4597,5.0,229.85,4367.15,UPI,0
104176,2024-08-09,CUST2302,Premium,East,Apparel,Dress,1,532,532,30.0,159.6,372.4,Credit Card,0
104177,2024-08-12,CUST2203,Regular,Central,Beauty,Lipstick,1,737,737,0.0,0.0,737.0,,0
104178,2023-05-09,CUST3387,Regular,West,Sports,Cricket Bat,1,5663,5663,5.0,283.15,5379.85,Debit Card,0
104179,2024-11-02,CUST1680,Premium,Central,Electronics,Laptop,1,51025,51025,30.0,15307.5,35717.5,UPI,0
104180,2024-11-08,CUST3415,Regular,West,Sports,Cricket Bat,1,5126,5126,10.0,512.6,4613.4,Cash on Delivery,0
104181,2023-02-07,CUST2762,Wholesale,Central,Apparel,Jeans,2,2684,5368,10.0,536.8,4831.2,Net Banking,0
104182,2023-02-07,CUST1827,Premium,Central,Beauty,Shampoo,1,1461,1461,10.0,146.1,1314.9,Debit Card,0
104183,2023-11-14,CUST1796,Regular,South,Electronics,Laptop,1,38473,38473,15.0,5770.95,32702.05,Credit Card,0
104184,2023-01-22,CUST1837,New,East,Sports,Yoga Mat,4,1819,7276,10.0,727.6,6548.4,UPI,0
104185,2024-10-10,CUST1018,Wholesale,East,Sports,Running Shoes,2,6661,13322,30.0,3996.6,9325.4,UPI,0
104186,2024-04-28,CUST1431,Premium,East,Electronics,Headphones,2,21745,43490,0.0,0.0,43490.0,UPI,0
104187,2023-03-21,CUST3020,Regular,North,Beauty,Sunscreen,1,1942,1942,5.0,97.1,1844.9,Credit Card,0
104188,2023-03-15,CUST1932,New,Central,Sports,Dumbbell Set,3,5027,15081,20.0,3016.2,12064.8,Credit Card,0
104189,2023-03-02,CUST1760,Regular,South,Apparel,Dress,4,1709,6836,10.0,683.6,6152.4,Credit Card,0
104190,2023-09-01,CUST1695,Regular,North,Electronics,Laptop,4,28870,115480,5.0,5774.0,109706.0,Credit Card,0
104191,2023-09-30,CUST1775,Premium,North,Sports,Running Shoes,3,3298,9894,0.0,0.0,9894.0,Debit Card,0
104192,2024-02-19,CUST2266,Wholesale,North,Home & Kitchen,Bedsheet Set,1,8609,8609,10.0,860.9,7748.1,UPI,0
104193,2023-11-20,CUST2217,Wholesale,Central,Apparel,Sneakers,4,3535,14140,20.0,2828.0,11312.0,Credit Card,0
104194,2024-11-25,CUST3472,Premium,Central,Sports,Cycling Helmet,2,6400,12800,10.0,1280.0,11520.0,Credit Card,0
104195,2024-08-10,CUST2288,New,West,Electronics,Smartphone,1,55001,55001,30.0,16500.3,38500.7,Net Banking,0
104196,2024-03-19,CUST2722,Regular,South,Beauty,Shampoo,1,1560,1560,10.0,156.0,1404.0,UPI,0
104197,2024-05-21,CUST3064,New,Central,Electronics,Headphones,2,5450,10900,15.0,1635.0,9265.0,Credit Card,0
104198,2023-08-03,CUST2310,Premium,West,Electronics,Tablet,1,16136,16136,10.0,1613.6,14522.4,Credit Card,0
104199,2024-06-05,CUST1846,Premium,South,Beauty,Face Cream,5,1559,7795,0.0,0.0,7795.0,Cash on Delivery,0
104200,2024-07-07,CUST1219,Regular,West,Sports,Dumbbell Set,1,1633,1633,15.0,244.95,1388.05,UPI,0
104201,2023-12-14,CUST1546,Premium,East,Electronics,Headphones,1,58095,58095,15.0,8714.25,49380.75,Debit Card,0
104202,2024-02-17,CUST1595,Regular,East,Apparel,Dress,2,430,860,5.0,43.0,817.0,Debit Card,0
104203,2024-04-20,CUST3094,Premium,South,Electronics,Smartwatch,1,8715,8715,10.0,871.5,7843.5,UPI,0
104204,2024-10-09,CUST1883,Premium,South,Beauty,Sunscreen,4,2121,8484,10.0,848.4,7635.6,Cash on Delivery,0
104205,2024-10-09,CUST2818,Wholesale,East,Beauty,Face Cream,2,1561,3122,20.0,624.4,2497.6,Credit Card,0
104206,2024-12-12,CUST3342,Regular,West,Apparel,Sneakers,1,793,793,30.0,237.9,555.1,UPI,0
104207,2023-10-15,CUST2604,Premium,East,Electronics,Laptop,1,47486,47486,20.0,9497.2,37988.8,UPI,1
104208,2023-07-09,CUST2507,Regular,North,Home & Kitchen,Cookware Set,1,4907,4907,5.0,245.35,4661.65,UPI,0
104209,2023-10-12,CUST1979,Regular,South,Electronics,Tablet,5,41668,208340,10.0,20834.0,187506.0,Net Banking,0
104210,2023-03-29,CUST1649,Wholesale,South,Home & Kitchen,Mixer Grinder,3,6487,19461,,,,Debit Card,0
104211,2024-06-01,CUST2829,Regular,East,Apparel,Sneakers,2,1181,2362,15.0,354.3,2007.7,UPI,0
104212,2024-08-16,CUST2788,Regular,East,Sports,Running Shoes,2,7285,14570,5.0,728.5,13841.5,UPI,0
104213,2024-10-31,CUST2670,Premium,South,Apparel,T-Shirt,5,1005,5025,10.0,502.5,4522.5,Credit Card,0
104214,2024-07-03,CUST3145,Premium,South,Home & Kitchen,Air Fryer,1,4245,4245,5.0,212.25,4032.75,Debit Card,0
104215,2024-07-05,CUST2185,Regular,North,Apparel,Jeans,2,2761,5522,0.0,0.0,5522.0,Net Banking,0
104216,2024-02-09,CUST2202,Regular,North,Beauty,Shampoo,2,1774,3548,0.0,0.0,3548.0,Net Banking,0
104217,2024-02-01,CUST1849,Regular,West,Electronics,Smartphone,2,32242,64484,10.0,6448.4,58035.6,UPI,0
104218,2024-12-18,CUST3338,Regular,Central,Beauty,Perfume,1,1313,1313,15.0,196.95,1116.05,Net Banking,0
104219,2023-03-24,CUST1389,New,South,Electronics,Smartwatch,1,54388,54388,15.0,8158.2,46229.8,Cash on Delivery,0
104220,2023-03-04,CUST3146,Regular,East,Electronics,Smartwatch,1,28504,28504,0.0,0.0,28504.0,UPI,0
104221,2023-10-08,CUST2549,Regular,North,Home & Kitchen,Vacuum Cleaner,1,5553,5553,15.0,832.95,4720.05,Credit Card,0
104222,2023-06-05,CUST1149,Regular,North,Apparel,Dress,1,711,711,0.0,0.0,711.0,UPI,0
104223,2024-01-27,CUST2715,Wholesale,South,Beauty,Face Cream,1,898,898,15.0,134.7,763.3,,0
104224,2024-08-28,CUST1433,Wholesale,East,Electronics,Smartphone,3,30479,91437,5.0,4571.85,86865.15,Credit Card,0
104225,2024-01-24,CUST2179,Regular,South,Apparel,Jacket,1,697,697,0.0,0.0,697.0,Debit Card,0
104226,2023-11-24,CUST2121,New,West,Beauty,Shampoo,3,461,1383,15.0,207.45,1175.55,Debit Card,0
104227,2023-06-06,CUST2887,Premium,North,Apparel,Dress,1,1198,1198,5.0,59.9,1138.1,UPI,0
104228,2023-03-20,CUST1104,New,South,Electronics,Smartphone,2,46524,93048,,,,Net Banking,0
104229,2023-12-21,CUST1815,New,West,Electronics,Smartwatch,2,29924,59848,10.0,5984.8,53863.2,Debit Card,0
104230,2023-05-05,CUST1699,Wholesale,North,Beauty,Face Cream,3,1447,4341,10.0,434.1,3906.9,Cash on Delivery,0
104231,2024-07-30,CUST3079,New,North,Sports,Dumbbell Set,1,1782,1782,,,,Credit Card,0
104232,2024-11-18,CUST2450,Premium,West,Sports,Yoga Mat,3,889,2667,5.0,133.35,2533.65,Debit Card,0
104233,2023-05-23,CUST3487,Wholesale,South,Electronics,Smartwatch,1,58708,58708,10.0,5870.8,52837.2,Credit Card,0
104234,2024-03-16,CUST1556,New,Central,Apparel,Jacket,2,3885,7770,0.0,0.0,7770.0,Credit Card,0
104235,2023-10-13,CUST1691,Regular,West,Sports,Yoga Mat,4,943,3772,10.0,377.2,3394.8,UPI,0
104236,2024-01-10,CUST3298,Regular,North,Electronics,Laptop,1,33373,33373,10.0,3337.3,30035.7,Cash on Delivery,0
104237,2023-08-24,CUST1862,Wholesale,South,Sports,Cricket Bat,4,4447,17788,20.0,3557.6,14230.4,Debit Card,1
104238,2024-09-02,CUST1107,Regular,Central,Sports,Cycling Helmet,1,6540,6540,0.0,0.0,6540.0,Cash on Delivery,0
104239,2024-06-19,CUST3419,Premium,South,Beauty,Perfume,1,2429,2429,5.0,121.45,2307.55,Credit Card,0
104240,2024-10-26,CUST3093,Regular,West,Electronics,Tablet,1,22427,22427,10.0,2242.7,20184.3,UPI,0
104241,2024-05-22,CUST2999,Regular,East,Electronics,Headphones,1,39809,39809,30.0,11942.7,27866.3,Credit Card,0
104242,2023-06-24,CUST1948,New,West,Electronics,Smartphone,5,41758,208790,15.0,31318.5,177471.5,UPI,0
104243,2024-08-04,CUST2049,Premium,South,Electronics,Smartphone,1,32411,32411,15.0,4861.65,27549.35,UPI,0
104244,2024-01-01,CUST1852,New,North,Beauty,Sunscreen,1,2320,2320,5.0,116.0,2204.0,Net Banking,0
104245,2024-05-05,CUST2550,New,West,Home & Kitchen,Vacuum Cleaner,2,7433,14866,15.0,2229.9,12636.1,UPI,0
104246,2023-03-01,CUST2787,Premium,North,Home & Kitchen,Air Fryer,1,3224,3224,5.0,161.2,3062.8,,0
104247,2024-06-13,CUST3398,New,North,Sports,Dumbbell Set,1,7382,7382,0.0,0.0,7382.0,UPI,0
104248,2024-10-02,CUST1560,Premium,North,Home & Kitchen,Mixer Grinder,4,10316,41264,15.0,6189.6,35074.4,UPI,0
104249,2024-02-10,CUST2186,Premium,South,Sports,Cricket Bat,1,6151,6151,20.0,1230.2,4920.8,Credit Card,0
104250,2024-07-26,CUST2883,Premium,North,Electronics,Laptop,1,45175,45175,15.0,6776.25,38398.75,Debit Card,0
104251,2023-11-19,CUST2096,Regular,West,Apparel,Jacket,1,3052,3052,15.0,457.8,2594.2,Cash on Delivery,0
104252,2023-06-10,CUST2465,Regular,West,Sports,Cycling Helmet,3,593,1779,5.0,88.95,1690.05,UPI,0
104253,2023-09-04,CUST1770,New,East,Sports,Cricket Bat,1,4775,4775,30.0,1432.5,3342.5,UPI,0
104254,2023-07-05,CUST2040,New,South,Sports,Cycling Helmet,1,6273,6273,0.0,0.0,6273.0,Credit Card,0
104255,2024-09-26,CUST2841,Regular,Central,Sports,Running Shoes,3,3195,9585,0.0,0.0,9585.0,UPI,0
104256,2024-04-19,CUST1277,Premium,North,Electronics,Headphones,1,51363,51363,10.0,5136.3,46226.7,Credit Card,0
104257,2024-09-09,CUST3496,Premium,West,Home & Kitchen,Vacuum Cleaner,1,7179,7179,10.0,717.9,6461.1,Credit Card,0
104258,2024-01-30,CUST2644,Premium,West,Electronics,Smartphone,1,44971,44971,0.0,0.0,44971.0,UPI,0
104259,2024-07-08,CUST2285,Premium,West,Sports,Yoga Mat,1,7138,7138,20.0,1427.6,5710.4,UPI,0
104260,2024-03-15,CUST1426,New,North,Sports,Cricket Bat,1,7508,7508,15.0,1126.2,6381.8,Credit Card,0
104261,2024-12-02,CUST3360,Regular,West,Sports,Cycling Helmet,1,6049,6049,10.0,604.9,5444.1,UPI,0
104262,2024-08-25,CUST1287,Regular,South,Electronics,Smartwatch,2,22489,44978,10.0,4497.8,40480.2,Credit Card,0
104263,2023-05-02,CUST1452,Regular,North,Electronics,Headphones,1,36760,36760,0.0,0.0,36760.0,UPI,0
104264,2023-05-29,CUST3403,Wholesale,East,Beauty,Perfume,3,2399,7197,0.0,0.0,7197.0,UPI,0
104265,2023-05-01,CUST2057,Wholesale,West,Apparel,Sneakers,1,2702,2702,0.0,0.0,2702.0,UPI,0
104266,2024-08-14,CUST3294,New,Central,Sports,Yoga Mat,1,2893,2893,20.0,578.6,2314.4,Net Banking,0
104267,2023-12-09,CUST2705,New,North,Home & Kitchen,Cookware Set,1,4517,4517,5.0,225.85,4291.15,UPI,0
104268,2023-07-28,CUST2782,Regular,East,Electronics,Tablet,2,22528,45056,,,,Net Banking,0
104269,2024-09-29,CUST2113,New,West,Home & Kitchen,Vacuum Cleaner,1,2364,2364,5.0,118.2,2245.8,,0
104270,2023-02-07,CUST2731,Premium,South,Beauty,Perfume,1,1126,1126,5.0,56.3,1069.7,UPI,0
104271,2023-11-16,CUST1722,Premium,West,Electronics,Smartwatch,1,51879,51879,5.0,2593.95,49285.05,Credit Card,0
104272,2024-07-29,CUST2059,Premium,West,Sports,Cricket Bat,2,4214,8428,0.0,0.0,8428.0,Net Banking,0
104273,2024-08-25,CUST3443,Regular,South,Beauty,Sunscreen,5,761,3805,15.0,570.75,3234.25,Credit Card,0
104274,2024-05-06,CUST2890,Regular,North,Apparel,Sneakers,1,2984,2984,5.0,149.2,2834.8,UPI,0
104275,2024-07-27,CUST3417,Wholesale,East,Apparel,Sneakers,1,645,645,20.0,129.0,516.0,Cash on Delivery,0
104276,2023-02-26,CUST1437,New,South,Beauty,Lipstick,3,1476,4428,10.0,442.8,3985.2,,0
104277,2024-05-01,CUST1241,Premium,Central,Home & Kitchen,Cookware Set,1,5013,5013,5.0,250.65,4762.35,UPI,0
104278,2023-02-17,CUST2967,Regular,West,Home & Kitchen,Mixer Grinder,2,7501,15002,0.0,0.0,15002.0,Cash on Delivery,0
104279,2023-01-01,CUST2334,Premium,East,Beauty,Face Cream,1,2069,2069,10.0,206.9,1862.1,Credit Card,0
104280,2023-01-10,CUST2204,New,West,Beauty,Perfume,1,794,794,15.0,119.1,674.9,UPI,1
104281,2023-08-04,CUST1687,Regular,South,Sports,Cycling Helmet,1,4283,4283,5.0,214.15,4068.85,UPI,0
104282,2024-03-24,CUST1950,Regular,West,Electronics,Laptop,1,49881,49881,20.0,9976.2,39904.8,UPI,0
104283,2024-08-11,CUST1221,Premium,Central,Electronics,Headphones,1,34941,34941,10.0,3494.1,31446.9,UPI,0
104284,2023-10-17,CUST2600,New,East,Beauty,Lipstick,1,333,333,20.0,66.6,266.4,Net Banking,0
104285,2024-12-11,CUST1264,Premium,South,Electronics,Headphones,1,48032,48032,10.0,4803.2,43228.8,Debit Card,0
104286,2023-09-01,CUST1227,Regular,South,Home & Kitchen,Mixer Grinder,1,8521,8521,5.0,426.05,8094.95,UPI,0
104287,2024-12-30,CUST1732,Regular,North,Beauty,Lipstick,2,1472,2944,0.0,0.0,2944.0,UPI,0
104288,2023-10-12,CUST1682,Wholesale,North,Apparel,T-Shirt,1,3932,3932,10.0,393.2,3538.8,Debit Card,0
104289,2024-05-27,CUST3127,New,North,Beauty,Face Cream,2,199,398,5.0,19.9,378.1,Credit Card,0
104290,2023-02-02,CUST3285,Regular,South,Home & Kitchen,Air Fryer,1,2696,2696,10.0,269.6,2426.4,Debit Card,0
104291,2024-10-31,CUST1123,New,North,Sports,Running Shoes,1,1592,1592,15.0,238.8,1353.2,UPI,0
104292,2024-03-27,CUST2529,New,North,Electronics,Headphones,1,45120,45120,20.0,9024.0,36096.0,Cash on Delivery,0
104293,2023-02-06,CUST3403,Regular,Central,Sports,Running Shoes,1,1258,1258,20.0,251.6,1006.4,Net Banking,0
104294,2024-08-19,CUST2634,Regular,South,Sports,Cycling Helmet,2,5098,10196,5.0,509.8,9686.2,Cash on Delivery,0
104295,2023-09-10,CUST1357,Regular,West,Home & Kitchen,Air Fryer,4,7073,28292,5.0,1414.6,26877.4,UPI,0
104296,2024-05-09,CUST2370,New,North,Sports,Running Shoes,2,4388,8776,20.0,1755.2,7020.8,UPI,0
104297,2023-08-12,CUST2369,Regular,West,Electronics,Laptop,1,31275,31275,10.0,3127.5,28147.5,Debit Card,0
104298,2024-06-26,CUST1365,Wholesale,North,Electronics,Smartphone,3,42421,127263,0.0,0.0,127263.0,UPI,0
104299,2024-02-11,CUST1578,Regular,West,Home & Kitchen,Air Fryer,1,3236,3236,5.0,161.8,3074.2,Cash on Delivery,0
104300,2023-05-11,CUST2104,Regular,South,Home & Kitchen,Air Fryer,1,11883,11883,0.0,0.0,11883.0,,0
104301,2024-06-24,CUST3275,Premium,West,Electronics,Laptop,2,39698,79396,10.0,7939.6,71456.4,Credit Card,0
104302,2024-09-07,CUST1489,Regular,Central,Home & Kitchen,Cookware Set,3,5748,17244,10.0,1724.4,15519.6,Debit Card,0
104303,2023-05-20,CUST1074,Regular,South,Beauty,Sunscreen,1,1172,1172,15.0,175.8,996.2,Cash on Delivery,0
104304,2023-11-28,CUST3080,Premium,West,Sports,Cycling Helmet,1,3200,3200,15.0,480.0,2720.0,UPI,0
104305,2023-02-12,CUST1136,Premium,East,Sports,Yoga Mat,2,2815,5630,5.0,281.5,5348.5,UPI,0
104306,2024-07-20,CUST2769,Premium,East,Electronics,Smartphone,1,23723,23723,5.0,1186.15,22536.85,Cash on Delivery,0
104307,2024-08-28,CUST3328,Regular,West,Sports,Yoga Mat,1,1061,1061,15.0,159.15,901.85,Net Banking,0
104308,2023-11-07,CUST2761,Regular,Central,Beauty,Face Cream,2,457,914,15.0,137.1,776.9,Credit Card,0
104309,2024-04-03,CUST3318,Regular,Central,Beauty,Perfume,1,760,760,10.0,76.0,684.0,UPI,0
104310,2024-06-20,CUST3293,Regular,South,Apparel,Sneakers,1,1050,1050,20.0,210.0,840.0,Credit Card,0
104311,2023-09-27,CUST2002,Regular,South,Sports,Cricket Bat,1,536,536,0.0,0.0,536.0,Cash on Delivery,0
104312,2023-08-18,CUST1491,New,North,Electronics,Headphones,4,50330,201320,0.0,0.0,201320.0,Debit Card,0
104313,2024-03-05,CUST2414,New,Central,Beauty,Perfume,1,545,545,,,,Net Banking,0
104314,2023-02-28,CUST2440,Premium,East,Home & Kitchen,Cookware Set,2,11865,23730,10.0,2373.0,21357.0,Debit Card,0
104315,2023-02-10,CUST1520,Premium,South,Sports,Running Shoes,1,2056,2056,0.0,0.0,2056.0,UPI,0
104316,2023-08-20,CUST2692,Regular,Central,Electronics,Smartwatch,2,11182,22364,0.0,0.0,22364.0,Credit Card,0
104317,2023-04-12,CUST3064,New,South,Apparel,Dress,1,3737,3737,5.0,186.85,3550.15,UPI,0
104318,2023-01-14,CUST2511,Regular,Central,Home & Kitchen,Bedsheet Set,1,4820,4820,15.0,723.0,4097.0,Debit Card,0
104319,2023-10-05,CUST3088,Regular,East,Home & Kitchen,Cookware Set,1,8563,8563,5.0,428.15,8134.85,Debit Card,0
104320,2023-05-08,CUST2517,New,Central,Sports,Dumbbell Set,1,3554,3554,30.0,1066.2,2487.8,Debit Card,0
104321,2024-11-11,CUST3207,Wholesale,South,Sports,Running Shoes,1,6138,6138,15.0,920.7,5217.3,UPI,0
104322,2023-08-30,CUST3487,Regular,South,Electronics,Laptop,5,32302,161510,0.0,0.0,161510.0,Credit Card,0
104323,2024-12-21,CUST1549,Premium,North,Home & Kitchen,Vacuum Cleaner,1,9991,9991,5.0,499.55,9491.45,Net Banking,0
104324,2024-06-10,CUST3310,Regular,East,Electronics,Smartphone,1,57919,57919,30.0,17375.7,40543.3,Credit Card,0
104325,2023-10-31,CUST2494,New,West,Home & Kitchen,Mixer Grinder,4,7133,28532,0.0,0.0,28532.0,Net Banking,0
104326,2024-11-13,CUST1888,Premium,West,Apparel,Jacket,1,3836,3836,10.0,383.6,3452.4,UPI,0
104327,2023-07-10,CUST2738,Premium,South,Apparel,T-Shirt,2,2565,5130,15.0,769.5,4360.5,Cash on Delivery,0
104328,2024-03-08,CUST1325,Regular,South,Beauty,Perfume,4,706,2824,0.0,0.0,2824.0,UPI,0
104329,2024-11-08,CUST3284,Wholesale,South,Electronics,Headphones,3,1600,4800,10.0,480.0,4320.0,Credit Card,0
104330,2023-06-27,CUST2416,Wholesale,East,Beauty,Face Cream,4,2387,9548,15.0,1432.2,8115.8,Credit Card,0
104331,2024-10-21,CUST1531,Regular,South,Apparel,Jeans,5,3459,17295,30.0,5188.5,12106.5,UPI,0
104332,2023-05-18,CUST2033,Regular,South,Home & Kitchen,Cookware Set,1,8869,8869,15.0,1330.35,7538.65,Cash on Delivery,0
104333,2024-01-06,CUST1408,New,South,Beauty,Perfume,1,2284,2284,30.0,685.2,1598.8,UPI,0
104334,2023-10-16,CUST2622,New,West,Sports,Cricket Bat,1,2053,2053,15.0,307.95,1745.05,UPI,0
104335,2024-12-29,CUST2168,New,South,Sports,Running Shoes,2,1944,3888,0.0,0.0,3888.0,,0
104336,2024-04-18,CUST2831,New,South,Home & Kitchen,Bedsheet Set,2,4840,9680,10.0,968.0,8712.0,UPI,0
104337,2024-05-01,CUST1223,Wholesale,East,Electronics,Smartwatch,1,39263,39263,10.0,3926.3,35336.7,Credit Card,0
104338,2023-06-03,CUST2823,Regular,North,Home & Kitchen,Vacuum Cleaner,1,7676,7676,0.0,0.0,7676.0,UPI,0
104339,2024-10-22,CUST1881,New,South,Beauty,Sunscreen,3,2279,6837,15.0,1025.55,5811.45,Debit Card,0
104340,2024-02-29,CUST3399,New,East,Electronics,Laptop,1,58498,58498,5.0,2924.9,55573.1,UPI,0
104341,2023-05-19,CUST1211,Regular,South,Electronics,Smartphone,2,48184,96368,5.0,4818.4,91549.6,UPI,0
104342,2023-03-31,CUST1805,Premium,East,Sports,Cricket Bat,1,5177,5177,0.0,0.0,5177.0,UPI,0
104343,2024-06-01,CUST3021,Regular,East,Sports,Running Shoes,1,6773,6773,0.0,0.0,6773.0,UPI,0
104344,2024-11-26,CUST1553,Regular,Central,Beauty,Sunscreen,2,2419,4838,15.0,725.7,4112.3,Credit Card,1
104345,2023-01-21,CUST1728,New,Central,Electronics,Tablet,1,48561,48561,10.0,4856.1,43704.9,Cash on Delivery,0
104346,2024-05-31,CUST3400,Wholesale,East,Beauty,Lipstick,1,896,896,30.0,268.8,627.2,UPI,0
104347,2023-12-15,CUST1057,Regular,West,Electronics,Headphones,4,58322,233288,10.0,23328.8,209959.2,Debit Card,0
104348,2024-11-10,CUST2117,New,North,Sports,Yoga Mat,1,4717,4717,0.0,0.0,4717.0,Net Banking,0
104349,2023-06-10,CUST2614,Regular,West,Apparel,Sneakers,2,3158,6316,10.0,631.6,5684.4,UPI,1
104350,2024-03-09,CUST1470,Premium,East,Home & Kitchen,Cookware Set,4,9258,37032,5.0,1851.6,35180.4,Credit Card,0
104351,2024-04-12,CUST2048,New,South,Electronics,Tablet,1,31957,31957,10.0,3195.7,28761.3,Credit Card,0
104352,2023-07-30,CUST2819,Regular,North,Apparel,Jacket,2,2169,4338,15.0,650.7,3687.3,Debit Card,0
104353,2023-08-06,CUST1285,New,South,Home & Kitchen,Cookware Set,1,6285,6285,0.0,0.0,6285.0,UPI,0
104354,2023-01-10,CUST1746,Regular,North,Home & Kitchen,Bedsheet Set,1,2309,2309,10.0,230.9,2078.1,Debit Card,0
104355,2024-06-06,CUST2609,Regular,North,Electronics,Smartwatch,1,7092,7092,10.0,709.2,6382.8,UPI,0
104356,2024-12-25,CUST1369,Regular,South,Beauty,Sunscreen,1,1268,1268,5.0,63.4,1204.6,Cash on Delivery,0
104357,2024-04-15,CUST2003,Premium,West,Electronics,Laptop,1,20494,20494,5.0,1024.7,19469.3,Net Banking,0
104358,2023-02-21,CUST1591,New,West,Apparel,Jeans,1,3501,3501,0.0,0.0,3501.0,UPI,0
104359,2024-01-07,CUST3294,Premium,South,Home & Kitchen,Bedsheet Set,1,7021,7021,0.0,0.0,7021.0,,0
104360,2023-04-06,CUST2700,Regular,North,Electronics,Smartwatch,1,13025,13025,30.0,3907.5,9117.5,Net Banking,0
104361,2024-11-25,CUST1838,Regular,East,Electronics,Laptop,1,46055,46055,10.0,4605.5,41449.5,Debit Card,0
104362,2024-11-03,CUST2367,Regular,Central,Beauty,Shampoo,1,1767,1767,0.0,0.0,1767.0,Credit Card,0
104363,2024-02-08,CUST2610,Premium,North,Home & Kitchen,Vacuum Cleaner,2,1426,2852,15.0,427.8,2424.2,Credit Card,0
104364,2024-02-15,CUST1220,New,East,Apparel,T-Shirt,2,3070,6140,15.0,921.0,5219.0,Debit Card,0
104365,2024-01-03,CUST1227,Regular,West,Electronics,Smartwatch,1,18472,18472,15.0,2770.8,15701.2,Debit Card,0
104366,2023-11-04,CUST2951,New,West,Sports,Yoga Mat,2,6768,13536,5.0,676.8,12859.2,Cash on Delivery,0
104367,2024-10-08,CUST3439,Premium,East,Apparel,Dress,1,1894,1894,5.0,94.7,1799.3,Cash on Delivery,0
104368,2023-11-21,CUST3116,Regular,West,Sports,Cycling Helmet,1,6209,6209,15.0,931.35,5277.65,Debit Card,0
104369,2024-08-29,CUST2333,Premium,North,Sports,Yoga Mat,1,5488,5488,5.0,274.4,5213.6,Net Banking,0
104370,2023-10-27,CUST1429,Regular,West,Sports,Dumbbell Set,1,5880,5880,15.0,882.0,4998.0,Credit Card,0
104371,2023-08-06,CUST1263,Regular,West,Apparel,Sneakers,2,2742,5484,0.0,0.0,5484.0,,0
104372,2023-09-13,CUST1554,Premium,Central,Beauty,Sunscreen,1,460,460,15.0,69.0,391.0,Debit Card,0
104373,2024-09-14,CUST2694,Wholesale,Central,Electronics,Tablet,3,18926,56778,0.0,0.0,56778.0,Cash on Delivery,0
104374,2023-03-29,CUST2509,New,North,Beauty,Lipstick,2,2435,4870,0.0,0.0,4870.0,UPI,0
104375,2024-01-06,CUST1023,Regular,North,Apparel,Dress,2,2678,5356,0.0,0.0,5356.0,Cash on Delivery,0
104376,2024-11-13,CUST3224,Premium,North,Apparel,Jeans,2,3587,7174,5.0,358.7,6815.3,Cash on Delivery,0
104377,2024-03-25,CUST2679,Regular,Central,Sports,Cycling Helmet,1,3373,3373,15.0,505.95,2867.05,Debit Card,0
104378,2023-11-04,CUST2134,Premium,South,Beauty,Shampoo,1,1418,1418,10.0,141.8,1276.2,Credit Card,0
104379,2024-11-23,CUST1503,New,North,Home & Kitchen,Vacuum Cleaner,1,3272,3272,10.0,327.2,2944.8,,0
104380,2024-07-17,CUST2436,Regular,East,Home & Kitchen,Mixer Grinder,4,1604,6416,15.0,962.4,5453.6,Net Banking,0
104381,2023-01-27,CUST3277,Regular,Central,Home & Kitchen,Bedsheet Set,1,996,996,,,,,0
104382,2024-11-27,CUST2829,Premium,South,Beauty,Lipstick,2,1188,2376,20.0,475.2,1900.8,UPI,0
104383,2024-06-28,CUST1898,New,West,Sports,Running Shoes,2,3683,7366,10.0,736.6,6629.4,Debit Card,0
104384,2023-08-28,CUST1605,Premium,West,Home & Kitchen,Air Fryer,3,10205,30615,0.0,0.0,30615.0,Credit Card,0
104385,2023-06-09,CUST2188,Regular,North,Beauty,Shampoo,5,454,2270,,,,UPI,0
104386,2023-07-31,CUST2186,Premium,North,Sports,Running Shoes,1,3147,3147,15.0,472.05,2674.95,Cash on Delivery,1
104387,2023-01-09,CUST3308,Regular,East,Home & Kitchen,Mixer Grinder,3,2939,8817,0.0,0.0,8817.0,Debit Card,0
104388,2024-03-13,CUST2546,Regular,South,Apparel,Dress,1,1504,1504,5.0,75.2,1428.8,Cash on Delivery,0
104389,2023-01-17,CUST2220,Regular,North,Sports,Cycling Helmet,1,5468,5468,0.0,0.0,5468.0,Credit Card,0
104390,2024-05-11,CUST2844,New,East,Apparel,Sneakers,1,1894,1894,10.0,189.4,1704.6,Cash on Delivery,0
104391,2023-11-03,CUST3192,Wholesale,South,Sports,Cycling Helmet,1,4208,4208,10.0,420.8,3787.2,Cash on Delivery,0
104392,2023-09-17,CUST3312,Wholesale,North,Home & Kitchen,Vacuum Cleaner,1,10645,10645,10.0,1064.5,9580.5,Cash on Delivery,0
104393,2023-11-24,CUST1646,Premium,South,Apparel,Jacket,1,1427,1427,5.0,71.35,1355.65,Cash on Delivery,0
104394,2023-03-23,CUST1297,Regular,South,Apparel,Jeans,1,1522,1522,15.0,228.3,1293.7,Credit Card,0
104395,2024-09-27,CUST3203,New,South,Electronics,Tablet,1,51042,51042,5.0,2552.1,48489.9,Cash on Delivery,0
104396,2023-08-15,CUST2174,Regular,North,Apparel,Jeans,1,2835,2835,0.0,0.0,2835.0,,0
104397,2023-12-26,CUST3323,New,West,Electronics,Smartwatch,1,16580,16580,5.0,829.0,15751.0,Cash on Delivery,0
104398,2023-03-10,CUST2922,Regular,East,Sports,Dumbbell Set,1,3848,3848,5.0,192.4,3655.6,UPI,0
104399,2023-04-16,CUST1969,Regular,Central,Apparel,Jeans,3,1359,4077,5.0,203.85,3873.15,Cash on Delivery,0
104400,2023-07-27,CUST3218,Regular,West,Home & Kitchen,Cookware Set,1,6836,6836,10.0,683.6,6152.4,UPI,0
104401,2023-01-21,CUST1000,Regular,East,Sports,Running Shoes,1,6482,6482,10.0,648.2,5833.8,Credit Card,0
104402,2024-06-21,CUST3261,New,East,Beauty,Sunscreen,2,1482,2964,10.0,296.4,2667.6,Debit Card,0
104403,2023-05-30,CUST1899,Regular,Central,Beauty,Shampoo,1,1163,1163,0.0,0.0,1163.0,Credit Card,0
104404,2024-08-17,CUST3042,New,South,Sports,Dumbbell Set,1,723,723,0.0,0.0,723.0,UPI,0
104405,2024-05-30,CUST2817,Premium,West,Home & Kitchen,Vacuum Cleaner,5,1705,8525,0.0,0.0,8525.0,Credit Card,0
104406,2024-12-22,CUST1947,Regular,South,Apparel,Dress,1,1043,1043,20.0,208.6,834.4,UPI,0
104407,2024-12-28,CUST1973,Premium,West,Apparel,Jeans,2,1856,3712,30.0,1113.6,2598.4,Debit Card,0
104408,2023-01-17,CUST2810,New,South,Home & Kitchen,Bedsheet Set,5,2084,10420,10.0,1042.0,9378.0,Cash on Delivery,0
104409,2023-11-24,CUST1370,Wholesale,North,Apparel,Dress,1,3841,3841,30.0,1152.3,2688.7,Credit Card,0
104410,2024-08-27,CUST2291,Premium,West,Sports,Running Shoes,1,2991,2991,,,,UPI,0
104411,2023-07-25,CUST3136,Regular,East,Sports,Yoga Mat,1,5567,5567,0.0,0.0,5567.0,Cash on Delivery,0
104412,2023-08-11,CUST1186,Wholesale,North,Sports,Cricket Bat,1,3360,3360,20.0,672.0,2688.0,UPI,0
104413,2024-02-23,CUST1992,New,South,Sports,Running Shoes,1,4880,4880,10.0,488.0,4392.0,Net Banking,0
104414,2024-07-20,CUST3280,New,East,Beauty,Face Cream,2,2282,4564,0.0,0.0,4564.0,Cash on Delivery,0
104415,2023-06-09,CUST1988,Regular,East,Electronics,Headphones,1,49016,49016,5.0,2450.8,46565.2,Cash on Delivery,0
104416,2023-01-03,CUST2068,Regular,East,Beauty,Shampoo,2,1673,3346,20.0,669.2,2676.8,UPI,0
104417,2024-11-30,CUST2616,Regular,South,Sports,Dumbbell Set,4,3968,15872,10.0,1587.2,14284.8,Cash on Delivery,0
104418,2024-03-11,CUST2457,Premium,South,Home & Kitchen,Air Fryer,1,8579,8579,10.0,857.9,7721.1,Cash on Delivery,0
104419,2024-04-04,CUST2810,Premium,South,Apparel,Jacket,2,811,1622,0.0,0.0,1622.0,UPI,0
104420,2024-05-07,CUST3183,New,North,Apparel,Jacket,5,1602,8010,20.0,1602.0,6408.0,Debit Card,0
104421,2024-10-28,CUST2833,Premium,North,Sports,Cycling Helmet,1,7970,7970,5.0,398.5,7571.5,Debit Card,0
104422,2023-06-04,CUST3156,Wholesale,Central,Apparel,Jacket,1,2463,2463,0.0,0.0,2463.0,UPI,0
104423,2023-01-22,CUST2240,New,West,Apparel,Jacket,1,467,467,5.0,23.35,443.65,Credit Card,0
104424,2024-08-16,CUST1469,Regular,South,Apparel,T-Shirt,2,1952,3904,20.0,780.8,3123.2,Net Banking,0
104425,2023-03-30,CUST2128,Premium,East,Home & Kitchen,Vacuum Cleaner,2,7955,15910,15.0,2386.5,13523.5,,0
104426,2024-03-27,CUST3268,Regular,West,Home & Kitchen,Mixer Grinder,1,5909,5909,10.0,590.9,5318.1,UPI,0
104427,2024-08-24,CUST1152,New,Central,Apparel,Jeans,2,2356,4712,0.0,0.0,4712.0,UPI,0
104428,2024-10-28,CUST3073,New,East,Beauty,Perfume,3,1141,3423,20.0,684.6,2738.4,Credit Card,0
104429,2023-02-11,CUST2246,New,East,Apparel,Sneakers,3,2703,8109,15.0,1216.35,6892.65,UPI,0
104430,2024-01-07,CUST1264,Regular,Central,Home & Kitchen,Bedsheet Set,1,8738,8738,15.0,1310.7,7427.3,Cash on Delivery,0
104431,2023-10-31,CUST1144,Regular,West,Apparel,Jacket,1,3049,3049,20.0,609.8,2439.2,UPI,0
104432,2023-02-11,CUST3253,New,West,Electronics,Headphones,1,24894,24894,20.0,4978.8,19915.2,Cash on Delivery,0
104433,2024-07-10,CUST1448,New,West,Beauty,Lipstick,1,577,577,,,,UPI,0
104434,2024-03-24,CUST3416,Regular,Central,Electronics,Tablet,1,39481,39481,30.0,11844.3,27636.7,,0
104435,2024-05-28,CUST3234,Regular,West,Electronics,Smartwatch,1,28126,28126,0.0,0.0,28126.0,Debit Card,0
104436,2023-10-29,CUST2033,Regular,West,Beauty,Sunscreen,2,2400,4800,0.0,0.0,4800.0,Credit Card,0
104437,2023-11-30,CUST1897,Regular,West,Home & Kitchen,Air Fryer,2,6857,13714,20.0,2742.8,10971.2,Net Banking,0
104438,2024-03-07,CUST1662,Regular,West,Electronics,Laptop,1,30425,30425,20.0,6085.0,24340.0,Credit Card,0
104439,2024-08-21,CUST1245,Regular,North,Home & Kitchen,Air Fryer,1,11267,11267,10.0,1126.7,10140.3,UPI,0
104440,2024-10-08,CUST1366,Wholesale,Central,Sports,Cycling Helmet,1,4319,4319,10.0,431.9,3887.1,Debit Card,0
104441,2023-12-11,CUST2085,Premium,East,Beauty,Face Cream,3,856,2568,5.0,128.4,2439.6,Cash on Delivery,0
104442,2023-09-16,CUST2761,New,West,Beauty,Face Cream,2,1235,2470,10.0,247.0,2223.0,UPI,0
104443,2023-09-25,CUST3441,New,North,Home & Kitchen,Vacuum Cleaner,1,8995,8995,15.0,1349.25,7645.75,Debit Card,0
104444,2023-10-20,CUST2896,Regular,Central,Home & Kitchen,Vacuum Cleaner,1,11829,11829,15.0,1774.35,10054.65,Cash on Delivery,0
104445,2024-07-25,CUST3242,Premium,South,Electronics,Headphones,2,40489,80978,,,,Cash on Delivery,0
104446,2023-07-16,CUST2707,Regular,North,Beauty,Shampoo,2,824,1648,30.0,494.4,1153.6,Cash on Delivery,0
104447,2023-01-03,CUST2106,Regular,West,Beauty,Perfume,1,1423,1423,0.0,0.0,1423.0,Net Banking,0
104448,2023-01-04,CUST2398,Premium,South,Apparel,Sneakers,2,907,1814,30.0,544.2,1269.8,Debit Card,0
104449,2024-01-30,CUST1503,New,East,Electronics,Tablet,1,14440,14440,15.0,2166.0,12274.0,Debit Card,0
104450,2024-12-05,CUST2482,Regular,North,Home & Kitchen,Vacuum Cleaner,1,945,945,0.0,0.0,945.0,UPI,0
104451,2023-05-25,CUST2121,Regular,South,Beauty,Perfume,1,2366,2366,0.0,0.0,2366.0,Debit Card,0
104452,2024-10-24,CUST1841,Regular,South,Sports,Dumbbell Set,2,4356,8712,15.0,1306.8,7405.2,Credit Card,0
104453,2023-11-11,CUST2016,Premium,East,Electronics,Laptop,2,44529,89058,5.0,4452.9,84605.1,UPI,0
104454,2023-06-05,CUST2831,Premium,South,Beauty,Lipstick,4,1148,4592,0.0,0.0,4592.0,Cash on Delivery,0
104455,2024-03-15,CUST2199,Premium,West,Beauty,Perfume,2,2225,4450,10.0,445.0,4005.0,Credit Card,1
104456,2024-01-30,CUST2185,Premium,East,Sports,Running Shoes,3,5280,15840,10.0,1584.0,14256.0,Credit Card,0
104457,2023-10-02,CUST3027,Premium,Central,Sports,Cycling Helmet,2,3916,7832,15.0,1174.8,6657.2,Credit Card,0
104458,2023-06-10,CUST2731,New,East,Beauty,Lipstick,2,168,336,5.0,16.8,319.2,Credit Card,1
104459,2024-03-25,CUST1845,Regular,South,Sports,Dumbbell Set,1,1119,1119,5.0,55.95,1063.05,Credit Card,0
104460,2023-04-20,CUST3187,Regular,West,Beauty,Lipstick,2,1146,2292,15.0,343.8,1948.2,Debit Card,0
104461,2023-08-15,CUST2145,Regular,East,Apparel,Jeans,3,3079,9237,,,,Cash on Delivery,0
104462,2024-07-07,CUST1909,Regular,North,Electronics,Laptop,2,17853,35706,5.0,1785.3,33920.7,Debit Card,0
104463,2024-05-27,CUST1987,Premium,Central,Sports,Cycling Helmet,2,1089,2178,10.0,217.8,1960.2,UPI,0
104464,2024-07-30,CUST3374,Regular,South,Beauty,Sunscreen,1,1157,1157,15.0,173.55,983.45,Debit Card,0
104465,2023-03-28,CUST2556,Regular,East,Electronics,Smartwatch,2,52283,104566,0.0,0.0,104566.0,UPI,0
104466,2023-12-28,CUST1587,Premium,West,Electronics,Headphones,2,27529,55058,5.0,2752.9,52305.1,UPI,0
104467,2023-11-15,CUST1599,Regular,South,Beauty,Sunscreen,1,742,742,20.0,148.4,593.6,Cash on Delivery,0
104468,2024-03-12,CUST1316,Regular,Central,Electronics,Laptop,4,23608,94432,0.0,0.0,94432.0,Cash on Delivery,0
104469,2023-11-27,CUST3144,Premium,North,Beauty,Sunscreen,1,222,222,20.0,44.4,177.6,Debit Card,0
104470,2023-03-07,CUST2620,Regular,West,Electronics,Tablet,1,41594,41594,0.0,0.0,41594.0,Debit Card,0
104471,2024-03-04,CUST1671,Premium,South,Home & Kitchen,Mixer Grinder,1,7660,7660,15.0,1149.0,6511.0,Cash on Delivery,0
104472,2023-04-27,CUST1338,Regular,North,Home & Kitchen,Mixer Grinder,1,8517,8517,20.0,1703.4,6813.6,Cash on Delivery,1
104473,2023-10-15,CUST1213,Premium,South,Apparel,Dress,1,1198,1198,5.0,59.9,1138.1,Net Banking,0
104474,2023-12-16,CUST2165,New,West,Beauty,Shampoo,1,2125,2125,30.0,637.5,1487.5,UPI,0
104475,2024-05-19,CUST3169,Regular,West,Home & Kitchen,Bedsheet Set,4,11503,46012,0.0,0.0,46012.0,Cash on Delivery,0
104476,2024-09-22,CUST1713,Regular,East,Apparel,T-Shirt,2,1089,2178,0.0,0.0,2178.0,Credit Card,0
104477,2023-06-06,CUST2343,Premium,West,Sports,Dumbbell Set,2,5993,11986,15.0,1797.9,10188.1,UPI,0
104478,2023-09-20,CUST2211,Regular,South,Electronics,Smartphone,3,20945,62835,10.0,6283.5,56551.5,Cash on Delivery,0
104479,2024-05-16,CUST3458,New,East,Home & Kitchen,Vacuum Cleaner,1,2197,2197,10.0,219.7,1977.3,Credit Card,0
104480,2023-10-02,CUST1887,Premium,North,Beauty,Sunscreen,2,861,1722,15.0,258.3,1463.7,Debit Card,0
104481,2024-02-14,CUST2497,Regular,North,Beauty,Sunscreen,1,2108,2108,10.0,210.8,1897.2,Debit Card,0
104482,2024-10-25,CUST3047,Premium,South,Electronics,Headphones,1,55998,55998,15.0,8399.7,47598.3,Credit Card,0
104483,2024-04-20,CUST1318,Premium,South,Electronics,Tablet,1,39580,39580,0.0,0.0,39580.0,UPI,0
104484,2023-08-21,CUST2535,Regular,South,Home & Kitchen,Bedsheet Set,1,838,838,0.0,0.0,838.0,Net Banking,0
104485,2024-11-20,CUST1371,Premium,South,Beauty,Sunscreen,1,623,623,20.0,124.6,498.4,UPI,0
104486,2024-09-24,CUST2569,New,West,Apparel,Jeans,2,1160,2320,10.0,232.0,2088.0,Debit Card,0
104487,2023-02-25,CUST1928,Regular,East,Sports,Dumbbell Set,2,6730,13460,15.0,2019.0,11441.0,Cash on Delivery,0
104488,2023-08-25,CUST2947,Regular,South,Electronics,Smartwatch,1,7692,7692,5.0,384.6,7307.4,,0
104489,2023-03-29,CUST1189,New,South,Beauty,Face Cream,1,1358,1358,10.0,135.8,1222.2,Cash on Delivery,0
104490,2023-12-09,CUST1047,New,North,Electronics,Tablet,3,45138,135414,15.0,20312.1,115101.9,Net Banking,0
104491,2023-01-06,CUST2494,Regular,North,Home & Kitchen,Air Fryer,2,4613,9226,0.0,0.0,9226.0,UPI,0
104492,2024-09-04,CUST1115,Regular,East,Home & Kitchen,Mixer Grinder,1,7881,7881,0.0,0.0,7881.0,UPI,0
104493,2023-06-03,CUST2734,Regular,East,Apparel,Dress,3,3501,10503,10.0,1050.3,9452.7,UPI,0
104494,2023-01-23,CUST1332,Regular,South,Apparel,Jacket,2,1086,2172,0.0,0.0,2172.0,Cash on Delivery,0
104495,2024-11-11,CUST3031,Regular,South,Home & Kitchen,Bedsheet Set,3,8513,25539,5.0,1276.95,24262.05,Cash on Delivery,0
104496,2024-11-29,CUST3158,Regular,West,Sports,Cycling Helmet,2,1837,3674,15.0,551.1,3122.9,Debit Card,0
104497,2024-04-20,CUST2021,Wholesale,West,Sports,Cycling Helmet,3,3785,11355,0.0,0.0,11355.0,UPI,0
104498,2023-04-12,CUST1475,Premium,North,Beauty,Face Cream,3,533,1599,10.0,159.9,1439.1,UPI,0
104499,2023-06-10,CUST1835,New,West,Home & Kitchen,Bedsheet Set,1,5802,5802,20.0,1160.4,4641.6,Debit Card,0
104500,2024-03-30,CUST2678,Regular,South,Electronics,Smartwatch,3,56652,169956,0.0,0.0,169956.0,,0
104501,2024-02-16,CUST1020,Regular,Central,Sports,Cricket Bat,1,4946,4946,10.0,494.6,4451.4,Cash on Delivery,0
104502,2023-07-16,CUST1118,New,Central,Home & Kitchen,Mixer Grinder,2,2287,4574,0.0,0.0,4574.0,Cash on Delivery,0
104503,2024-02-01,CUST3180,Premium,East,Electronics,Laptop,1,44114,44114,15.0,6617.1,37496.9,Cash on Delivery,1
104504,2023-08-15,CUST2302,New,North,Electronics,Tablet,2,42883,85766,0.0,0.0,85766.0,Credit Card,0
104505,2024-04-26,CUST2299,Wholesale,North,Sports,Running Shoes,1,600,600,30.0,180.0,420.0,Cash on Delivery,0
104506,2023-10-25,CUST1307,Regular,Central,Apparel,Sneakers,2,634,1268,5.0,63.4,1204.6,Credit Card,0
104507,2023-05-06,CUST1500,Regular,South,Beauty,Perfume,5,1390,6950,0.0,0.0,6950.0,UPI,0
104508,2023-09-17,CUST3163,Premium,East,Beauty,Perfume,2,1771,3542,0.0,0.0,3542.0,Net Banking,0
104509,2023-05-30,CUST1300,Wholesale,West,Apparel,Jeans,1,655,655,5.0,32.75,622.25,Debit Card,0
104510,2023-03-23,CUST2424,Regular,West,Beauty,Sunscreen,1,1068,1068,5.0,53.4,1014.6,UPI,0
104511,2023-04-11,CUST3028,New,East,Home & Kitchen,Bedsheet Set,1,5372,5372,5.0,268.6,5103.4,Credit Card,0
104512,2023-10-21,CUST2288,Premium,East,Beauty,Perfume,2,553,1106,20.0,221.2,884.8,Net Banking,0
104513,2023-01-10,CUST2948,Premium,East,Beauty,Face Cream,1,1329,1329,10.0,132.9,1196.1,UPI,0
104514,2024-10-30,CUST1430,Premium,South,Electronics,Laptop,3,43564,130692,10.0,13069.2,117622.8,Cash on Delivery,0
104515,2024-12-01,CUST2315,Regular,North,Electronics,Smartwatch,1,37107,37107,10.0,3710.7,33396.3,Net Banking,1
104516,2024-04-08,CUST2321,New,West,Beauty,Face Cream,2,1081,2162,0.0,0.0,2162.0,Cash on Delivery,0
104517,2024-10-11,CUST3493,Regular,South,Home & Kitchen,Vacuum Cleaner,1,8964,8964,0.0,0.0,8964.0,Cash on Delivery,0
104518,2024-04-25,CUST2475,New,South,Apparel,Sneakers,2,2869,5738,10.0,573.8,5164.2,Debit Card,0
104519,2023-06-09,CUST3308,Premium,West,Home & Kitchen,Cookware Set,5,8724,43620,30.0,13086.0,30534.0,,0
104520,2023-08-08,CUST2833,Regular,Central,Beauty,Face Cream,4,2273,9092,20.0,1818.4,7273.6,Cash on Delivery,0
104521,2023-10-03,CUST2451,Regular,South,Electronics,Tablet,2,24992,49984,5.0,2499.2,47484.8,UPI,0
104522,2023-02-03,CUST1627,Premium,East,Sports,Cricket Bat,2,1052,2104,15.0,315.6,1788.4,Cash on Delivery,0
104523,2024-02-04,CUST1388,Regular,West,Beauty,Sunscreen,4,854,3416,10.0,341.6,3074.4,UPI,0
104524,2023-04-03,CUST1106,Regular,East,Sports,Cricket Bat,1,1954,1954,5.0,97.7,1856.3,Debit Card,0
104525,2024-06-06,CUST1482,Premium,East,Sports,Yoga Mat,2,6743,13486,20.0,2697.2,10788.8,Cash on Delivery,0
104526,2024-04-16,CUST1988,Regular,East,Sports,Cricket Bat,2,6877,13754,5.0,687.7,13066.3,UPI,0
104527,2023-03-25,CUST1877,New,East,Apparel,Jacket,1,2390,2390,,,,Cash on Delivery,0
104528,2024-06-15,CUST1376,Regular,South,Home & Kitchen,Air Fryer,5,3664,18320,15.0,2748.0,15572.0,Cash on Delivery,0
104529,2023-07-14,CUST1952,Premium,South,Home & Kitchen,Cookware Set,1,8902,8902,0.0,0.0,8902.0,Credit Card,0
104530,2024-12-17,CUST1758,Premium,West,Beauty,Perfume,1,1417,1417,0.0,0.0,1417.0,Cash on Delivery,0
104531,2023-02-05,CUST2177,Premium,Central,Beauty,Sunscreen,2,608,1216,0.0,0.0,1216.0,UPI,0
104532,2023-05-27,CUST2351,Wholesale,South,Home & Kitchen,Mixer Grinder,3,6195,18585,0.0,0.0,18585.0,Credit Card,0
104533,2023-08-20,CUST3485,Regular,Central,Electronics,Tablet,1,25364,25364,15.0,3804.6,21559.4,Debit Card,0
104534,2023-08-18,CUST1610,Premium,South,Beauty,Perfume,1,2151,2151,15.0,322.65,1828.35,Credit Card,0
104535,2023-08-16,CUST1424,Premium,North,Sports,Yoga Mat,1,5275,5275,10.0,527.5,4747.5,Cash on Delivery,0
104536,2023-04-15,CUST1181,Regular,North,Electronics,Laptop,2,44465,88930,0.0,0.0,88930.0,Credit Card,0
104537,2023-07-02,CUST1864,Regular,West,Home & Kitchen,Air Fryer,5,9406,47030,0.0,0.0,47030.0,Credit Card,0
104538,2023-05-23,CUST2317,Regular,East,Apparel,Jeans,1,3906,3906,5.0,195.3,3710.7,UPI,0
104539,2024-12-21,CUST2018,Wholesale,West,Beauty,Face Cream,1,1396,1396,0.0,0.0,1396.0,UPI,0
104540,2024-05-06,CUST1922,Regular,South,Electronics,Tablet,1,24651,24651,5.0,1232.55,23418.45,Cash on Delivery,0
104541,2023-04-25,CUST3441,New,North,Beauty,Sunscreen,5,371,1855,,,,UPI,0
104542,2023-08-03,CUST2235,Regular,Central,Beauty,Face Cream,2,1099,2198,0.0,0.0,2198.0,Credit Card,0
104543,2023-10-04,CUST2792,Regular,North,Sports,Cycling Helmet,4,525,2100,5.0,105.0,1995.0,UPI,0
104544,2023-08-25,CUST2620,Regular,East,Sports,Yoga Mat,1,1001,1001,15.0,150.15,850.85,Credit Card,0
104545,2023-06-23,CUST1063,Regular,South,Home & Kitchen,Vacuum Cleaner,2,1310,2620,5.0,131.0,2489.0,Debit Card,0
104546,2023-11-25,CUST3260,Premium,North,Apparel,Jacket,1,3062,3062,10.0,306.2,2755.8,Cash on Delivery,0
104547,2023-04-14,CUST2318,Regular,South,Electronics,Tablet,1,3297,3297,15.0,494.55,2802.45,Cash on Delivery,0
104548,2023-03-01,CUST2991,Premium,West,Apparel,Dress,4,2415,9660,0.0,0.0,9660.0,UPI,0
104549,2023-12-29,CUST1961,Regular,Central,Apparel,Sneakers,3,1920,5760,30.0,1728.0,4032.0,Debit Card,0
104550,2023-08-10,CUST2644,Premium,South,Electronics,Smartwatch,2,52081,104162,20.0,20832.4,83329.6,Net Banking,0
104551,2023-08-07,CUST3417,Premium,North,Apparel,T-Shirt,1,2747,2747,30.0,824.1,1922.9,Cash on Delivery,0
104552,2023-12-07,CUST2047,Wholesale,Central,Home & Kitchen,Cookware Set,3,4812,14436,15.0,2165.4,12270.6,Cash on Delivery,0
104553,2024-12-02,CUST2989,Regular,North,Electronics,Laptop,1,33459,33459,,,,UPI,0
104554,2024-08-08,CUST2519,New,South,Apparel,T-Shirt,1,799,799,20.0,159.8,639.2,,0
104555,2024-06-13,CUST2222,Regular,West,Apparel,T-Shirt,3,989,2967,0.0,0.0,2967.0,Credit Card,1
104556,2023-05-11,CUST2315,Premium,North,Home & Kitchen,Air Fryer,4,8634,34536,0.0,0.0,34536.0,Cash on Delivery,0
104557,2023-03-04,CUST2806,Regular,West,Beauty,Perfume,2,248,496,10.0,49.6,446.4,Credit Card,0
104558,2024-10-01,CUST2415,Wholesale,East,Electronics,Laptop,2,3087,6174,10.0,617.4,5556.6,Debit Card,0
104559,2024-05-03,CUST3200,Premium,South,Sports,Cycling Helmet,1,6196,6196,15.0,929.4,5266.6,UPI,0
104560,2023-04-12,CUST2077,New,North,Sports,Cycling Helmet,1,7542,7542,0.0,0.0,7542.0,Debit Card,0
104561,2023-10-12,CUST2079,Regular,South,Home & Kitchen,Air Fryer,1,8118,8118,30.0,2435.4,5682.6,UPI,0
104562,2023-10-29,CUST2515,Wholesale,East,Apparel,T-Shirt,2,1466,2932,10.0,293.2,2638.8,Debit Card,0
104563,2024-12-08,CUST2612,Regular,North,Home & Kitchen,Air Fryer,1,5397,5397,0.0,0.0,5397.0,UPI,0
104564,2024-10-23,CUST1917,Regular,Central,Beauty,Perfume,2,1144,2288,15.0,343.2,1944.8,Cash on Delivery,0
104565,2023-09-21,CUST3338,Regular,Central,Electronics,Headphones,2,58721,117442,5.0,5872.1,111569.9,Debit Card,0
104566,2023-03-15,CUST1164,New,South,Home & Kitchen,Vacuum Cleaner,4,5868,23472,,,,Cash on Delivery,0
104567,2023-10-28,CUST2577,Wholesale,North,Electronics,Smartphone,1,20694,20694,30.0,6208.2,14485.8,UPI,0
104568,2024-06-25,CUST3259,Regular,East,Apparel,Jacket,4,2593,10372,10.0,1037.2,9334.8,,0
104569,2024-08-17,CUST1340,Regular,North,Sports,Dumbbell Set,1,1602,1602,10.0,160.2,1441.8,Debit Card,0
104570,2023-07-17,CUST1459,Regular,West,Sports,Yoga Mat,1,6549,6549,5.0,327.45,6221.55,Net Banking,1
104571,2023-06-24,CUST3318,Premium,North,Electronics,Smartwatch,1,24627,24627,10.0,2462.7,22164.3,UPI,0
104572,2023-12-04,CUST1289,Premium,West,Sports,Yoga Mat,1,676,676,10.0,67.6,608.4,Net Banking,0
104573,2024-05-24,CUST2586,Premium,North,Home & Kitchen,Mixer Grinder,1,5297,5297,15.0,794.55,4502.45,UPI,0
104574,2023-07-13,CUST1237,New,West,Electronics,Smartphone,1,46771,46771,30.0,14031.3,32739.7,Net Banking,0
104575,2023-06-16,CUST3431,Regular,East,Home & Kitchen,Vacuum Cleaner,1,7571,7571,0.0,0.0,7571.0,Cash on Delivery,0
104576,2024-03-05,CUST3221,Regular,North,Home & Kitchen,Vacuum Cleaner,2,9075,18150,0.0,0.0,18150.0,Cash on Delivery,0
104577,2023-08-22,CUST2142,Premium,East,Apparel,Dress,3,675,2025,5.0,101.25,1923.75,Credit Card,0
104578,2024-05-19,CUST2226,New,South,Sports,Dumbbell Set,1,5207,5207,0.0,0.0,5207.0,Debit Card,0
104579,2024-06-26,CUST3229,Regular,West,Sports,Cricket Bat,5,3649,18245,0.0,0.0,18245.0,Cash on Delivery,0
104580,2023-09-19,CUST3060,New,North,Beauty,Shampoo,1,783,783,15.0,117.45,665.55,Credit Card,0
104581,2024-05-21,CUST2955,Regular,North,Sports,Yoga Mat,2,3754,7508,15.0,1126.2,6381.8,UPI,0
104582,2024-03-04,CUST1606,New,East,Home & Kitchen,Bedsheet Set,2,8218,16436,10.0,1643.6,14792.4,Credit Card,0
104583,2023-12-26,CUST3341,Regular,South,Electronics,Tablet,3,8028,24084,10.0,2408.4,21675.6,UPI,0
104584,2024-04-02,CUST1234,Wholesale,Central,Home & Kitchen,Air Fryer,1,8299,8299,20.0,1659.8,6639.2,Cash on Delivery,0
104585,2024-12-09,CUST2036,Regular,North,Sports,Yoga Mat,1,7824,7824,15.0,1173.6,6650.4,Credit Card,0
104586,2023-05-10,CUST3032,Regular,South,Home & Kitchen,Bedsheet Set,4,10814,43256,0.0,0.0,43256.0,UPI,0
104587,2023-01-16,CUST2786,New,South,Sports,Cricket Bat,1,5211,5211,5.0,260.55,4950.45,UPI,0
104588,2023-08-06,CUST2971,Premium,North,Sports,Running Shoes,4,7510,30040,10.0,3004.0,27036.0,UPI,0
104589,2023-04-24,CUST1074,Regular,South,Home & Kitchen,Mixer Grinder,2,8177,16354,30.0,4906.2,11447.8,UPI,0
104590,2024-12-14,CUST3204,Regular,Central,Electronics,Headphones,1,25651,25651,10.0,2565.1,23085.9,Cash on Delivery,0
104591,2023-11-25,CUST3251,New,West,Beauty,Perfume,1,1036,1036,0.0,0.0,1036.0,Credit Card,0
104592,2023-10-03,CUST2679,Premium,South,Home & Kitchen,Vacuum Cleaner,2,11762,23524,20.0,4704.8,18819.2,Debit Card,0
104593,2023-08-04,CUST3315,Regular,West,Apparel,Jacket,1,1512,1512,15.0,226.8,1285.2,Net Banking,0
104594,2023-12-16,CUST1585,Premium,South,Apparel,T-Shirt,1,2240,2240,15.0,336.0,1904.0,UPI,0
104595,2024-05-01,CUST3380,Regular,South,Beauty,Sunscreen,2,2428,4856,5.0,242.8,4613.2,Credit Card,0
104596,2023-10-07,CUST3213,Regular,East,Apparel,Sneakers,1,2051,2051,15.0,307.65,1743.35,UPI,0
104597,2023-02-01,CUST3457,Regular,Central,Apparel,Sneakers,1,3190,3190,20.0,638.0,2552.0,Credit Card,0
104598,2023-10-20,CUST2958,Wholesale,North,Apparel,Jacket,2,631,1262,20.0,252.4,1009.6,UPI,0
104599,2024-05-22,CUST1264,New,Central,Beauty,Sunscreen,1,2161,2161,5.0,108.05,2052.95,Cash on Delivery,0
104600,2024-08-23,CUST1711,Premium,West,Electronics,Smartwatch,3,14151,42453,30.0,12735.9,29717.1,UPI,0
104601,2023-12-18,CUST2951,Regular,South,Sports,Dumbbell Set,2,5467,10934,30.0,3280.2,7653.8,UPI,0
104602,2024-06-26,CUST3145,Premium,East,Electronics,Smartwatch,2,42452,84904,15.0,12735.6,72168.4,UPI,0
104603,2023-03-06,CUST2227,New,South,Apparel,Jeans,1,3881,3881,0.0,0.0,3881.0,UPI,0
104604,2023-08-26,CUST1369,Regular,North,Apparel,Sneakers,2,3924,7848,0.0,0.0,7848.0,Debit Card,0
104605,2024-12-14,CUST2230,Regular,East,Beauty,Sunscreen,2,632,1264,0.0,0.0,1264.0,Credit Card,0
104606,2024-03-06,CUST1386,Regular,North,Home & Kitchen,Mixer Grinder,1,2552,2552,10.0,255.2,2296.8,Cash on Delivery,0
104607,2023-09-27,CUST1944,Regular,North,Beauty,Perfume,3,486,1458,5.0,72.9,1385.1,Cash on Delivery,0
104608,2024-07-30,CUST3350,Regular,West,Electronics,Headphones,1,41001,41001,5.0,2050.05,38950.95,UPI,0
104609,2023-10-25,CUST2175,New,East,Apparel,Dress,1,1251,1251,10.0,125.1,1125.9,Credit Card,0
104610,2023-06-12,CUST3252,Regular,North,Sports,Cycling Helmet,1,6394,6394,20.0,1278.8,5115.2,Credit Card,0
104611,2024-10-07,CUST1324,New,South,Home & Kitchen,Mixer Grinder,1,959,959,5.0,47.95,911.05,Credit Card,0
104612,2024-04-09,CUST2443,Regular,North,Sports,Dumbbell Set,1,3430,3430,10.0,343.0,3087.0,UPI,0
104613,2023-07-22,CUST2250,Premium,West,Apparel,Sneakers,1,2928,2928,0.0,0.0,2928.0,Cash on Delivery,0
104614,2024-11-22,CUST2996,Regular,South,Sports,Dumbbell Set,1,5074,5074,15.0,761.1,4312.9,UPI,0
104615,2024-08-26,CUST1702,Regular,South,Apparel,Dress,1,3127,3127,0.0,0.0,3127.0,Net Banking,0
104616,2024-06-23,CUST1341,New,West,Beauty,Lipstick,1,2116,2116,5.0,105.8,2010.2,Debit Card,0
104617,2023-02-23,CUST2284,Premium,Central,Home & Kitchen,Mixer Grinder,2,3509,7018,5.0,350.9,6667.1,UPI,1
104618,2023-07-07,CUST1074,Regular,West,Home & Kitchen,Mixer Grinder,1,8763,8763,0.0,0.0,8763.0,Net Banking,0
104619,2023-10-20,CUST3437,Regular,East,Electronics,Headphones,2,6578,13156,5.0,657.8,12498.2,Debit Card,0
104620,2023-10-14,CUST2192,Regular,East,Apparel,Jeans,1,630,630,5.0,31.5,598.5,Cash on Delivery,0
104621,2024-09-27,CUST1258,Premium,East,Beauty,Shampoo,1,272,272,15.0,40.8,231.2,Credit Card,0
104622,2024-11-08,CUST1922,Regular,South,Electronics,Smartphone,1,59319,59319,5.0,2965.95,56353.05,UPI,0
104623,2023-04-04,CUST1780,Regular,West,Apparel,Sneakers,2,3244,6488,5.0,324.4,6163.6,Net Banking,0
104624,2023-04-05,CUST2823,Regular,South,Beauty,Perfume,2,1105,2210,20.0,442.0,1768.0,Cash on Delivery,0
104625,2023-08-07,CUST1023,Regular,North,Beauty,Shampoo,3,2120,6360,20.0,1272.0,5088.0,UPI,0
104626,2023-04-11,CUST1647,Regular,North,Home & Kitchen,Bedsheet Set,4,3363,13452,0.0,0.0,13452.0,Cash on Delivery,0
104627,2023-06-13,CUST3431,Regular,South,Home & Kitchen,Mixer Grinder,1,2067,2067,10.0,206.7,1860.3,Cash on Delivery,0
104628,2024-03-12,CUST1169,Regular,South,Beauty,Face Cream,2,498,996,5.0,49.8,946.2,Net Banking,0
104629,2023-10-11,CUST1215,Regular,North,Beauty,Face Cream,1,276,276,10.0,27.6,248.4,Debit Card,0
104630,2023-03-26,CUST2664,Regular,East,Home & Kitchen,Cookware Set,3,2643,7929,10.0,792.9,7136.1,UPI,0
104631,2023-03-01,CUST2985,Regular,West,Apparel,Sneakers,4,2859,11436,10.0,1143.6,10292.4,Cash on Delivery,0
104632,2024-09-13,CUST2540,Premium,North,Beauty,Lipstick,1,1201,1201,10.0,120.1,1080.9,Net Banking,0
104633,2023-06-03,CUST1233,Regular,North,Home & Kitchen,Air Fryer,3,5278,15834,20.0,3166.8,12667.2,Debit Card,0
104634,2024-02-01,CUST3015,New,West,Sports,Cricket Bat,2,6700,13400,0.0,0.0,13400.0,UPI,0
104635,2023-12-12,CUST2229,Regular,South,Home & Kitchen,Mixer Grinder,1,3410,3410,10.0,341.0,3069.0,UPI,0
104636,2024-07-29,CUST2352,New,East,Sports,Yoga Mat,3,672,2016,5.0,100.8,1915.2,Cash on Delivery,0
104637,2023-12-29,CUST2335,Regular,South,Beauty,Face Cream,2,2164,4328,20.0,865.6,3462.4,Debit Card,0
104638,2023-02-17,CUST2067,New,North,Home & Kitchen,Vacuum Cleaner,3,2297,6891,15.0,1033.65,5857.35,Debit Card,0
104639,2023-05-29,CUST1178,Regular,North,Beauty,Lipstick,1,2321,2321,5.0,116.05,2204.95,UPI,0
104640,2023-03-08,CUST1724,New,Central,Home & Kitchen,Mixer Grinder,1,11762,11762,10.0,1176.2,10585.8,UPI,0
104641,2024-02-25,CUST3307,Wholesale,West,Sports,Cricket Bat,2,2902,5804,0.0,0.0,5804.0,Credit Card,0
104642,2024-11-12,CUST1043,Regular,North,Sports,Yoga Mat,2,3630,7260,15.0,1089.0,6171.0,Net Banking,0
104643,2023-02-15,CUST1924,New,West,Beauty,Sunscreen,3,1894,5682,15.0,852.3,4829.7,Cash on Delivery,0
104644,2024-09-02,CUST1342,Regular,East,Beauty,Lipstick,3,344,1032,15.0,154.8,877.2,UPI,0
104645,2023-11-27,CUST2424,Regular,South,Electronics,Smartphone,1,53701,53701,15.0,8055.15,45645.85,UPI,0
104646,2023-04-24,CUST2506,Premium,North,Sports,Yoga Mat,5,2551,12755,20.0,2551.0,10204.0,Credit Card,0
104647,2024-01-07,CUST2752,Premium,Central,Beauty,Lipstick,2,1902,3804,0.0,0.0,3804.0,UPI,0
104648,2024-05-14,CUST1480,New,Central,Apparel,T-Shirt,1,3374,3374,0.0,0.0,3374.0,UPI,0
104649,2023-09-23,CUST2489,Premium,North,Apparel,T-Shirt,2,2824,5648,0.0,0.0,5648.0,Net Banking,0
104650,2024-09-29,CUST1222,Regular,South,Beauty,Sunscreen,1,2049,2049,10.0,204.9,1844.1,Credit Card,0
104651,2024-06-20,CUST2173,New,South,Sports,Yoga Mat,3,5357,16071,0.0,0.0,16071.0,UPI,0
104652,2024-12-05,CUST1676,Regular,North,Beauty,Lipstick,5,2359,11795,20.0,2359.0,9436.0,Debit Card,0
104653,2023-12-17,CUST3210,Premium,East,Beauty,Shampoo,2,1849,3698,15.0,554.7,3143.3,Cash on Delivery,0
104654,2023-02-09,CUST1689,Regular,West,Apparel,Jacket,2,3774,7548,20.0,1509.6,6038.4,UPI,0
104655,2023-02-18,CUST1432,Regular,Central,Beauty,Shampoo,1,1672,1672,20.0,334.4,1337.6,Credit Card,0
104656,2023-11-22,CUST2662,Regular,East,Electronics,Smartwatch,3,30212,90636,10.0,9063.6,81572.4,Credit Card,0
104657,2023-12-22,CUST2473,Regular,Central,Sports,Running Shoes,1,7511,7511,5.0,375.55,7135.45,Net Banking,0
104658,2023-09-07,CUST2130,Regular,West,Beauty,Sunscreen,4,398,1592,15.0,238.8,1353.2,UPI,0
104659,2024-01-04,CUST2896,Regular,East,Electronics,Tablet,1,2785,2785,10.0,278.5,2506.5,UPI,0
104660,2023-07-29,CUST1229,Regular,West,Sports,Running Shoes,1,5710,5710,5.0,285.5,5424.5,Debit Card,0
104661,2023-02-22,CUST1986,Regular,East,Electronics,Smartwatch,1,27026,27026,5.0,1351.3,25674.7,UPI,0
104662,2024-12-29,CUST2282,Regular,East,Sports,Dumbbell Set,4,4027,16108,15.0,2416.2,13691.8,Debit Card,0
104663,2024-10-27,CUST2003,Wholesale,West,Beauty,Face Cream,3,2183,6549,30.0,1964.7,4584.3,UPI,0
104664,2024-04-26,CUST2289,Wholesale,South,Home & Kitchen,Bedsheet Set,1,5463,5463,15.0,819.45,4643.55,Debit Card,0
104665,2024-07-21,CUST1654,Premium,North,Apparel,T-Shirt,3,2324,6972,5.0,348.6,6623.4,Debit Card,0
104666,2024-04-11,CUST1204,Premium,South,Beauty,Perfume,1,167,167,20.0,33.4,133.6,UPI,0
104667,2023-05-02,CUST1000,Regular,West,Sports,Cycling Helmet,1,4450,4450,15.0,667.5,3782.5,UPI,0
104668,2024-07-08,CUST1010,Premium,West,Home & Kitchen,Cookware Set,1,1199,1199,5.0,59.95,1139.05,UPI,1
104669,2024-03-31,CUST2477,Regular,South,Apparel,Jacket,2,1316,2632,10.0,263.2,2368.8,Credit Card,0
104670,2023-03-16,CUST2792,Regular,Central,Home & Kitchen,Vacuum Cleaner,2,3888,7776,20.0,1555.2,6220.8,Credit Card,0
104671,2024-07-20,CUST1493,New,South,Sports,Running Shoes,1,6394,6394,20.0,1278.8,5115.2,Credit Card,0
104672,2024-06-27,CUST1013,Regular,South,Home & Kitchen,Mixer Grinder,4,6679,26716,30.0,8014.8,18701.2,Credit Card,0
104673,2024-05-19,CUST1871,Regular,East,Home & Kitchen,Mixer Grinder,1,6922,6922,10.0,692.2,6229.8,Debit Card,0
104674,2023-08-10,CUST3391,Wholesale,East,Apparel,Sneakers,2,3267,6534,5.0,326.7,6207.3,UPI,0
104675,2023-09-29,CUST2514,Regular,West,Beauty,Shampoo,1,981,981,0.0,0.0,981.0,UPI,0
104676,2023-07-02,CUST2797,Premium,South,Apparel,Dress,2,1937,3874,15.0,581.1,3292.9,UPI,0
104677,2023-03-24,CUST1354,New,East,Apparel,Jacket,2,3730,7460,5.0,373.0,7087.0,UPI,0
104678,2023-05-21,CUST1776,Regular,East,Home & Kitchen,Bedsheet Set,1,10097,10097,0.0,0.0,10097.0,Cash on Delivery,0
104679,2024-03-17,CUST2290,New,East,Home & Kitchen,Cookware Set,3,11908,35724,30.0,10717.2,25006.8,UPI,0
104680,2024-12-10,CUST2309,Premium,West,Sports,Cricket Bat,1,3515,3515,0.0,0.0,3515.0,UPI,1
104681,2023-04-22,CUST2961,Premium,South,Home & Kitchen,Air Fryer,2,11500,23000,0.0,0.0,23000.0,UPI,0
104682,2024-02-25,CUST1860,New,North,Apparel,Jeans,2,3511,7022,,,,Cash on Delivery,0
104683,2023-09-04,CUST1594,Regular,Central,Apparel,Dress,1,2986,2986,0.0,0.0,2986.0,,0
104684,2023-11-29,CUST2271,Regular,East,Electronics,Tablet,1,49097,49097,,,,,0
104685,2023-09-09,CUST1625,Premium,North,Sports,Running Shoes,1,4328,4328,0.0,0.0,4328.0,Credit Card,0
104686,2024-02-03,CUST2692,Regular,Central,Electronics,Laptop,4,31915,127660,10.0,12766.0,114894.0,Debit Card,0
104687,2024-05-30,CUST1603,Wholesale,South,Electronics,Headphones,2,14945,29890,5.0,1494.5,28395.5,Debit Card,0
104688,2023-07-26,CUST1695,Regular,West,Apparel,T-Shirt,1,2285,2285,0.0,0.0,2285.0,Debit Card,0
104689,2023-10-29,CUST1567,Premium,North,Beauty,Lipstick,1,1632,1632,15.0,244.8,1387.2,UPI,1
104690,2023-04-17,CUST1712,Regular,South,Electronics,Tablet,1,34727,34727,0.0,0.0,34727.0,Debit Card,0
104691,2024-06-01,CUST2634,Regular,North,Electronics,Smartwatch,1,37180,37180,15.0,5577.0,31603.0,Credit Card,0
104692,2024-05-31,CUST1703,Premium,Central,Sports,Yoga Mat,5,3052,15260,5.0,763.0,14497.0,UPI,0
104693,2024-07-11,CUST3444,New,South,Home & Kitchen,Air Fryer,1,1180,1180,0.0,0.0,1180.0,Credit Card,0
104694,2023-05-18,CUST1169,Regular,South,Apparel,Jacket,3,3127,9381,0.0,0.0,9381.0,Credit Card,0
104695,2024-07-24,CUST2058,Regular,West,Electronics,Tablet,4,15402,61608,15.0,9241.2,52366.8,Debit Card,0
104696,2023-09-21,CUST2044,Regular,South,Sports,Running Shoes,5,7851,39255,0.0,0.0,39255.0,Cash on Delivery,0
104697,2024-03-02,CUST1287,Regular,Central,Home & Kitchen,Bedsheet Set,1,8301,8301,5.0,415.05,7885.95,UPI,0
104698,2024-11-17,CUST3481,Regular,Central,Sports,Yoga Mat,1,2938,2938,20.0,587.6,2350.4,UPI,0
104699,2024-08-14,CUST1866,Premium,East,Beauty,Perfume,1,2325,2325,30.0,697.5,1627.5,,0
104700,2024-03-31,CUST3154,Regular,East,Sports,Dumbbell Set,2,4094,8188,10.0,818.8,7369.2,Credit Card,0
104701,2024-06-24,CUST1962,Premium,South,Beauty,Face Cream,2,1460,2920,0.0,0.0,2920.0,UPI,0
104702,2024-10-08,CUST2588,Regular,South,Beauty,Shampoo,5,834,4170,10.0,417.0,3753.0,UPI,0
104703,2023-05-21,CUST3230,Regular,North,Home & Kitchen,Air Fryer,1,5314,5314,0.0,0.0,5314.0,UPI,0
104704,2023-06-12,CUST2780,Regular,North,Beauty,Shampoo,1,1591,1591,5.0,79.55,1511.45,Debit Card,0
104705,2023-05-19,CUST2036,Premium,South,Electronics,Tablet,2,21744,43488,0.0,0.0,43488.0,Debit Card,0
104706,2023-01-14,CUST2989,Premium,North,Electronics,Headphones,1,30481,30481,15.0,4572.15,25908.85,Credit Card,0
104707,2024-06-07,CUST1613,Regular,Central,Home & Kitchen,Air Fryer,1,2851,2851,20.0,570.2,2280.8,Net Banking,0
104708,2023-09-27,CUST1224,Regular,South,Home & Kitchen,Bedsheet Set,5,7384,36920,0.0,0.0,36920.0,Cash on Delivery,0
104709,2024-04-19,CUST2287,Regular,East,Apparel,Jeans,5,2120,10600,5.0,530.0,10070.0,UPI,0
104710,2023-09-24,CUST1895,Regular,North,Electronics,Laptop,1,35366,35366,5.0,1768.3,33597.7,Credit Card,0
104711,2023-08-31,CUST2035,Regular,South,Sports,Dumbbell Set,1,3697,3697,15.0,554.55,3142.45,Cash on Delivery,0
104712,2024-03-09,CUST2527,Regular,East,Sports,Running Shoes,3,1211,3633,0.0,0.0,3633.0,Debit Card,0
104713,2024-05-24,CUST2250,Regular,West,Home & Kitchen,Bedsheet Set,1,5914,5914,10.0,591.4,5322.6,Debit Card,0
104714,2024-08-16,CUST1316,Premium,North,Apparel,Sneakers,1,2370,2370,5.0,118.5,2251.5,Credit Card,0
104715,2023-06-02,CUST3477,Wholesale,North,Beauty,Lipstick,1,298,298,15.0,44.7,253.3,Debit Card,0
104716,2023-02-07,CUST3428,Regular,East,Sports,Yoga Mat,2,4020,8040,10.0,804.0,7236.0,Net Banking,0
104717,2023-11-27,CUST2100,Regular,South,Home & Kitchen,Vacuum Cleaner,1,4873,4873,15.0,730.95,4142.05,UPI,0
104718,2024-02-14,CUST2289,Regular,South,Apparel,Sneakers,3,1621,4863,5.0,243.15,4619.85,Cash on Delivery,0
104719,2023-07-05,CUST1808,New,West,Apparel,Jacket,2,3163,6326,10.0,632.6,5693.4,UPI,0
104720,2023-02-27,CUST3332,Regular,West,Beauty,Shampoo,1,1775,1775,0.0,0.0,1775.0,Debit Card,0
104721,2023-04-19,CUST3026,Wholesale,West,Electronics,Smartwatch,1,5374,5374,30.0,1612.2,3761.8,Credit Card,0
104722,2023-04-06,CUST1721,Regular,Central,Apparel,Jacket,1,3018,3018,15.0,452.7,2565.3,UPI,0
104723,2023-06-01,CUST2695,Regular,East,Beauty,Lipstick,2,1420,2840,10.0,284.0,2556.0,UPI,0
104724,2023-12-13,CUST3044,Regular,South,Apparel,Sneakers,2,3209,6418,10.0,641.8,5776.2,UPI,0
104725,2024-05-17,CUST2443,Regular,West,Home & Kitchen,Mixer Grinder,4,1043,4172,0.0,0.0,4172.0,UPI,0
104726,2023-07-16,CUST2296,Premium,Central,Sports,Cycling Helmet,1,5411,5411,15.0,811.65,4599.35,Credit Card,0
104727,2024-07-31,CUST3168,Regular,South,Apparel,T-Shirt,4,3364,13456,10.0,1345.6,12110.4,UPI,0
104728,2023-06-18,CUST2008,Regular,Central,Apparel,T-Shirt,2,3931,7862,10.0,786.2,7075.8,UPI,0
104729,2024-10-04,CUST1595,Premium,North,Apparel,Dress,1,2275,2275,5.0,113.75,2161.25,UPI,0
104730,2024-08-30,CUST2156,Regular,South,Home & Kitchen,Vacuum Cleaner,4,9406,37624,10.0,3762.4,33861.6,Cash on Delivery,1
104731,2024-12-25,CUST2122,Regular,Central,Electronics,Headphones,4,57649,230596,15.0,34589.4,196006.6,Credit Card,0
104732,2024-09-27,CUST1041,Regular,West,Beauty,Shampoo,1,1014,1014,0.0,0.0,1014.0,UPI,0
104733,2024-02-24,CUST1711,Regular,Central,Beauty,Face Cream,1,2494,2494,10.0,249.4,2244.6,UPI,1
104734,2024-09-20,CUST1527,Regular,North,Sports,Dumbbell Set,2,3606,7212,0.0,0.0,7212.0,Credit Card,0
104735,2024-05-29,CUST1737,Regular,South,Apparel,Sneakers,1,2472,2472,0.0,0.0,2472.0,Cash on Delivery,0
104736,2023-10-19,CUST2481,Regular,West,Sports,Cycling Helmet,2,4346,8692,10.0,869.2,7822.8,Cash on Delivery,0
104737,2024-06-25,CUST1913,Regular,South,Home & Kitchen,Cookware Set,2,6546,13092,15.0,1963.8,11128.2,UPI,0
104738,2023-10-21,CUST1886,Premium,South,Apparel,Jacket,2,628,1256,10.0,125.6,1130.4,Debit Card,0
104739,2023-03-14,CUST2103,New,South,Apparel,Dress,1,2899,2899,5.0,144.95,2754.05,UPI,0
104740,2023-11-30,CUST1412,Wholesale,East,Sports,Yoga Mat,1,1778,1778,10.0,177.8,1600.2,UPI,0
104741,2023-03-15,CUST2075,New,West,Apparel,Sneakers,2,3010,6020,20.0,1204.0,4816.0,Debit Card,0
104742,2024-05-22,CUST1115,Wholesale,West,Sports,Cycling Helmet,2,924,1848,5.0,92.4,1755.6,Credit Card,0
104743,2024-03-30,CUST2817,Regular,East,Electronics,Tablet,3,25815,77445,0.0,0.0,77445.0,Credit Card,0
104744,2024-02-19,CUST3031,Regular,East,Apparel,Jacket,1,3090,3090,0.0,0.0,3090.0,Credit Card,0
104745,2024-09-12,CUST1989,Regular,Central,Sports,Yoga Mat,5,4442,22210,15.0,3331.5,18878.5,Credit Card,0
104746,2024-03-27,CUST3412,New,East,Sports,Cycling Helmet,2,1835,3670,5.0,183.5,3486.5,Debit Card,0
104747,2024-09-28,CUST3401,Premium,East,Beauty,Shampoo,1,2276,2276,0.0,0.0,2276.0,Debit Card,1
104748,2024-07-12,CUST3476,Regular,North,Apparel,Dress,1,2252,2252,0.0,0.0,2252.0,Net Banking,0
104749,2023-01-19,CUST2972,Premium,East,Electronics,Smartwatch,1,54143,54143,10.0,5414.3,48728.7,Cash on Delivery,0
104750,2023-10-18,CUST1790,New,South,Beauty,Sunscreen,2,554,1108,5.0,55.4,1052.6,UPI,0
104751,2023-07-29,CUST3027,Premium,East,Electronics,Smartwatch,4,39126,156504,0.0,0.0,156504.0,UPI,0
104752,2023-12-04,CUST1207,Regular,North,Beauty,Face Cream,2,538,1076,15.0,161.4,914.6,UPI,0
104753,2023-05-26,CUST3306,Regular,Central,Electronics,Smartphone,1,54044,54044,0.0,0.0,54044.0,UPI,0
104754,2024-01-01,CUST1931,Premium,South,Sports,Running Shoes,2,1488,2976,15.0,446.4,2529.6,Debit Card,0
104755,2024-06-09,CUST2569,Premium,North,Electronics,Smartwatch,1,14166,14166,10.0,1416.6,12749.4,UPI,0
104756,2024-09-04,CUST2175,Regular,West,Apparel,Jeans,2,2678,5356,0.0,0.0,5356.0,Cash on Delivery,0
104757,2024-11-22,CUST2425,Premium,East,Beauty,Shampoo,1,2098,2098,10.0,209.8,1888.2,Credit Card,0
104758,2023-06-17,CUST1397,Regular,Central,Home & Kitchen,Cookware Set,1,2995,2995,20.0,599.0,2396.0,UPI,0
104759,2023-11-14,CUST2106,New,West,Home & Kitchen,Vacuum Cleaner,2,5185,10370,5.0,518.5,9851.5,Cash on Delivery,0
104760,2023-11-20,CUST1577,Regular,East,Sports,Running Shoes,1,5029,5029,15.0,754.35,4274.65,Debit Card,0
104761,2024-05-19,CUST1022,New,North,Beauty,Face Cream,2,1086,2172,10.0,217.2,1954.8,UPI,1
104762,2024-10-24,CUST1485,Regular,West,Beauty,Face Cream,1,2368,2368,10.0,236.8,2131.2,Debit Card,0
104763,2023-02-01,CUST3371,Premium,East,Apparel,T-Shirt,3,2576,7728,0.0,0.0,7728.0,UPI,0
104764,2023-04-18,CUST2671,Regular,East,Home & Kitchen,Vacuum Cleaner,1,6915,6915,20.0,1383.0,5532.0,UPI,0
104765,2024-02-17,CUST1006,Premium,East,Beauty,Lipstick,1,1513,1513,10.0,151.3,1361.7,Debit Card,0
104766,2023-03-25,CUST2516,New,West,Electronics,Laptop,3,27203,81609,5.0,4080.45,77528.55,UPI,0
104767,2024-03-05,CUST2232,Premium,North,Beauty,Perfume,3,720,2160,10.0,216.0,1944.0,Cash on Delivery,0
104768,2023-03-27,CUST1622,Regular,North,Electronics,Headphones,5,1677,8385,,,,Cash on Delivery,0
104769,2023-09-05,CUST2987,Regular,East,Apparel,T-Shirt,3,3608,10824,0.0,0.0,10824.0,Credit Card,0
104770,2024-10-13,CUST1900,Regular,South,Electronics,Smartwatch,3,56409,169227,10.0,16922.7,152304.3,UPI,0
104771,2023-01-13,CUST3163,Premium,East,Home & Kitchen,Cookware Set,1,5655,5655,15.0,848.25,4806.75,Cash on Delivery,0
104772,2023-03-13,CUST1456,New,East,Beauty,Shampoo,1,1697,1697,10.0,169.7,1527.3,Cash on Delivery,0
104773,2023-02-21,CUST1236,Regular,South,Beauty,Lipstick,3,373,1119,15.0,167.85,951.15,UPI,0
104774,2023-12-06,CUST2922,Regular,West,Sports,Yoga Mat,3,5881,17643,20.0,3528.6,14114.4,Debit Card,0
104775,2024-03-29,CUST2586,Regular,West,Sports,Running Shoes,1,3878,3878,15.0,581.7,3296.3,Cash on Delivery,0
104776,2024-11-20,CUST3478,Premium,East,Electronics,Tablet,2,31724,63448,30.0,19034.4,44413.6,Debit Card,0
104777,2024-06-07,CUST3306,New,North,Apparel,T-Shirt,2,3142,6284,20.0,1256.8,5027.2,UPI,0
104778,2024-07-06,CUST2604,New,Central,Sports,Cycling Helmet,1,3352,3352,5.0,167.6,3184.4,Credit Card,1
104779,2024-07-04,CUST1146,Premium,North,Beauty,Shampoo,1,917,917,15.0,137.55,779.45,UPI,0
104780,2024-08-06,CUST1796,Premium,Central,Beauty,Face Cream,1,1513,1513,30.0,453.9,1059.1,,0
104781,2023-08-10,CUST3137,Regular,East,Beauty,Lipstick,2,509,1018,10.0,101.8,916.2,Credit Card,0
104782,2023-03-09,CUST3494,New,East,Home & Kitchen,Mixer Grinder,1,9560,9560,5.0,478.0,9082.0,Credit Card,0
104783,2024-10-19,CUST1686,Regular,North,Electronics,Laptop,1,30950,30950,15.0,4642.5,26307.5,Credit Card,1
104784,2024-11-10,CUST1912,New,Central,Apparel,T-Shirt,1,2734,2734,20.0,546.8,2187.2,UPI,0
104785,2023-05-01,CUST1095,Premium,North,Sports,Yoga Mat,3,6309,18927,15.0,2839.05,16087.95,UPI,0
104786,2023-01-27,CUST1245,Regular,West,Home & Kitchen,Air Fryer,1,5778,5778,10.0,577.8,5200.2,Net Banking,0
104787,2023-12-22,CUST3292,Wholesale,West,Sports,Yoga Mat,1,5548,5548,5.0,277.4,5270.6,UPI,0
104788,2024-08-01,CUST1086,New,South,Electronics,Smartphone,1,42279,42279,15.0,6341.85,35937.15,Credit Card,0
104789,2024-09-30,CUST2193,New,South,Sports,Running Shoes,1,7273,7273,0.0,0.0,7273.0,Net Banking,0
104790,2023-11-12,CUST1623,Regular,South,Electronics,Smartwatch,3,43356,130068,5.0,6503.4,123564.6,Debit Card,0
104791,2024-09-15,CUST3125,Premium,South,Home & Kitchen,Cookware Set,3,8480,25440,0.0,0.0,25440.0,Debit Card,0
104792,2023-12-19,CUST3414,Regular,East,Sports,Dumbbell Set,1,5604,5604,15.0,840.6,4763.4,UPI,0
104793,2024-12-20,CUST1264,Regular,Central,Home & Kitchen,Air Fryer,2,910,1820,5.0,91.0,1729.0,UPI,0
104794,2024-06-16,CUST2270,Premium,East,Beauty,Face Cream,1,2437,2437,20.0,487.4,1949.6,Net Banking,0
104795,2024-09-17,CUST2418,Regular,South,Home & Kitchen,Air Fryer,1,11372,11372,10.0,1137.2,10234.8,UPI,0
104796,2024-06-02,CUST2652,Regular,Central,Apparel,Jeans,1,708,708,0.0,0.0,708.0,UPI,0
104797,2023-08-26,CUST2939,Regular,East,Apparel,Jacket,3,3820,11460,15.0,1719.0,9741.0,Cash on Delivery,0
104798,2023-02-26,CUST2476,Premium,East,Sports,Cricket Bat,1,3962,3962,10.0,396.2,3565.8,Credit Card,0
104799,2024-01-15,CUST1017,Wholesale,East,Home & Kitchen,Cookware Set,2,4995,9990,10.0,999.0,8991.0,Credit Card,0
104800,2023-05-01,CUST2518,Regular,West,Electronics,Headphones,5,43964,219820,0.0,0.0,219820.0,UPI,0
104801,2023-04-16,CUST1838,Regular,South,Apparel,Dress,2,3524,7048,20.0,1409.6,5638.4,Net Banking,0
104802,2024-04-26,CUST1683,New,East,Home & Kitchen,Mixer Grinder,5,4334,21670,15.0,3250.5,18419.5,Cash on Delivery,0
104803,2023-11-24,CUST3330,New,North,Apparel,Jeans,2,1541,3082,10.0,308.2,2773.8,Cash on Delivery,0
104804,2023-12-24,CUST1912,Premium,South,Beauty,Sunscreen,4,1940,7760,5.0,388.0,7372.0,Credit Card,0
104805,2024-01-18,CUST2248,Premium,South,Electronics,Smartphone,4,29045,116180,0.0,0.0,116180.0,Debit Card,0
104806,2024-06-14,CUST2552,Regular,West,Apparel,Dress,1,1598,1598,10.0,159.8,1438.2,UPI,0
104807,2023-07-11,CUST2752,New,South,Home & Kitchen,Vacuum Cleaner,1,3744,3744,0.0,0.0,3744.0,Credit Card,0
104808,2023-06-11,CUST3205,New,North,Home & Kitchen,Bedsheet Set,1,4364,4364,20.0,872.8,3491.2,Debit Card,0
104809,2023-05-17,CUST1082,Premium,South,Apparel,Sneakers,1,3495,3495,5.0,174.75,3320.25,Debit Card,0
104810,2023-03-07,CUST2231,New,South,Electronics,Headphones,1,14473,14473,,,,Debit Card,0
104811,2023-04-08,CUST2997,Regular,South,Home & Kitchen,Air Fryer,1,7021,7021,10.0,702.1,6318.9,UPI,0
104812,2023-04-02,CUST2363,Wholesale,South,Apparel,Sneakers,5,2807,14035,20.0,2807.0,11228.0,Cash on Delivery,0
104813,2023-09-12,CUST1913,Regular,East,Sports,Dumbbell Set,2,7037,14074,10.0,1407.4,12666.6,Net Banking,0
104814,2024-11-05,CUST2993,Premium,South,Sports,Running Shoes,2,6135,12270,20.0,2454.0,9816.0,Credit Card,0
104815,2024-02-03,CUST1049,Regular,West,Home & Kitchen,Vacuum Cleaner,1,3397,3397,20.0,679.4,2717.6,Cash on Delivery,0
104816,2024-07-08,CUST2583,New,South,Apparel,Jacket,1,2070,2070,10.0,207.0,1863.0,Debit Card,0
104817,2023-05-05,CUST2771,Premium,South,Apparel,Dress,2,2233,4466,0.0,0.0,4466.0,UPI,0
104818,2024-08-06,CUST3167,Regular,South,Sports,Dumbbell Set,2,1108,2216,30.0,664.8,1551.2,Credit Card,0
104819,2023-07-24,CUST2547,Premium,West,Sports,Dumbbell Set,1,1693,1693,5.0,84.65,1608.35,Credit Card,0
104820,2023-01-16,CUST2005,Premium,South,Home & Kitchen,Cookware Set,1,6915,6915,0.0,0.0,6915.0,UPI,0
104821,2024-03-07,CUST1721,Premium,South,Apparel,T-Shirt,2,1942,3884,15.0,582.6,3301.4,Credit Card,0
104822,2023-11-20,CUST3165,Regular,East,Electronics,Tablet,1,26621,26621,5.0,1331.05,25289.95,Cash on Delivery,0
104823,2024-07-13,CUST2571,Regular,East,Sports,Cycling Helmet,2,7787,15574,5.0,778.7,14795.3,Net Banking,0
104824,2023-02-01,CUST1836,Regular,East,Sports,Yoga Mat,1,2812,2812,15.0,421.8,2390.2,UPI,0
104825,2024-12-21,CUST3287,Premium,East,Beauty,Face Cream,1,2244,2244,0.0,0.0,2244.0,Debit Card,0
104826,2024-11-09,CUST1462,Premium,East,Sports,Cricket Bat,2,7071,14142,15.0,2121.3,12020.7,Credit Card,0
104827,2023-07-23,CUST1916,Regular,Central,Apparel,Sneakers,1,3636,3636,15.0,545.4,3090.6,UPI,0
104828,2023-03-16,CUST1985,Wholesale,West,Sports,Yoga Mat,2,2408,4816,10.0,481.6,4334.4,UPI,1
104829,2023-02-17,CUST1480,Wholesale,South,Sports,Running Shoes,2,4699,9398,10.0,939.8,8458.2,UPI,0
104830,2024-07-22,CUST1680,Regular,North,Electronics,Tablet,2,51257,102514,10.0,10251.4,92262.6,UPI,0
104831,2024-09-04,CUST2587,Regular,East,Electronics,Laptop,1,8367,8367,15.0,1255.05,7111.95,UPI,0
104832,2023-01-08,CUST2834,Regular,Central,Apparel,T-Shirt,1,3210,3210,10.0,321.0,2889.0,UPI,1
104833,2023-01-18,CUST1376,Regular,North,Home & Kitchen,Cookware Set,2,3102,6204,0.0,0.0,6204.0,Net Banking,0
104834,2023-03-23,CUST1476,Wholesale,North,Sports,Cricket Bat,1,3895,3895,5.0,194.75,3700.25,UPI,0
104835,2024-01-26,CUST1039,Premium,East,Home & Kitchen,Cookware Set,2,3543,7086,5.0,354.3,6731.7,Credit Card,0
104836,2024-08-11,CUST2326,New,Central,Home & Kitchen,Cookware Set,1,1104,1104,10.0,110.4,993.6,UPI,0
104837,2023-03-07,CUST1881,Premium,East,Apparel,Sneakers,1,3010,3010,15.0,451.5,2558.5,,0
104838,2024-11-09,CUST2276,New,South,Beauty,Face Cream,1,2443,2443,20.0,488.6,1954.4,Net Banking,0
104839,2023-01-06,CUST1146,Regular,South,Electronics,Headphones,1,26938,26938,5.0,1346.9,25591.1,Net Banking,0
104840,2024-04-21,CUST3258,Premium,East,Beauty,Shampoo,1,1306,1306,5.0,65.3,1240.7,Credit Card,0
104841,2023-01-08,CUST1458,Premium,West,Beauty,Shampoo,5,1086,5430,0.0,0.0,5430.0,Credit Card,0
104842,2024-02-16,CUST2547,Regular,South,Apparel,Sneakers,1,1733,1733,0.0,0.0,1733.0,Debit Card,0
104843,2023-05-03,CUST1847,New,West,Beauty,Shampoo,1,455,455,10.0,45.5,409.5,Net Banking,0
104844,2023-08-15,CUST1613,New,South,Apparel,T-Shirt,1,2021,2021,5.0,101.05,1919.95,Credit Card,0
104845,2023-10-28,CUST2699,Premium,South,Electronics,Smartwatch,4,21776,87104,15.0,13065.6,74038.4,UPI,0
104846,2023-12-12,CUST2482,Premium,West,Apparel,Jeans,1,604,604,15.0,90.6,513.4,Credit Card,0
104847,2024-05-07,CUST1113,Regular,North,Home & Kitchen,Cookware Set,5,2457,12285,5.0,614.25,11670.75,Net Banking,0
104848,2024-07-19,CUST2270,Regular,Central,Home & Kitchen,Mixer Grinder,1,11968,11968,20.0,2393.6,9574.4,UPI,0
104849,2024-03-16,CUST1072,Premium,South,Sports,Dumbbell Set,4,3471,13884,,,,Cash on Delivery,0
104850,2023-08-19,CUST2189,Regular,North,Sports,Cricket Bat,1,4685,4685,0.0,0.0,4685.0,Cash on Delivery,0
104851,2024-02-02,CUST1575,New,West,Home & Kitchen,Cookware Set,2,9024,18048,20.0,3609.6,14438.4,Cash on Delivery,0
104852,2023-08-07,CUST1028,New,East,Apparel,T-Shirt,1,1937,1937,5.0,96.85,1840.15,Credit Card,0
104853,2024-02-20,CUST3369,Regular,North,Electronics,Tablet,1,8846,8846,15.0,1326.9,7519.1,UPI,0
104854,2023-06-15,CUST1653,Premium,North,Beauty,Lipstick,1,235,235,0.0,0.0,235.0,Cash on Delivery,1
104855,2024-11-08,CUST3285,Wholesale,South,Apparel,Dress,1,1562,1562,5.0,78.1,1483.9,UPI,0
104856,2024-10-16,CUST2991,Wholesale,Central,Beauty,Shampoo,3,1203,3609,20.0,721.8,2887.2,Cash on Delivery,0
104857,2023-03-24,CUST2209,Regular,West,Electronics,Laptop,2,26630,53260,20.0,10652.0,42608.0,Credit Card,0
104858,2023-04-01,CUST2210,Premium,West,Home & Kitchen,Vacuum Cleaner,5,8484,42420,0.0,0.0,42420.0,Net Banking,0
104859,2023-12-12,CUST1208,Premium,East,Apparel,T-Shirt,1,1614,1614,,,,Cash on Delivery,0
104860,2023-02-20,CUST2739,Premium,North,Apparel,Dress,4,2147,8588,0.0,0.0,8588.0,UPI,0
104861,2023-09-18,CUST3499,Wholesale,Central,Apparel,Sneakers,2,969,1938,0.0,0.0,1938.0,Net Banking,0
104862,2023-01-26,CUST2763,New,North,Sports,Cycling Helmet,2,5783,11566,5.0,578.3,10987.7,UPI,0
104863,2024-11-11,CUST1242,New,East,Home & Kitchen,Air Fryer,1,4045,4045,5.0,202.25,3842.75,UPI,0
104864,2024-03-14,CUST1328,Regular,East,Electronics,Laptop,3,12867,38601,10.0,3860.1,34740.9,UPI,0
104865,2023-07-12,CUST2225,Regular,North,Home & Kitchen,Mixer Grinder,2,3855,7710,,,,Credit Card,0
104866,2023-03-12,CUST1148,Regular,East,Beauty,Perfume,3,544,1632,5.0,81.6,1550.4,Credit Card,0
104867,2023-12-26,CUST2663,Regular,Central,Sports,Cricket Bat,2,4150,8300,15.0,1245.0,7055.0,UPI,0
104868,2024-09-25,CUST2449,Regular,North,Electronics,Smartphone,1,51362,51362,0.0,0.0,51362.0,UPI,0
104869,2024-03-20,CUST2964,Regular,North,Electronics,Laptop,4,54727,218908,20.0,43781.6,175126.4,Credit Card,1
104870,2024-01-21,CUST2071,Regular,South,Home & Kitchen,Air Fryer,2,6626,13252,0.0,0.0,13252.0,UPI,0
104871,2023-12-28,CUST3377,Premium,North,Electronics,Smartphone,1,44017,44017,10.0,4401.7,39615.3,UPI,0
104872,2024-08-01,CUST3133,New,East,Apparel,Jacket,2,463,926,0.0,0.0,926.0,,0
104873,2023-12-19,CUST2008,Wholesale,East,Home & Kitchen,Mixer Grinder,1,9462,9462,15.0,1419.3,8042.7,Debit Card,0
104874,2023-07-10,CUST3305,Regular,East,Sports,Running Shoes,1,4896,4896,15.0,734.4,4161.6,Credit Card,0
104875,2024-06-25,CUST2773,New,North,Electronics,Headphones,1,13668,13668,0.0,0.0,13668.0,Debit Card,0
104876,2024-05-15,CUST3159,Wholesale,South,Apparel,T-Shirt,1,3147,3147,20.0,629.4,2517.6,UPI,1
104877,2023-10-24,CUST1266,New,North,Electronics,Smartphone,2,49840,99680,20.0,19936.0,79744.0,UPI,0
104878,2024-08-18,CUST2986,Regular,South,Electronics,Smartphone,1,23020,23020,15.0,3453.0,19567.0,UPI,0
104879,2023-10-28,CUST2267,New,East,Home & Kitchen,Vacuum Cleaner,1,1201,1201,0.0,0.0,1201.0,Credit Card,0
104880,2023-09-11,CUST2300,New,North,Sports,Running Shoes,2,5024,10048,10.0,1004.8,9043.2,UPI,0
104881,2024-01-17,CUST2675,Regular,South,Beauty,Lipstick,1,2041,2041,0.0,0.0,2041.0,Cash on Delivery,0
104882,2023-08-21,CUST1322,Regular,West,Apparel,Sneakers,2,1085,2170,0.0,0.0,2170.0,Debit Card,0
104883,2024-08-07,CUST1783,Wholesale,West,Electronics,Headphones,2,28308,56616,5.0,2830.8,53785.2,UPI,0
104884,2023-01-22,CUST3241,Regular,East,Beauty,Lipstick,1,765,765,5.0,38.25,726.75,Credit Card,0
104885,2023-03-29,CUST1655,Premium,South,Beauty,Face Cream,2,505,1010,20.0,202.0,808.0,UPI,0
104886,2024-11-28,CUST2894,Premium,East,Home & Kitchen,Cookware Set,1,7808,7808,15.0,1171.2,6636.8,Debit Card,0
104887,2023-09-13,CUST2410,Premium,South,Sports,Yoga Mat,1,2652,2652,10.0,265.2,2386.8,UPI,0
104888,2024-11-21,CUST2175,Wholesale,North,Beauty,Face Cream,1,735,735,5.0,36.75,698.25,Debit Card,0
104889,2024-04-17,CUST1937,Premium,Central,Beauty,Shampoo,1,1195,1195,5.0,59.75,1135.25,Debit Card,0
104890,2023-12-19,CUST2851,Regular,West,Home & Kitchen,Mixer Grinder,1,6102,6102,20.0,1220.4,4881.6,UPI,0
104891,2023-07-18,CUST1947,Wholesale,South,Electronics,Smartphone,1,52515,52515,0.0,0.0,52515.0,UPI,0
104892,2024-04-29,CUST1796,Premium,North,Electronics,Smartphone,2,37245,74490,10.0,7449.0,67041.0,Debit Card,0
104893,2023-02-16,CUST2657,Premium,North,Electronics,Headphones,4,37348,149392,0.0,0.0,149392.0,Debit Card,0
104894,2024-01-18,CUST1154,New,West,Beauty,Face Cream,2,1233,2466,0.0,0.0,2466.0,UPI,1
104895,2024-11-18,CUST2914,Regular,North,Apparel,Jacket,1,2047,2047,0.0,0.0,2047.0,UPI,0
104896,2023-07-30,CUST1825,Regular,Central,Home & Kitchen,Air Fryer,1,9731,9731,5.0,486.55,9244.45,Debit Card,0
104897,2023-03-22,CUST1621,Premium,South,Home & Kitchen,Bedsheet Set,3,2334,7002,10.0,700.2,6301.8,UPI,0
104898,2024-08-26,CUST3148,Wholesale,Central,Apparel,Dress,1,428,428,5.0,21.4,406.6,,0
104899,2023-08-24,CUST1757,Wholesale,East,Home & Kitchen,Bedsheet Set,1,2125,2125,5.0,106.25,2018.75,UPI,0
104900,2024-05-03,CUST2945,Premium,North,Apparel,Dress,1,2067,2067,5.0,103.35,1963.65,Credit Card,0
104901,2024-10-26,CUST1850,Premium,North,Apparel,Jeans,5,2396,11980,15.0,1797.0,10183.0,Cash on Delivery,0
104902,2024-11-05,CUST1819,Wholesale,South,Sports,Dumbbell Set,1,2540,2540,0.0,0.0,2540.0,UPI,0
104903,2024-02-12,CUST2939,New,North,Beauty,Face Cream,2,1126,2252,0.0,0.0,2252.0,Debit Card,0
104904,2024-06-17,CUST1654,Regular,North,Beauty,Lipstick,4,2169,8676,0.0,0.0,8676.0,,0
104905,2024-02-28,CUST2709,New,East,Home & Kitchen,Bedsheet Set,1,862,862,0.0,0.0,862.0,UPI,0
104906,2024-05-07,CUST3212,Wholesale,North,Sports,Yoga Mat,4,4139,16556,0.0,0.0,16556.0,UPI,0
104907,2023-12-03,CUST3117,Regular,West,Sports,Dumbbell Set,1,6994,6994,10.0,699.4,6294.6,Debit Card,0
104908,2023-04-09,CUST3115,Premium,South,Home & Kitchen,Air Fryer,1,4894,4894,20.0,978.8,3915.2,Net Banking,0
104909,2023-06-02,CUST1350,Regular,North,Apparel,Jeans,2,2196,4392,0.0,0.0,4392.0,Credit Card,0
104910,2023-12-15,CUST2144,Premium,West,Beauty,Shampoo,3,2191,6573,,,,UPI,0
104911,2024-01-30,CUST2207,Regular,West,Beauty,Face Cream,1,766,766,0.0,0.0,766.0,,0
104912,2024-03-24,CUST3063,Premium,North,Electronics,Laptop,1,3934,3934,0.0,0.0,3934.0,Debit Card,0
104913,2023-12-04,CUST1287,Regular,North,Beauty,Shampoo,3,2380,7140,20.0,1428.0,5712.0,Credit Card,0
104914,2024-05-06,CUST1771,New,South,Apparel,Jeans,1,2251,2251,10.0,225.1,2025.9,UPI,0
104915,2024-09-17,CUST2473,Regular,North,Home & Kitchen,Mixer Grinder,3,7478,22434,10.0,2243.4,20190.6,Net Banking,0
104916,2024-04-30,CUST2700,New,Central,Home & Kitchen,Mixer Grinder,1,10526,10526,0.0,0.0,10526.0,Debit Card,0
104917,2024-02-19,CUST2115,Regular,South,Apparel,Jeans,1,3436,3436,15.0,515.4,2920.6,Credit Card,0
104918,2023-12-29,CUST3496,New,East,Apparel,Jacket,1,2255,2255,15.0,338.25,1916.75,Credit Card,0
104919,2023-10-11,CUST1785,Premium,Central,Home & Kitchen,Bedsheet Set,1,2007,2007,20.0,401.4,1605.6,Net Banking,1
104920,2024-03-26,CUST2545,New,East,Home & Kitchen,Vacuum Cleaner,1,10066,10066,20.0,2013.2,8052.8,Credit Card,0
104921,2023-02-08,CUST3033,Premium,East,Home & Kitchen,Cookware Set,2,6114,12228,0.0,0.0,12228.0,Cash on Delivery,0
104922,2024-10-17,CUST3274,Premium,Central,Electronics,Laptop,3,9399,28197,15.0,4229.55,23967.45,Cash on Delivery,0
104923,2024-07-13,CUST1662,Premium,South,Electronics,Smartwatch,2,51243,102486,15.0,15372.9,87113.1,Credit Card,0
104924,2024-08-26,CUST1642,Premium,West,Home & Kitchen,Mixer Grinder,1,9121,9121,20.0,1824.2,7296.8,UPI,0
104925,2024-03-23,CUST2692,Regular,South,Sports,Cycling Helmet,1,3113,3113,0.0,0.0,3113.0,,0
104926,2023-04-15,CUST1327,Premium,South,Sports,Cycling Helmet,5,2195,10975,5.0,548.75,10426.25,UPI,0
104927,2023-08-29,CUST2470,New,West,Apparel,Dress,1,532,532,10.0,53.2,478.8,Cash on Delivery,0
104928,2023-02-13,CUST1869,Wholesale,West,Electronics,Smartwatch,1,25976,25976,5.0,1298.8,24677.2,Cash on Delivery,0
104929,2024-10-11,CUST2396,Regular,North,Apparel,Dress,5,444,2220,15.0,333.0,1887.0,,0
104930,2024-02-08,CUST2162,Premium,East,Electronics,Headphones,2,22114,44228,0.0,0.0,44228.0,Cash on Delivery,0
104931,2023-04-29,CUST1273,Regular,Central,Electronics,Tablet,1,28024,28024,0.0,0.0,28024.0,Debit Card,0
104932,2024-11-06,CUST2195,Regular,South,Home & Kitchen,Cookware Set,5,7000,35000,0.0,0.0,35000.0,Credit Card,0
104933,2024-12-11,CUST2585,New,South,Home & Kitchen,Air Fryer,1,10464,10464,5.0,523.2,9940.8,Cash on Delivery,0
104934,2024-09-26,CUST1780,Regular,West,Beauty,Perfume,1,1226,1226,5.0,61.3,1164.7,UPI,0
104935,2023-10-02,CUST2270,New,Central,Apparel,Sneakers,2,1926,3852,15.0,577.8,3274.2,Credit Card,0
104936,2024-09-14,CUST1472,Premium,East,Sports,Running Shoes,2,4978,9956,5.0,497.8,9458.2,Debit Card,0
104937,2024-06-10,CUST2716,Premium,South,Beauty,Perfume,1,1331,1331,5.0,66.55,1264.45,,0
104938,2023-08-17,CUST3309,Premium,North,Home & Kitchen,Bedsheet Set,1,6266,6266,5.0,313.3,5952.7,Debit Card,0
104939,2023-09-04,CUST1090,New,South,Beauty,Sunscreen,2,797,1594,15.0,239.1,1354.9,Cash on Delivery,0
104940,2024-09-07,CUST2325,Wholesale,East,Home & Kitchen,Vacuum Cleaner,1,3475,3475,0.0,0.0,3475.0,UPI,0
104941,2023-12-05,CUST3281,Wholesale,North,Beauty,Sunscreen,3,317,951,5.0,47.55,903.45,Credit Card,0
104942,2024-05-11,CUST1811,Regular,North,Apparel,Jeans,4,1962,7848,5.0,392.4,7455.6,Credit Card,0
104943,2024-03-28,CUST2979,Regular,South,Electronics,Headphones,1,8653,8653,20.0,1730.6,6922.4,Credit Card,0
104944,2024-01-24,CUST2111,Premium,South,Beauty,Sunscreen,2,976,1952,15.0,292.8,1659.2,UPI,0
104945,2024-09-07,CUST3386,Regular,South,Beauty,Lipstick,5,1877,9385,20.0,1877.0,7508.0,Credit Card,0
104946,2023-05-02,CUST3204,Wholesale,West,Apparel,T-Shirt,3,2877,8631,0.0,0.0,8631.0,UPI,0
104947,2024-12-22,CUST2653,Premium,North,Sports,Cricket Bat,1,1632,1632,5.0,81.6,1550.4,Cash on Delivery,0
104948,2024-08-08,CUST2746,Premium,East,Home & Kitchen,Mixer Grinder,1,7167,7167,15.0,1075.05,6091.95,Debit Card,0
104949,2024-06-02,CUST3313,New,East,Sports,Cycling Helmet,2,6775,13550,10.0,1355.0,12195.0,Cash on Delivery,0
104950,2023-03-22,CUST2168,Premium,South,Home & Kitchen,Mixer Grinder,1,4721,4721,20.0,944.2,3776.8,Cash on Delivery,0
104951,2024-09-16,CUST1564,Premium,South,Electronics,Headphones,3,53270,159810,5.0,7990.5,151819.5,Credit Card,0
104952,2024-01-06,CUST2368,Premium,East,Home & Kitchen,Vacuum Cleaner,1,3266,3266,15.0,489.9,2776.1,Cash on Delivery,0
104953,2023-09-16,CUST2006,Premium,West,Beauty,Shampoo,3,374,1122,0.0,0.0,1122.0,Cash on Delivery,0
104954,2024-09-17,CUST1126,Premium,East,Electronics,Headphones,1,26523,26523,10.0,2652.3,23870.7,UPI,0
104955,2023-08-22,CUST2524,New,Central,Home & Kitchen,Air Fryer,1,10782,10782,0.0,0.0,10782.0,Net Banking,0
104956,2024-07-01,CUST1882,Regular,Central,Beauty,Lipstick,1,1617,1617,10.0,161.7,1455.3,UPI,0
104957,2024-09-07,CUST2615,Premium,North,Apparel,Jacket,1,2250,2250,10.0,225.0,2025.0,Debit Card,0
104958,2023-09-08,CUST2800,Premium,West,Electronics,Smartwatch,4,52467,209868,5.0,10493.4,199374.6,Cash on Delivery,0
104959,2024-06-24,CUST1990,Regular,West,Beauty,Face Cream,1,2450,2450,20.0,490.0,1960.0,Cash on Delivery,0
104960,2023-01-11,CUST2725,Regular,West,Apparel,Jeans,1,3674,3674,0.0,0.0,3674.0,Cash on Delivery,0
104961,2023-11-07,CUST2853,Premium,Central,Electronics,Tablet,2,18071,36142,20.0,7228.4,28913.6,Debit Card,0
104962,2023-02-01,CUST2378,New,East,Home & Kitchen,Cookware Set,1,5207,5207,0.0,0.0,5207.0,Net Banking,0
104963,2023-10-22,CUST1128,Premium,South,Electronics,Laptop,4,8639,34556,10.0,3455.6,31100.4,Debit Card,0
104964,2023-03-20,CUST3413,Regular,East,Apparel,Dress,5,1422,7110,0.0,0.0,7110.0,Debit Card,0
104965,2023-06-16,CUST3148,Regular,North,Electronics,Headphones,3,17628,52884,15.0,7932.6,44951.4,Debit Card,0
104966,2024-03-12,CUST1366,Regular,Central,Sports,Running Shoes,1,5424,5424,20.0,1084.8,4339.2,Net Banking,0
104967,2023-11-20,CUST2093,Regular,Central,Apparel,Jacket,2,1515,3030,20.0,606.0,2424.0,Debit Card,0
104968,2024-12-12,CUST3337,Regular,North,Apparel,Sneakers,3,2518,7554,20.0,1510.8,6043.2,UPI,0
104969,2023-07-22,CUST1081,Regular,Central,Apparel,Jeans,1,3795,3795,20.0,759.0,3036.0,Credit Card,0
104970,2023-04-06,CUST1717,Premium,South,Sports,Cricket Bat,1,3725,3725,5.0,186.25,3538.75,UPI,0
104971,2024-08-12,CUST1258,Premium,Central,Home & Kitchen,Mixer Grinder,1,5409,5409,0.0,0.0,5409.0,UPI,0
104972,2024-10-13,CUST2753,Regular,East,Beauty,Shampoo,1,1820,1820,10.0,182.0,1638.0,Net Banking,0
104973,2024-01-14,CUST3218,Regular,South,Home & Kitchen,Vacuum Cleaner,1,1841,1841,0.0,0.0,1841.0,Credit Card,0
104974,2023-10-15,CUST3465,New,Central,Beauty,Lipstick,1,1216,1216,15.0,182.4,1033.6,Debit Card,0
104975,2024-06-09,CUST2367,Regular,North,Sports,Dumbbell Set,1,7812,7812,0.0,0.0,7812.0,Credit Card,0
104976,2023-08-06,CUST2731,Regular,South,Home & Kitchen,Vacuum Cleaner,1,6417,6417,0.0,0.0,6417.0,UPI,0
104977,2024-10-24,CUST2862,Regular,South,Electronics,Smartwatch,1,46953,46953,10.0,4695.3,42257.7,Net Banking,0
104978,2023-12-08,CUST3060,Regular,South,Electronics,Laptop,3,49929,149787,0.0,0.0,149787.0,Cash on Delivery,0
104979,2023-11-21,CUST2291,Regular,South,Electronics,Headphones,1,47296,47296,10.0,4729.6,42566.4,Net Banking,0
104980,2023-10-03,CUST2764,Wholesale,East,Beauty,Perfume,2,1794,3588,,,,Net Banking,0
104981,2023-04-22,CUST1976,Wholesale,West,Electronics,Tablet,5,52766,263830,0.0,0.0,263830.0,Credit Card,0
104982,2023-01-02,CUST2025,Premium,North,Apparel,T-Shirt,1,2591,2591,20.0,518.2,2072.8,Net Banking,0
104983,2023-10-05,CUST1675,New,East,Apparel,Dress,2,3217,6434,,,,UPI,0
104984,2023-08-04,CUST2401,Wholesale,East,Electronics,Tablet,2,24760,49520,15.0,7428.0,42092.0,Debit Card,0
104985,2024-12-01,CUST1856,Regular,West,Apparel,Dress,1,3878,3878,5.0,193.9,3684.1,UPI,0
104986,2023-07-10,CUST2506,Regular,South,Sports,Dumbbell Set,2,7820,15640,10.0,1564.0,14076.0,Debit Card,0
104987,2024-12-24,CUST2413,Regular,West,Home & Kitchen,Air Fryer,1,9073,9073,15.0,1360.95,7712.05,Debit Card,0
104988,2024-03-29,CUST1293,New,West,Sports,Dumbbell Set,1,5434,5434,0.0,0.0,5434.0,Net Banking,0
104989,2023-01-31,CUST3173,Wholesale,South,Sports,Cricket Bat,4,3395,13580,20.0,2716.0,10864.0,Credit Card,0
104990,2023-07-11,CUST3087,Regular,North,Sports,Yoga Mat,3,4450,13350,0.0,0.0,13350.0,Cash on Delivery,0
104991,2023-09-06,CUST2480,Premium,West,Sports,Running Shoes,3,5094,15282,20.0,3056.4,12225.6,Cash on Delivery,0
104992,2024-10-08,CUST2718,Regular,North,Sports,Cycling Helmet,1,7320,7320,0.0,0.0,7320.0,Cash on Delivery,0
104993,2023-06-11,CUST3188,New,South,Home & Kitchen,Air Fryer,2,858,1716,0.0,0.0,1716.0,Net Banking,0
104994,2024-10-16,CUST1130,Premium,North,Sports,Running Shoes,1,937,937,0.0,0.0,937.0,UPI,0
104995,2024-11-11,CUST3397,Regular,East,Apparel,T-Shirt,3,1798,5394,5.0,269.7,5124.3,UPI,0
104996,2023-02-18,CUST2966,New,South,Beauty,Perfume,5,1783,8915,5.0,445.75,8469.25,UPI,0
104997,2024-05-21,CUST2101,Premium,North,Apparel,Dress,2,569,1138,0.0,0.0,1138.0,UPI,0
104998,2023-01-14,CUST1001,New,Central,Beauty,Shampoo,2,2131,4262,10.0,426.2,3835.8,UPI,0
104999,2023-05-04,CUST1294,Regular,East,Electronics,Laptop,2,5296,10592,0.0,0.0,10592.0,Credit Card,0
105000,2024-02-09,CUST1271,Wholesale,South,Sports,Cricket Bat,1,3900,3900,5.0,195.0,3705.0,Net Banking,0
105001,2023-01-30,CUST1102,Premium,East,Beauty,Sunscreen,1,1964,1964,10.0,196.4,1767.6,Cash on Delivery,0
105002,2024-07-10,CUST1327,Regular,West,Apparel,T-Shirt,1,3520,3520,,,,Debit Card,0
105003,2024-10-12,CUST3016,New,Central,Sports,Dumbbell Set,3,5159,15477,0.0,0.0,15477.0,Credit Card,0
105004,2023-10-30,CUST2215,Regular,West,Electronics,Smartwatch,1,58927,58927,10.0,5892.7,53034.3,Cash on Delivery,0
105005,2023-06-01,CUST2564,Premium,West,Sports,Dumbbell Set,2,2238,4476,5.0,223.8,4252.2,UPI,0
105006,2023-09-16,CUST1970,Regular,East,Home & Kitchen,Air Fryer,2,7038,14076,30.0,4222.8,9853.2,Cash on Delivery,0
105007,2024-05-18,CUST1245,Regular,Central,Beauty,Sunscreen,1,446,446,5.0,22.3,423.7,UPI,0
105008,2024-04-15,CUST3183,Regular,East,Apparel,Dress,2,2463,4926,0.0,0.0,4926.0,UPI,0
105009,2023-02-17,CUST2755,Wholesale,East,Electronics,Smartphone,5,31390,156950,10.0,15695.0,141255.0,Credit Card,1
105010,2023-12-05,CUST1921,New,North,Sports,Cricket Bat,1,5354,5354,,,,Cash on Delivery,0
105011,2024-02-13,CUST1084,Regular,East,Beauty,Perfume,1,2153,2153,15.0,322.95,1830.05,Debit Card,0
105012,2024-08-20,CUST2156,Regular,North,Sports,Cycling Helmet,5,6580,32900,0.0,0.0,32900.0,Debit Card,0
105013,2024-07-06,CUST1792,New,South,Beauty,Perfume,1,2353,2353,10.0,235.3,2117.7,Credit Card,0
105014,2023-09-28,CUST1008,Regular,South,Apparel,T-Shirt,4,2906,11624,15.0,1743.6,9880.4,Cash on Delivery,0
105015,2023-01-25,CUST2778,Regular,East,Apparel,Sneakers,2,2319,4638,20.0,927.6,3710.4,Net Banking,0
105016,2023-10-25,CUST1577,Premium,West,Electronics,Smartwatch,2,15316,30632,30.0,9189.6,21442.4,UPI,0
105017,2024-10-11,CUST1717,Regular,West,Apparel,T-Shirt,2,3851,7702,10.0,770.2,6931.8,Cash on Delivery,0
105018,2024-02-02,CUST3266,Regular,North,Apparel,Jeans,1,519,519,0.0,0.0,519.0,Net Banking,0
105019,2024-10-14,CUST2504,Regular,East,Electronics,Tablet,1,59763,59763,15.0,8964.45,50798.55,UPI,0
105020,2024-05-29,CUST2902,Regular,East,Electronics,Headphones,1,21458,21458,0.0,0.0,21458.0,UPI,0
105021,2024-05-10,CUST3312,Regular,South,Apparel,T-Shirt,1,946,946,20.0,189.2,756.8,Net Banking,0
105022,2024-06-27,CUST2713,Regular,West,Electronics,Smartwatch,1,28734,28734,0.0,0.0,28734.0,Cash on Delivery,0
105023,2024-05-10,CUST2681,Regular,Central,Apparel,Sneakers,1,697,697,,,,Cash on Delivery,0
105024,2024-06-22,CUST3485,Premium,Central,Beauty,Perfume,4,563,2252,5.0,112.6,2139.4,Cash on Delivery,0
105025,2023-11-15,CUST2300,Regular,West,Beauty,Sunscreen,1,2061,2061,15.0,309.15,1751.85,Net Banking,0
105026,2024-04-15,CUST3345,Regular,South,Beauty,Lipstick,1,2162,2162,15.0,324.3,1837.7,Cash on Delivery,0
105027,2024-01-18,CUST2020,Regular,East,Electronics,Smartwatch,1,42557,42557,0.0,0.0,42557.0,UPI,0
105028,2024-11-03,CUST1253,Regular,Central,Beauty,Face Cream,5,219,1095,20.0,219.0,876.0,Debit Card,0
105029,2024-11-26,CUST1576,Regular,West,Beauty,Face Cream,4,1706,6824,15.0,1023.6,5800.4,Cash on Delivery,0
105030,2023-08-17,CUST1374,Regular,South,Electronics,Headphones,2,33459,66918,10.0,6691.8,60226.2,UPI,0
105031,2024-01-06,CUST2192,New,North,Sports,Cricket Bat,1,2385,2385,10.0,238.5,2146.5,UPI,0
105032,2023-04-04,CUST3084,Regular,North,Beauty,Shampoo,2,220,440,5.0,22.0,418.0,Net Banking,0
105033,2023-03-31,CUST1237,New,East,Home & Kitchen,Air Fryer,3,11640,34920,10.0,3492.0,31428.0,Debit Card,0
105034,2023-12-26,CUST2317,New,Central,Electronics,Tablet,1,15620,15620,30.0,4686.0,10934.0,Cash on Delivery,0
105035,2024-03-21,CUST2019,Regular,Central,Sports,Yoga Mat,3,5542,16626,0.0,0.0,16626.0,Debit Card,0
105036,2023-10-19,CUST1386,Regular,West,Beauty,Shampoo,2,535,1070,15.0,160.5,909.5,Credit Card,0
105037,2024-07-03,CUST1823,Regular,North,Beauty,Perfume,1,1817,1817,15.0,272.55,1544.45,UPI,0
105038,2023-05-24,CUST1705,Regular,West,Beauty,Sunscreen,1,2290,2290,,,,Credit Card,0
105039,2024-08-20,CUST2427,Regular,Central,Home & Kitchen,Mixer Grinder,1,3565,3565,15.0,534.75,3030.25,Net Banking,0
105040,2023-09-29,CUST1766,Regular,East,Sports,Dumbbell Set,1,7920,7920,0.0,0.0,7920.0,Debit Card,0
105041,2023-12-12,CUST1028,Regular,Central,Sports,Yoga Mat,4,3722,14888,30.0,4466.4,10421.6,Cash on Delivery,0
105042,2023-09-20,CUST1528,Regular,Central,Electronics,Tablet,2,30488,60976,5.0,3048.8,57927.2,UPI,0
105043,2023-11-07,CUST2518,Premium,West,Beauty,Sunscreen,2,620,1240,15.0,186.0,1054.0,Cash on Delivery,0
105044,2023-03-15,CUST2860,Wholesale,East,Beauty,Face Cream,1,738,738,10.0,73.8,664.2,UPI,0
105045,2023-01-30,CUST1178,Regular,South,Home & Kitchen,Mixer Grinder,1,6607,6607,20.0,1321.4,5285.6,UPI,0
105046,2024-05-11,CUST2022,Regular,South,Beauty,Lipstick,4,2270,9080,5.0,454.0,8626.0,UPI,1
105047,2023-05-02,CUST2172,New,South,Apparel,Sneakers,1,590,590,0.0,0.0,590.0,UPI,0
105048,2024-07-07,CUST3198,Regular,South,Apparel,Jeans,1,1884,1884,5.0,94.2,1789.8,Cash on Delivery,0
105049,2023-05-02,CUST2445,New,East,Beauty,Face Cream,1,1167,1167,0.0,0.0,1167.0,Credit Card,0
105050,2023-11-15,CUST1133,Wholesale,Central,Beauty,Face Cream,3,572,1716,10.0,171.6,1544.4,Credit Card,0
105051,2024-10-31,CUST1325,Regular,West,Electronics,Headphones,1,45643,45643,20.0,9128.6,36514.4,UPI,0
105052,2024-10-06,CUST3293,Wholesale,South,Apparel,Dress,1,3756,3756,15.0,563.4,3192.6,Credit Card,0
105053,2024-12-28,CUST1430,Premium,North,Electronics,Smartphone,1,10325,10325,10.0,1032.5,9292.5,UPI,0
105054,2023-11-26,CUST2154,Wholesale,East,Beauty,Sunscreen,4,168,672,15.0,100.8,571.2,Net Banking,0
105055,2023-10-05,CUST3203,Wholesale,South,Beauty,Sunscreen,5,158,790,5.0,39.5,750.5,Debit Card,0
105056,2024-09-01,CUST2593,Regular,South,Apparel,Jeans,1,3001,3001,10.0,300.1,2700.9,UPI,0
105057,2023-11-30,CUST2703,New,North,Sports,Cricket Bat,2,4305,8610,15.0,1291.5,7318.5,Credit Card,0
105058,2024-10-17,CUST2311,Wholesale,East,Home & Kitchen,Bedsheet Set,1,9396,9396,10.0,939.6,8456.4,Credit Card,0
105059,2024-03-05,CUST1492,Premium,East,Apparel,Sneakers,2,454,908,15.0,136.2,771.8,UPI,0
105060,2024-06-22,CUST3203,Wholesale,East,Sports,Cycling Helmet,1,503,503,15.0,75.45,427.55,Credit Card,0
105061,2023-06-07,CUST1633,Regular,West,Sports,Running Shoes,1,6938,6938,5.0,346.9,6591.1,UPI,0
105062,2023-02-22,CUST1696,New,North,Apparel,T-Shirt,3,688,2064,15.0,309.6,1754.4,Net Banking,0
105063,2023-06-20,CUST2427,Premium,Central,Apparel,Dress,2,1950,3900,0.0,0.0,3900.0,Credit Card,0
105064,2024-12-14,CUST2860,Regular,South,Electronics,Tablet,1,38285,38285,20.0,7657.0,30628.0,UPI,1
105065,2023-05-18,CUST3288,Regular,South,Sports,Dumbbell Set,3,7454,22362,0.0,0.0,22362.0,UPI,0
105066,2024-02-23,CUST1820,New,West,Apparel,Jacket,2,3549,7098,10.0,709.8,6388.2,Debit Card,0
105067,2024-07-26,CUST1217,Premium,West,Sports,Cycling Helmet,4,5544,22176,20.0,4435.2,17740.8,Debit Card,0
105068,2024-09-16,CUST1608,Regular,North,Apparel,Jeans,1,1872,1872,0.0,0.0,1872.0,Cash on Delivery,0
105069,2024-06-11,CUST1334,Premium,East,Apparel,Jacket,1,3082,3082,15.0,462.3,2619.7,UPI,0
105070,2024-11-09,CUST1612,Regular,North,Sports,Yoga Mat,3,3495,10485,20.0,2097.0,8388.0,Debit Card,0
105071,2024-08-24,CUST3497,Regular,Central,Beauty,Face Cream,2,383,766,15.0,114.9,651.1,UPI,0
105072,2023-11-01,CUST3080,New,Central,Electronics,Smartwatch,1,32171,32171,5.0,1608.55,30562.45,Net Banking,0
105073,2024-09-21,CUST1495,Regular,North,Electronics,Headphones,3,23015,69045,0.0,0.0,69045.0,Cash on Delivery,0
105074,2024-04-29,CUST2054,Regular,North,Apparel,Dress,2,1781,3562,0.0,0.0,3562.0,Debit Card,0
105075,2023-02-13,CUST2629,Wholesale,North,Electronics,Tablet,1,58434,58434,0.0,0.0,58434.0,Debit Card,0
105076,2023-12-21,CUST1092,New,West,Sports,Yoga Mat,5,675,3375,10.0,337.5,3037.5,UPI,0
105077,2023-12-31,CUST2318,Premium,South,Beauty,Face Cream,2,1318,2636,15.0,395.4,2240.6,Cash on Delivery,0
105078,2024-04-02,CUST2530,Premium,North,Home & Kitchen,Cookware Set,2,2911,5822,0.0,0.0,5822.0,Net Banking,0
105079,2024-10-13,CUST1005,Wholesale,South,Beauty,Sunscreen,1,1249,1249,10.0,124.9,1124.1,Credit Card,0
105080,2023-04-17,CUST2201,New,East,Home & Kitchen,Bedsheet Set,1,4258,4258,0.0,0.0,4258.0,Cash on Delivery,0
105081,2024-09-27,CUST1162,Regular,West,Home & Kitchen,Air Fryer,3,876,2628,5.0,131.4,2496.6,Cash on Delivery,0
105082,2024-02-07,CUST2937,Premium,West,Beauty,Shampoo,1,1890,1890,0.0,0.0,1890.0,UPI,0
105083,2024-12-06,CUST1222,Premium,South,Beauty,Shampoo,1,2112,2112,20.0,422.4,1689.6,Net Banking,0
105084,2024-12-03,CUST1232,Regular,South,Sports,Dumbbell Set,2,5441,10882,,,,Cash on Delivery,1
105085,2023-02-07,CUST1058,Regular,West,Beauty,Shampoo,1,1409,1409,10.0,140.9,1268.1,UPI,0
105086,2023-09-28,CUST2952,Regular,South,Apparel,T-Shirt,1,1030,1030,10.0,103.0,927.0,UPI,0
105087,2023-12-19,CUST3053,Wholesale,East,Beauty,Shampoo,1,2424,2424,0.0,0.0,2424.0,UPI,0
105088,2024-05-06,CUST2326,Premium,West,Beauty,Perfume,1,1571,1571,5.0,78.55,1492.45,Credit Card,0
105089,2024-01-29,CUST3150,Regular,East,Sports,Cricket Bat,2,2690,5380,0.0,0.0,5380.0,Net Banking,0
105090,2023-06-21,CUST2406,Regular,Central,Beauty,Perfume,1,606,606,10.0,60.6,545.4,UPI,0
105091,2023-12-27,CUST2430,Premium,Central,Home & Kitchen,Air Fryer,1,6379,6379,20.0,1275.8,5103.2,Cash on Delivery,0
105092,2023-05-20,CUST1484,Wholesale,South,Sports,Cricket Bat,4,2857,11428,5.0,571.4,10856.6,UPI,1
105093,2024-12-06,CUST2750,New,East,Home & Kitchen,Vacuum Cleaner,1,11717,11717,20.0,2343.4,9373.6,UPI,0
105094,2024-09-09,CUST3190,Regular,North,Home & Kitchen,Mixer Grinder,1,9361,9361,5.0,468.05,8892.95,Credit Card,0
105095,2024-10-22,CUST3148,Regular,South,Beauty,Perfume,1,1484,1484,15.0,222.6,1261.4,Cash on Delivery,0
105096,2023-04-16,CUST2892,New,West,Apparel,Jeans,1,3052,3052,10.0,305.2,2746.8,Net Banking,0
105097,2023-03-31,CUST1793,Regular,North,Electronics,Tablet,2,1880,3760,5.0,188.0,3572.0,Cash on Delivery,1
105098,2024-01-24,CUST2057,Wholesale,West,Electronics,Headphones,1,37250,37250,15.0,5587.5,31662.5,Cash on Delivery,0
105099,2023-08-17,CUST2965,New,West,Beauty,Sunscreen,1,1185,1185,0.0,0.0,1185.0,UPI,0
105100,2024-02-04,CUST3156,Premium,West,Sports,Cycling Helmet,3,1167,3501,5.0,175.05,3325.95,Debit Card,0
105101,2024-11-12,CUST1332,Wholesale,East,Beauty,Lipstick,1,2294,2294,0.0,0.0,2294.0,Net Banking,0
105102,2024-09-25,CUST1113,Premium,West,Beauty,Perfume,1,1981,1981,20.0,396.2,1584.8,Credit Card,0
105103,2023-11-25,CUST1254,New,South,Apparel,T-Shirt,2,2119,4238,15.0,635.7,3602.3,Cash on Delivery,0
105104,2023-05-24,CUST3347,Regular,North,Sports,Cricket Bat,1,6746,6746,20.0,1349.2,5396.8,Debit Card,0
105105,2023-11-25,CUST3031,Premium,East,Home & Kitchen,Bedsheet Set,1,2341,2341,20.0,468.2,1872.8,Debit Card,0
105106,2024-06-14,CUST2257,Premium,West,Apparel,Sneakers,2,1258,2516,10.0,251.6,2264.4,UPI,0
105107,2023-04-22,CUST2514,Regular,Central,Apparel,Jeans,1,3445,3445,30.0,1033.5,2411.5,UPI,0
105108,2024-12-10,CUST1416,Premium,West,Sports,Yoga Mat,1,3115,3115,5.0,155.75,2959.25,Debit Card,0
105109,2024-01-28,CUST1514,Regular,North,Apparel,Sneakers,2,3559,7118,5.0,355.9,6762.1,UPI,0
105110,2024-06-10,CUST1136,Regular,South,Beauty,Shampoo,1,780,780,10.0,78.0,702.0,Credit Card,0
105111,2023-05-13,CUST1851,Regular,Central,Sports,Yoga Mat,3,3677,11031,10.0,1103.1,9927.9,Cash on Delivery,0
105112,2023-08-01,CUST2137,Regular,North,Home & Kitchen,Air Fryer,1,11442,11442,5.0,572.1,10869.9,UPI,0
105113,2023-03-17,CUST1387,Regular,North,Beauty,Shampoo,2,2178,4356,30.0,1306.8,3049.2,UPI,0
105114,2024-01-04,CUST1810,Regular,South,Electronics,Headphones,1,45934,45934,30.0,13780.2,32153.8,Net Banking,0
105115,2024-11-15,CUST1580,Wholesale,South,Beauty,Sunscreen,2,1427,2854,0.0,0.0,2854.0,Cash on Delivery,0
105116,2023-09-09,CUST2475,Regular,South,Home & Kitchen,Vacuum Cleaner,1,3319,3319,15.0,497.85,2821.15,UPI,0
105117,2023-08-31,CUST3475,Regular,Central,Electronics,Smartwatch,2,6537,13074,15.0,1961.1,11112.9,UPI,1
105118,2023-05-19,CUST2532,Regular,West,Beauty,Perfume,4,954,3816,0.0,0.0,3816.0,Cash on Delivery,0
105119,2024-03-04,CUST3272,Regular,East,Sports,Dumbbell Set,1,3791,3791,10.0,379.1,3411.9,Cash on Delivery,0
105120,2023-03-06,CUST2595,New,East,Sports,Dumbbell Set,1,6872,6872,30.0,2061.6,4810.4,UPI,0
105121,2024-08-16,CUST1829,Regular,East,Sports,Yoga Mat,2,4500,9000,15.0,1350.0,7650.0,Credit Card,0
105122,2024-06-21,CUST2183,Regular,West,Electronics,Smartwatch,1,42377,42377,0.0,0.0,42377.0,UPI,0
105123,2023-01-11,CUST2689,Premium,West,Home & Kitchen,Vacuum Cleaner,2,1229,2458,15.0,368.7,2089.3,,0
105124,2024-11-26,CUST2625,Premium,South,Beauty,Perfume,3,309,927,15.0,139.05,787.95,UPI,0
105125,2024-08-27,CUST1250,Wholesale,East,Beauty,Shampoo,1,1335,1335,15.0,200.25,1134.75,UPI,0
105126,2024-02-13,CUST1412,Regular,North,Apparel,T-Shirt,2,830,1660,10.0,166.0,1494.0,Credit Card,0
105127,2023-09-10,CUST1202,Wholesale,West,Beauty,Shampoo,1,522,522,30.0,156.6,365.4,Credit Card,0
105128,2023-06-07,CUST1494,Regular,West,Sports,Running Shoes,4,1792,7168,5.0,358.4,6809.6,Net Banking,0
105129,2023-10-04,CUST1639,Premium,South,Electronics,Laptop,2,43181,86362,10.0,8636.2,77725.8,UPI,0
105130,2023-06-24,CUST1395,Premium,East,Home & Kitchen,Cookware Set,2,4591,9182,20.0,1836.4,7345.6,,0
105131,2023-07-15,CUST1965,New,North,Apparel,Sneakers,1,2872,2872,10.0,287.2,2584.8,UPI,0
105132,2023-12-07,CUST1662,Wholesale,North,Electronics,Tablet,4,56299,225196,5.0,11259.8,213936.2,UPI,0
105133,2024-09-10,CUST3127,Regular,East,Home & Kitchen,Air Fryer,3,8741,26223,0.0,0.0,26223.0,Net Banking,0
105134,2023-10-09,CUST3441,New,South,Beauty,Lipstick,1,379,379,5.0,18.95,360.05,Net Banking,0
105135,2024-04-10,CUST1001,Regular,Central,Beauty,Sunscreen,1,433,433,15.0,64.95,368.05,Debit Card,0
105136,2024-10-19,CUST1527,Wholesale,West,Beauty,Face Cream,1,1157,1157,30.0,347.1,809.9,UPI,0
105137,2024-05-11,CUST3006,New,West,Apparel,T-Shirt,1,1769,1769,0.0,0.0,1769.0,Debit Card,0
105138,2023-07-22,CUST2927,Premium,North,Beauty,Shampoo,1,1465,1465,5.0,73.25,1391.75,Credit Card,1
105139,2024-12-25,CUST2144,Premium,East,Beauty,Lipstick,2,1381,2762,30.0,828.6,1933.4,Cash on Delivery,0
105140,2024-03-18,CUST1338,Regular,Central,Apparel,Dress,3,1078,3234,0.0,0.0,3234.0,Cash on Delivery,0
105141,2023-07-21,CUST1592,Regular,West,Sports,Cricket Bat,1,3267,3267,20.0,653.4,2613.6,Net Banking,0
105142,2024-05-11,CUST2138,Regular,East,Electronics,Tablet,1,57978,57978,5.0,2898.9,55079.1,UPI,0
105143,2023-11-03,CUST2514,Regular,Central,Electronics,Laptop,1,21914,21914,15.0,3287.1,18626.9,Net Banking,0
105144,2024-02-02,CUST2427,Premium,East,Beauty,Face Cream,1,2473,2473,0.0,0.0,2473.0,UPI,0
105145,2023-02-05,CUST1462,Regular,North,Home & Kitchen,Air Fryer,1,10853,10853,5.0,542.65,10310.35,Debit Card,0
105146,2023-12-27,CUST3385,Regular,East,Apparel,Jacket,2,3754,7508,15.0,1126.2,6381.8,Debit Card,0
105147,2024-01-09,CUST2097,Regular,East,Sports,Yoga Mat,2,3288,6576,5.0,328.8,6247.2,Cash on Delivery,1
105148,2023-12-15,CUST2953,Regular,East,Sports,Running Shoes,1,4667,4667,20.0,933.4,3733.6,UPI,0
105149,2023-05-13,CUST2725,Regular,East,Apparel,Jeans,2,3259,6518,,,,,0
105150,2023-03-13,CUST2167,New,West,Sports,Running Shoes,1,7264,7264,0.0,0.0,7264.0,Net Banking,0
105151,2024-04-22,CUST2559,Regular,West,Home & Kitchen,Cookware Set,4,2405,9620,20.0,1924.0,7696.0,Debit Card,0
105152,2024-01-07,CUST1002,New,North,Electronics,Tablet,3,43313,129939,0.0,0.0,129939.0,UPI,0
105153,2023-06-26,CUST1254,New,East,Home & Kitchen,Cookware Set,1,6845,6845,15.0,1026.75,5818.25,Debit Card,0
105154,2024-01-12,CUST2723,Wholesale,South,Home & Kitchen,Air Fryer,2,5768,11536,10.0,1153.6,10382.4,Debit Card,0
105155,2024-10-22,CUST2237,Premium,West,Sports,Yoga Mat,1,904,904,20.0,180.8,723.2,Cash on Delivery,0
105156,2024-05-10,CUST1813,Premium,South,Electronics,Laptop,1,14632,14632,5.0,731.6,13900.4,Cash on Delivery,0
105157,2023-06-09,CUST1903,New,North,Electronics,Smartwatch,1,22482,22482,15.0,3372.3,19109.7,UPI,0
105158,2023-11-02,CUST1490,New,West,Electronics,Laptop,2,32856,65712,0.0,0.0,65712.0,Net Banking,0
105159,2023-02-14,CUST2495,Regular,South,Sports,Yoga Mat,1,2527,2527,10.0,252.7,2274.3,Credit Card,0
105160,2023-09-04,CUST3248,Regular,East,Electronics,Laptop,2,12217,24434,10.0,2443.4,21990.6,UPI,0
105161,2024-04-19,CUST1953,New,Central,Electronics,Smartwatch,1,30225,30225,0.0,0.0,30225.0,Debit Card,0
105162,2023-02-07,CUST1553,Regular,South,Beauty,Face Cream,1,312,312,15.0,46.8,265.2,UPI,0
105163,2023-10-29,CUST1429,Regular,South,Home & Kitchen,Bedsheet Set,2,6893,13786,10.0,1378.6,12407.4,Debit Card,0
105164,2023-04-26,CUST1223,Premium,South,Sports,Running Shoes,5,709,3545,0.0,0.0,3545.0,Net Banking,0
105165,2024-11-04,CUST3334,Regular,South,Electronics,Smartwatch,1,12611,12611,10.0,1261.1,11349.9,UPI,0
105166,2023-06-27,CUST2085,Wholesale,North,Electronics,Headphones,3,38753,116259,20.0,23251.8,93007.2,Cash on Delivery,0
105167,2023-03-29,CUST2425,Regular,West,Apparel,T-Shirt,4,2277,9108,5.0,455.4,8652.6,Credit Card,0
105168,2024-01-15,CUST2700,Premium,West,Electronics,Laptop,1,7277,7277,10.0,727.7,6549.3,Cash on Delivery,0
105169,2023-01-16,CUST2415,Regular,Central,Beauty,Lipstick,1,624,624,0.0,0.0,624.0,Cash on Delivery,0
105170,2023-03-15,CUST2942,Premium,South,Home & Kitchen,Air Fryer,1,6553,6553,0.0,0.0,6553.0,UPI,0
105171,2023-02-22,CUST1500,Regular,North,Apparel,T-Shirt,4,3588,14352,20.0,2870.4,11481.6,Debit Card,0
105172,2023-05-01,CUST1789,New,North,Electronics,Smartwatch,4,12914,51656,5.0,2582.8,49073.2,Net Banking,0
105173,2023-09-27,CUST3043,Premium,South,Electronics,Smartphone,1,27248,27248,,,,Credit Card,0
105174,2023-07-11,CUST1596,Premium,West,Home & Kitchen,Vacuum Cleaner,1,1390,1390,30.0,417.0,973.0,Debit Card,0
105175,2023-01-08,CUST1724,New,North,Beauty,Shampoo,1,2385,2385,10.0,238.5,2146.5,UPI,0
105176,2023-11-04,CUST1943,Regular,North,Electronics,Tablet,1,35418,35418,5.0,1770.9,33647.1,Cash on Delivery,1
105177,2023-08-29,CUST1402,Premium,South,Beauty,Face Cream,2,1123,2246,5.0,112.3,2133.7,UPI,1
105178,2024-12-23,CUST2850,Premium,South,Home & Kitchen,Mixer Grinder,5,10549,52745,5.0,2637.25,50107.75,Cash on Delivery,0
105179,2024-12-25,CUST2252,Premium,South,Electronics,Tablet,1,10394,10394,5.0,519.7,9874.3,Credit Card,0
105180,2023-03-20,CUST2220,Regular,East,Home & Kitchen,Bedsheet Set,5,11001,55005,15.0,8250.75,46754.25,Credit Card,0
105181,2024-12-25,CUST2775,Premium,Central,Home & Kitchen,Mixer Grinder,1,7785,7785,5.0,389.25,7395.75,UPI,0
105182,2024-10-02,CUST1287,Regular,Central,Sports,Running Shoes,1,1012,1012,10.0,101.2,910.8,Credit Card,0
105183,2023-06-25,CUST2745,Regular,East,Sports,Dumbbell Set,1,7210,7210,30.0,2163.0,5047.0,,0
105184,2024-05-19,CUST3020,Regular,East,Beauty,Lipstick,3,1728,5184,5.0,259.2,4924.8,UPI,0
105185,2023-01-04,CUST1896,Wholesale,East,Sports,Dumbbell Set,1,5685,5685,10.0,568.5,5116.5,Cash on Delivery,0
105186,2023-07-15,CUST2770,New,South,Electronics,Headphones,2,31279,62558,0.0,0.0,62558.0,Debit Card,0
105187,2024-01-30,CUST3415,New,South,Electronics,Smartwatch,1,43635,43635,30.0,13090.5,30544.5,Credit Card,0
105188,2023-11-30,CUST2714,Regular,Central,Electronics,Laptop,2,26492,52984,15.0,7947.6,45036.4,Debit Card,0
105189,2024-08-23,CUST1110,Wholesale,South,Beauty,Face Cream,5,2421,12105,,,,Credit Card,1
105190,2024-08-04,CUST1846,New,West,Apparel,Sneakers,4,2380,9520,10.0,952.0,8568.0,Credit Card,0
105191,2023-08-12,CUST3020,Premium,North,Sports,Cycling Helmet,1,3703,3703,15.0,555.45,3147.55,Cash on Delivery,0
105192,2024-03-14,CUST1199,Wholesale,Central,Electronics,Headphones,1,24714,24714,10.0,2471.4,22242.6,Credit Card,0
105193,2024-11-26,CUST3418,Regular,East,Sports,Yoga Mat,1,5626,5626,0.0,0.0,5626.0,Credit Card,0
105194,2024-06-01,CUST2179,Premium,East,Electronics,Headphones,2,25798,51596,20.0,10319.2,41276.8,UPI,0
105195,2023-03-11,CUST3442,Premium,West,Apparel,Jacket,1,2111,2111,10.0,211.1,1899.9,UPI,0
105196,2024-10-12,CUST1448,Wholesale,South,Sports,Cycling Helmet,1,5261,5261,0.0,0.0,5261.0,Debit Card,0
105197,2023-11-14,CUST1383,Premium,East,Sports,Cycling Helmet,2,2658,5316,5.0,265.8,5050.2,Net Banking,0
105198,2024-04-05,CUST2521,Regular,North,Beauty,Perfume,1,637,637,15.0,95.55,541.45,Net Banking,1
105199,2023-01-24,CUST1430,Regular,East,Electronics,Headphones,1,13838,13838,10.0,1383.8,12454.2,Credit Card,0
105200,2023-12-07,CUST2014,New,East,Beauty,Perfume,3,876,2628,10.0,262.8,2365.2,Net Banking,0
105201,2024-07-26,CUST2810,Regular,West,Beauty,Face Cream,4,1022,4088,10.0,408.8,3679.2,Cash on Delivery,0
105202,2024-01-04,CUST3022,Regular,South,Beauty,Lipstick,1,1481,1481,5.0,74.05,1406.95,UPI,0
105203,2023-10-19,CUST1183,Regular,West,Apparel,Dress,1,2433,2433,10.0,243.3,2189.7,UPI,0
105204,2023-01-27,CUST1022,Regular,South,Apparel,Sneakers,1,764,764,20.0,152.8,611.2,UPI,0
105205,2024-05-29,CUST2900,Regular,West,Apparel,Jeans,1,796,796,20.0,159.2,636.8,Credit Card,0
105206,2023-12-22,CUST1075,Premium,West,Beauty,Sunscreen,4,616,2464,10.0,246.4,2217.6,UPI,0
105207,2024-05-25,CUST2632,Regular,South,Beauty,Perfume,2,346,692,5.0,34.6,657.4,UPI,0
105208,2023-03-18,CUST2767,Wholesale,North,Beauty,Shampoo,2,2059,4118,15.0,617.7,3500.3,UPI,0
105209,2023-04-18,CUST1737,Regular,North,Electronics,Headphones,1,19100,19100,10.0,1910.0,17190.0,,0
105210,2024-06-19,CUST2298,Regular,East,Home & Kitchen,Air Fryer,1,6224,6224,5.0,311.2,5912.8,Cash on Delivery,0
105211,2024-01-28,CUST2124,Premium,North,Sports,Cycling Helmet,2,7461,14922,10.0,1492.2,13429.8,Debit Card,1
105212,2023-12-27,CUST2681,Regular,East,Apparel,Dress,1,2580,2580,15.0,387.0,2193.0,UPI,0
105213,2023-03-28,CUST1151,Regular,East,Home & Kitchen,Vacuum Cleaner,5,4479,22395,5.0,1119.75,21275.25,Cash on Delivery,0
105214,2024-09-27,CUST2813,Wholesale,Central,Electronics,Tablet,2,23080,46160,0.0,0.0,46160.0,UPI,0
105215,2024-02-06,CUST1649,New,West,Apparel,T-Shirt,3,3329,9987,5.0,499.35,9487.65,,0
105216,2023-10-20,CUST1321,New,East,Sports,Dumbbell Set,2,1786,3572,0.0,0.0,3572.0,Cash on Delivery,0
105217,2023-11-21,CUST3492,Regular,North,Electronics,Laptop,1,8798,8798,5.0,439.9,8358.1,Credit Card,0
105218,2024-02-23,CUST1655,New,East,Electronics,Smartphone,1,2793,2793,5.0,139.65,2653.35,Credit Card,0
105219,2024-12-23,CUST3280,Premium,East,Home & Kitchen,Cookware Set,4,7706,30824,15.0,4623.6,26200.4,Cash on Delivery,0
105220,2023-12-04,CUST3352,New,Central,Home & Kitchen,Mixer Grinder,2,5724,11448,0.0,0.0,11448.0,Debit Card,0
105221,2024-07-17,CUST1490,Regular,North,Beauty,Shampoo,1,1694,1694,20.0,338.8,1355.2,Credit Card,0
105222,2023-09-21,CUST1922,Regular,South,Home & Kitchen,Bedsheet Set,1,1513,1513,15.0,226.95,1286.05,Debit Card,0
105223,2023-07-07,CUST3461,Regular,East,Sports,Dumbbell Set,1,681,681,0.0,0.0,681.0,Net Banking,0
105224,2023-04-17,CUST2470,Regular,Central,Sports,Yoga Mat,1,4730,4730,0.0,0.0,4730.0,Cash on Delivery,0
105225,2023-03-05,CUST2030,Regular,North,Sports,Dumbbell Set,1,1969,1969,0.0,0.0,1969.0,UPI,0
105226,2023-12-22,CUST3012,Wholesale,West,Home & Kitchen,Mixer Grinder,2,4065,8130,15.0,1219.5,6910.5,Net Banking,0
105227,2024-12-26,CUST1544,Regular,South,Home & Kitchen,Cookware Set,1,1187,1187,30.0,356.1,830.9,Net Banking,0
105228,2023-02-16,CUST3082,New,South,Apparel,Dress,5,3783,18915,30.0,5674.5,13240.5,UPI,0
105229,2024-03-14,CUST2305,Regular,North,Beauty,Lipstick,3,152,456,0.0,0.0,456.0,Credit Card,0
105230,2024-05-10,CUST2102,Premium,North,Beauty,Face Cream,1,2002,2002,0.0,0.0,2002.0,Cash on Delivery,0
105231,2023-07-05,CUST2294,New,West,Home & Kitchen,Air Fryer,1,6637,6637,5.0,331.85,6305.15,Net Banking,1
105232,2024-03-23,CUST2235,Premium,Central,Beauty,Face Cream,4,790,3160,5.0,158.0,3002.0,Net Banking,0
105233,2024-07-12,CUST1831,Wholesale,West,Home & Kitchen,Mixer Grinder,3,3453,10359,5.0,517.95,9841.05,Debit Card,0
105234,2023-03-03,CUST1352,Wholesale,North,Beauty,Face Cream,1,270,270,30.0,81.0,189.0,Credit Card,0
105235,2024-09-01,CUST2688,Premium,West,Beauty,Perfume,2,401,802,30.0,240.6,561.4,UPI,0
105236,2024-11-23,CUST3280,Regular,Central,Sports,Dumbbell Set,1,7291,7291,20.0,1458.2,5832.8,Credit Card,0
105237,2024-04-30,CUST2929,New,South,Beauty,Lipstick,1,150,150,0.0,0.0,150.0,UPI,0
105238,2023-05-05,CUST3177,New,East,Home & Kitchen,Vacuum Cleaner,1,8200,8200,15.0,1230.0,6970.0,Credit Card,0
105239,2024-10-25,CUST2541,Regular,Central,Apparel,Sneakers,1,1858,1858,0.0,0.0,1858.0,UPI,0
105240,2024-05-05,CUST1959,Regular,East,Home & Kitchen,Air Fryer,1,6859,6859,5.0,342.95,6516.05,UPI,0
105241,2023-11-09,CUST2635,Premium,North,Sports,Cycling Helmet,2,3459,6918,10.0,691.8,6226.2,Net Banking,0
105242,2024-11-03,CUST2064,New,East,Home & Kitchen,Cookware Set,1,1604,1604,0.0,0.0,1604.0,Credit Card,1
105243,2024-05-21,CUST2918,Regular,West,Beauty,Perfume,3,195,585,0.0,0.0,585.0,UPI,0
105244,2024-01-30,CUST1601,Regular,West,Sports,Dumbbell Set,1,7525,7525,20.0,1505.0,6020.0,UPI,0
105245,2024-06-15,CUST2091,Premium,West,Beauty,Face Cream,4,2270,9080,5.0,454.0,8626.0,Cash on Delivery,0
105246,2023-08-19,CUST2272,Premium,East,Electronics,Laptop,3,55434,166302,0.0,0.0,166302.0,Credit Card,0
105247,2023-10-04,CUST2235,Regular,West,Apparel,Jacket,5,1038,5190,15.0,778.5,4411.5,Credit Card,1
105248,2024-12-16,CUST2848,New,West,Beauty,Sunscreen,1,2435,2435,15.0,365.25,2069.75,Debit Card,0
105249,2024-02-15,CUST1456,Regular,Central,Apparel,Jacket,2,1113,2226,10.0,222.6,2003.4,UPI,0
105250,2023-12-26,CUST2653,New,North,Beauty,Sunscreen,1,2349,2349,15.0,352.35,1996.65,Credit Card,0
105251,2023-06-10,CUST1808,Wholesale,South,Electronics,Smartwatch,1,15369,15369,30.0,4610.7,10758.3,Credit Card,0
105252,2023-03-06,CUST2741,Regular,South,Home & Kitchen,Mixer Grinder,1,4330,4330,10.0,433.0,3897.0,Cash on Delivery,0
105253,2024-03-01,CUST3364,Premium,South,Electronics,Smartwatch,1,12615,12615,15.0,1892.25,10722.75,Credit Card,0
105254,2024-10-20,CUST3332,Premium,East,Beauty,Lipstick,1,461,461,20.0,92.2,368.8,Net Banking,0
105255,2024-10-06,CUST2867,New,West,Apparel,Jeans,2,2423,4846,10.0,484.6,4361.4,Cash on Delivery,0
105256,2023-04-15,CUST1577,Premium,South,Beauty,Lipstick,4,2275,9100,20.0,1820.0,7280.0,UPI,0
105257,2023-12-08,CUST1225,New,East,Beauty,Sunscreen,1,937,937,10.0,93.7,843.3,UPI,0
105258,2023-01-27,CUST2103,Wholesale,East,Sports,Dumbbell Set,2,6867,13734,5.0,686.7,13047.3,Credit Card,0
105259,2023-05-12,CUST1760,Regular,Central,Home & Kitchen,Air Fryer,1,2370,2370,0.0,0.0,2370.0,Cash on Delivery,0
105260,2023-07-05,CUST1007,Premium,South,Electronics,Tablet,1,8923,8923,0.0,0.0,8923.0,Debit Card,0
105261,2024-04-06,CUST1479,Regular,South,Electronics,Smartwatch,3,31398,94194,20.0,18838.8,75355.2,UPI,0
105262,2023-08-03,CUST2212,Premium,South,Electronics,Smartwatch,1,58097,58097,20.0,11619.4,46477.6,Cash on Delivery,0
105263,2023-06-15,CUST1716,Regular,Central,Home & Kitchen,Vacuum Cleaner,1,4452,4452,30.0,1335.6,3116.4,Cash on Delivery,0
105264,2023-04-01,CUST1282,New,East,Electronics,Smartphone,2,12018,24036,5.0,1201.8,22834.2,Net Banking,0
105265,2023-10-27,CUST1173,Regular,Central,Sports,Cycling Helmet,3,6750,20250,15.0,3037.5,17212.5,Debit Card,0
105266,2023-08-27,CUST1803,New,Central,Electronics,Smartwatch,5,1622,8110,20.0,1622.0,6488.0,Net Banking,0
105267,2023-07-11,CUST1790,Regular,North,Electronics,Smartphone,2,18916,37832,5.0,1891.6,35940.4,Debit Card,0
105268,2024-02-10,CUST2230,New,South,Beauty,Sunscreen,4,1939,7756,5.0,387.8,7368.2,Cash on Delivery,0
105269,2024-11-16,CUST1541,Regular,South,Home & Kitchen,Vacuum Cleaner,1,2718,2718,0.0,0.0,2718.0,Debit Card,0
105270,2024-02-27,CUST2125,Regular,South,Beauty,Shampoo,1,261,261,5.0,13.05,247.95,Credit Card,0
105271,2023-05-24,CUST1716,Wholesale,East,Sports,Cricket Bat,2,6695,13390,20.0,2678.0,10712.0,Credit Card,0
105272,2023-09-30,CUST3217,Regular,North,Beauty,Perfume,2,1547,3094,0.0,0.0,3094.0,Credit Card,0
105273,2023-06-23,CUST1566,Wholesale,North,Electronics,Tablet,5,39447,197235,15.0,29585.25,167649.75,Cash on Delivery,0
105274,2023-01-19,CUST3440,Regular,West,Apparel,Dress,1,3362,3362,5.0,168.1,3193.9,Cash on Delivery,0
105275,2023-02-11,CUST2744,Regular,North,Electronics,Headphones,2,59746,119492,10.0,11949.2,107542.8,Credit Card,0
105276,2023-03-22,CUST2271,Regular,Central,Beauty,Sunscreen,2,1740,3480,10.0,348.0,3132.0,Credit Card,0
105277,2023-02-01,CUST1821,Regular,North,Electronics,Headphones,1,46205,46205,,,,UPI,0
105278,2023-05-02,CUST1441,New,North,Home & Kitchen,Cookware Set,1,815,815,10.0,81.5,733.5,Cash on Delivery,1
105279,2023-05-03,CUST3438,Wholesale,East,Home & Kitchen,Vacuum Cleaner,3,10949,32847,5.0,1642.35,31204.65,UPI,0
105280,2023-04-21,CUST2199,Wholesale,Central,Sports,Running Shoes,4,5433,21732,0.0,0.0,21732.0,Credit Card,0
105281,2023-03-09,CUST3350,Regular,North,Beauty,Lipstick,1,677,677,0.0,0.0,677.0,Net Banking,0
105282,2023-11-06,CUST2722,Premium,South,Sports,Dumbbell Set,3,723,2169,10.0,216.9,1952.1,UPI,0
105283,2024-06-16,CUST2195,Premium,South,Electronics,Smartphone,1,51066,51066,5.0,2553.3,48512.7,UPI,0
105284,2023-08-04,CUST1240,New,North,Sports,Cricket Bat,1,7830,7830,0.0,0.0,7830.0,UPI,0
105285,2023-01-04,CUST1118,Wholesale,East,Sports,Running Shoes,1,3242,3242,5.0,162.1,3079.9,UPI,0
105286,2024-01-03,CUST3296,New,South,Apparel,Jeans,2,3558,7116,0.0,0.0,7116.0,UPI,0
105287,2024-07-13,CUST2353,Regular,South,Sports,Cycling Helmet,1,853,853,0.0,0.0,853.0,UPI,0
105288,2023-11-27,CUST2363,New,North,Home & Kitchen,Mixer Grinder,3,10141,30423,10.0,3042.3,27380.7,UPI,0
105289,2024-10-15,CUST1006,Regular,Central,Beauty,Perfume,2,2467,4934,10.0,493.4,4440.6,Debit Card,1
105290,2023-08-29,CUST2475,New,Central,Sports,Cycling Helmet,1,4576,4576,0.0,0.0,4576.0,Cash on Delivery,0
105291,2023-06-08,CUST1175,Regular,South,Electronics,Tablet,4,56055,224220,0.0,0.0,224220.0,Credit Card,0
105292,2023-09-25,CUST3175,Regular,South,Apparel,Dress,5,991,4955,0.0,0.0,4955.0,Cash on Delivery,0
105293,2024-08-24,CUST3229,New,South,Apparel,Jacket,1,3626,3626,15.0,543.9,3082.1,UPI,0
105294,2023-02-16,CUST2508,New,South,Apparel,Sneakers,4,1277,5108,0.0,0.0,5108.0,Cash on Delivery,0
105295,2024-07-19,CUST2032,Regular,West,Sports,Running Shoes,1,3406,3406,15.0,510.9,2895.1,Debit Card,0
105296,2024-06-16,CUST1481,Regular,West,Beauty,Sunscreen,1,1199,1199,20.0,239.8,959.2,Debit Card,0
105297,2023-10-08,CUST2582,Regular,North,Electronics,Headphones,1,5254,5254,20.0,1050.8,4203.2,Debit Card,0
105298,2023-03-18,CUST1447,Regular,West,Beauty,Face Cream,4,2258,9032,10.0,903.2,8128.8,Credit Card,0
105299,2023-05-19,CUST2019,Regular,Central,Apparel,Jacket,1,824,824,0.0,0.0,824.0,Net Banking,0
105300,2024-12-17,CUST1636,New,North,Sports,Running Shoes,1,1141,1141,5.0,57.05,1083.95,Cash on Delivery,0
105301,2024-11-10,CUST2365,Regular,East,Sports,Cycling Helmet,1,5514,5514,15.0,827.1,4686.9,Credit Card,0
105302,2023-05-30,CUST3109,New,East,Sports,Cricket Bat,2,1406,2812,0.0,0.0,2812.0,UPI,0
105303,2023-08-28,CUST2684,Regular,North,Apparel,Jacket,1,3281,3281,10.0,328.1,2952.9,Cash on Delivery,1
105304,2023-03-20,CUST1247,Regular,East,Apparel,T-Shirt,3,3749,11247,5.0,562.35,10684.65,UPI,0
105305,2023-01-02,CUST3374,Premium,West,Electronics,Smartphone,1,12293,12293,,,,Net Banking,0
105306,2024-01-26,CUST1787,Regular,North,Home & Kitchen,Vacuum Cleaner,2,11458,22916,5.0,1145.8,21770.2,Debit Card,0
105307,2024-02-02,CUST3069,New,East,Sports,Cricket Bat,1,2806,2806,5.0,140.3,2665.7,Net Banking,0
105308,2023-01-24,CUST3340,Regular,Central,Beauty,Perfume,1,378,378,0.0,0.0,378.0,Credit Card,0
105309,2024-10-18,CUST2107,Premium,North,Electronics,Headphones,5,49349,246745,5.0,12337.25,234407.75,Cash on Delivery,0
105310,2023-06-15,CUST1733,Regular,Central,Sports,Yoga Mat,4,1748,6992,0.0,0.0,6992.0,Credit Card,0
105311,2023-03-29,CUST2526,Regular,East,Electronics,Tablet,1,33642,33642,0.0,0.0,33642.0,Credit Card,0
105312,2024-08-19,CUST2528,Premium,East,Electronics,Headphones,3,50072,150216,5.0,7510.8,142705.2,UPI,0
105313,2023-12-14,CUST2737,Regular,West,Home & Kitchen,Mixer Grinder,4,10514,42056,20.0,8411.2,33644.8,UPI,0
105314,2023-09-20,CUST2083,Regular,West,Apparel,Jacket,1,964,964,0.0,0.0,964.0,UPI,1
105315,2024-06-21,CUST2879,Premium,Central,Beauty,Shampoo,1,813,813,5.0,40.65,772.35,UPI,0
105316,2023-06-26,CUST2374,Premium,North,Beauty,Perfume,4,1149,4596,20.0,919.2,3676.8,Credit Card,0
105317,2024-05-17,CUST2527,Regular,West,Sports,Yoga Mat,4,6742,26968,10.0,2696.8,24271.2,UPI,0
105318,2023-08-21,CUST1863,Wholesale,East,Electronics,Laptop,1,5462,5462,,,,UPI,0
105319,2023-03-09,CUST2958,Regular,South,Home & Kitchen,Air Fryer,3,5836,17508,5.0,875.4,16632.6,Cash on Delivery,0
105320,2024-05-29,CUST2942,Regular,South,Electronics,Headphones,1,23508,23508,0.0,0.0,23508.0,UPI,1
105321,2023-01-25,CUST2937,Regular,North,Apparel,Sneakers,2,3433,6866,0.0,0.0,6866.0,UPI,0
105322,2024-09-19,CUST2252,Wholesale,West,Sports,Cycling Helmet,1,3800,3800,0.0,0.0,3800.0,Debit Card,0
105323,2023-03-21,CUST2850,Regular,North,Electronics,Laptop,3,24284,72852,15.0,10927.8,61924.2,Cash on Delivery,0
105324,2023-06-21,CUST1463,New,East,Beauty,Lipstick,5,1832,9160,,,,Credit Card,0
105325,2023-04-19,CUST1270,Regular,South,Sports,Cricket Bat,1,5701,5701,10.0,570.1,5130.9,Debit Card,0
105326,2023-05-28,CUST1915,Regular,East,Beauty,Face Cream,3,676,2028,5.0,101.4,1926.6,Credit Card,0
105327,2023-08-30,CUST1304,New,East,Apparel,Jeans,1,2660,2660,20.0,532.0,2128.0,Debit Card,0
105328,2024-03-17,CUST3384,Premium,West,Beauty,Sunscreen,1,1409,1409,15.0,211.35,1197.65,Net Banking,0
105329,2024-05-13,CUST1278,Premium,Central,Electronics,Smartwatch,1,9002,9002,0.0,0.0,9002.0,Cash on Delivery,0
105330,2023-04-23,CUST3026,Regular,West,Electronics,Headphones,1,33880,33880,10.0,3388.0,30492.0,Credit Card,0
105331,2023-05-01,CUST1728,Regular,West,Home & Kitchen,Vacuum Cleaner,2,971,1942,15.0,291.3,1650.7,Cash on Delivery,0
105332,2023-11-06,CUST1283,New,Central,Home & Kitchen,Bedsheet Set,1,5479,5479,15.0,821.85,4657.15,Credit Card,0
105333,2023-10-15,CUST2882,Regular,East,Beauty,Sunscreen,2,2276,4552,,,,Credit Card,0
105334,2024-10-04,CUST1247,Regular,North,Electronics,Smartphone,1,59759,59759,5.0,2987.95,56771.05,UPI,0
105335,2023-06-09,CUST2808,Regular,Central,Beauty,Perfume,2,1196,2392,30.0,717.6,1674.4,Debit Card,0
105336,2024-09-14,CUST2878,Regular,North,Apparel,Sneakers,2,2152,4304,15.0,645.6,3658.4,UPI,0
105337,2023-04-30,CUST2804,Premium,Central,Electronics,Tablet,1,35842,35842,0.0,0.0,35842.0,Cash on Delivery,0
105338,2024-10-22,CUST2194,New,North,Apparel,Jacket,2,2224,4448,0.0,0.0,4448.0,UPI,0
105339,2024-01-19,CUST3129,Wholesale,Central,Apparel,Sneakers,5,3232,16160,10.0,1616.0,14544.0,Credit Card,0
105340,2023-04-18,CUST2441,Regular,West,Home & Kitchen,Air Fryer,2,5467,10934,5.0,546.7,10387.3,UPI,0
105341,2023-12-18,CUST2810,New,North,Beauty,Sunscreen,1,2035,2035,20.0,407.0,1628.0,Debit Card,0
105342,2024-10-19,CUST2986,Wholesale,West,Electronics,Headphones,1,42847,42847,,,,,0
105343,2023-07-20,CUST1751,Regular,West,Electronics,Headphones,1,8337,8337,0.0,0.0,8337.0,Credit Card,0
105344,2024-08-11,CUST1665,Regular,Central,Sports,Cricket Bat,1,928,928,10.0,92.8,835.2,UPI,0
105345,2023-12-01,CUST2652,Premium,North,Electronics,Smartwatch,1,32245,32245,10.0,3224.5,29020.5,Cash on Delivery,0
105346,2023-11-12,CUST1096,Regular,North,Apparel,Jacket,4,2193,8772,10.0,877.2,7894.8,Credit Card,0
105347,2023-07-09,CUST2874,New,South,Apparel,T-Shirt,2,698,1396,15.0,209.4,1186.6,UPI,1
105348,2023-06-15,CUST1192,Regular,West,Beauty,Perfume,1,587,587,10.0,58.7,528.3,Credit Card,0
105349,2024-09-29,CUST1658,Regular,West,Beauty,Lipstick,4,1681,6724,20.0,1344.8,5379.2,Net Banking,0
105350,2023-05-01,CUST1004,Premium,East,Sports,Cricket Bat,1,6965,6965,5.0,348.25,6616.75,UPI,0
105351,2024-03-08,CUST3215,Premium,East,Home & Kitchen,Mixer Grinder,1,7161,7161,0.0,0.0,7161.0,Credit Card,0
105352,2024-06-16,CUST1295,Wholesale,North,Home & Kitchen,Vacuum Cleaner,1,2874,2874,0.0,0.0,2874.0,UPI,0
105353,2023-04-16,CUST1139,Regular,West,Electronics,Smartphone,3,53585,160755,0.0,0.0,160755.0,Cash on Delivery,0
105354,2023-11-01,CUST2909,Regular,South,Electronics,Smartwatch,1,10922,10922,10.0,1092.2,9829.8,Cash on Delivery,0
105355,2023-11-19,CUST3142,New,East,Electronics,Tablet,1,26161,26161,15.0,3924.15,22236.85,UPI,0
105356,2024-03-16,CUST3028,Regular,North,Home & Kitchen,Cookware Set,1,11920,11920,0.0,0.0,11920.0,UPI,0
105357,2023-02-17,CUST2911,Regular,East,Home & Kitchen,Cookware Set,1,1541,1541,10.0,154.1,1386.9,Cash on Delivery,0
105358,2023-09-17,CUST2200,New,South,Sports,Cycling Helmet,1,2076,2076,30.0,622.8,1453.2,Cash on Delivery,0
105359,2023-06-18,CUST3170,New,North,Sports,Running Shoes,2,7763,15526,20.0,3105.2,12420.8,UPI,1
105360,2024-04-06,CUST1135,Wholesale,East,Apparel,Dress,1,3985,3985,10.0,398.5,3586.5,Credit Card,0
105361,2024-10-30,CUST1673,Premium,South,Home & Kitchen,Cookware Set,1,3264,3264,30.0,979.2,2284.8,Credit Card,0
105362,2023-06-01,CUST2628,New,South,Apparel,Sneakers,3,1773,5319,0.0,0.0,5319.0,UPI,0
105363,2024-10-30,CUST1449,Regular,North,Apparel,Jeans,1,1541,1541,20.0,308.2,1232.8,Debit Card,0
105364,2024-12-31,CUST2014,New,South,Apparel,Sneakers,2,2022,4044,15.0,606.6,3437.4,Debit Card,0
105365,2023-07-21,CUST1317,Regular,West,Sports,Cycling Helmet,4,7774,31096,5.0,1554.8,29541.2,Credit Card,0
105366,2024-01-30,CUST2750,Regular,South,Sports,Yoga Mat,2,1096,2192,5.0,109.6,2082.4,Credit Card,0
105367,2024-11-08,CUST2904,Regular,West,Home & Kitchen,Vacuum Cleaner,3,10417,31251,30.0,9375.3,21875.7,UPI,0
105368,2023-02-03,CUST1689,Regular,Central,Apparel,Dress,3,2097,6291,,,,UPI,0
105369,2023-09-01,CUST2627,Regular,North,Beauty,Shampoo,2,1249,2498,10.0,249.8,2248.2,UPI,0
105370,2023-01-10,CUST2311,New,East,Home & Kitchen,Bedsheet Set,2,2215,4430,20.0,886.0,3544.0,UPI,0
105371,2024-02-07,CUST1315,Premium,West,Apparel,Jeans,1,1162,1162,10.0,116.2,1045.8,UPI,0
105372,2024-05-18,CUST3382,Regular,East,Sports,Cricket Bat,1,6083,6083,5.0,304.15,5778.85,Debit Card,0
105373,2023-03-21,CUST2426,Regular,West,Beauty,Sunscreen,1,685,685,0.0,0.0,685.0,UPI,0
105374,2023-09-10,CUST2598,New,East,Sports,Cricket Bat,1,6976,6976,0.0,0.0,6976.0,Debit Card,1
105375,2023-03-30,CUST2491,Premium,North,Beauty,Lipstick,2,812,1624,0.0,0.0,1624.0,Cash on Delivery,0
105376,2024-06-17,CUST2157,Premium,North,Sports,Dumbbell Set,2,5294,10588,0.0,0.0,10588.0,Debit Card,0
105377,2023-02-18,CUST1460,Regular,West,Sports,Dumbbell Set,2,4688,9376,5.0,468.8,8907.2,UPI,0
105378,2023-12-27,CUST3220,New,North,Sports,Dumbbell Set,1,3824,3824,20.0,764.8,3059.2,UPI,0
105379,2023-01-23,CUST1586,Premium,East,Beauty,Sunscreen,2,1127,2254,,,,Debit Card,0
105380,2024-05-11,CUST1636,Regular,North,Home & Kitchen,Mixer Grinder,1,7503,7503,0.0,0.0,7503.0,,0
105381,2024-07-27,CUST2934,Regular,North,Electronics,Laptop,2,16056,32112,0.0,0.0,32112.0,Cash on Delivery,0
105382,2023-10-23,CUST2669,New,North,Beauty,Shampoo,5,1082,5410,20.0,1082.0,4328.0,Credit Card,0
105383,2024-12-21,CUST1515,New,West,Sports,Cycling Helmet,1,2630,2630,15.0,394.5,2235.5,UPI,0
105384,2024-09-17,CUST2930,Regular,North,Apparel,Jeans,1,3394,3394,20.0,678.8,2715.2,UPI,0
105385,2023-06-28,CUST1308,Premium,West,Sports,Yoga Mat,5,1358,6790,5.0,339.5,6450.5,Debit Card,0
105386,2024-11-11,CUST2076,New,South,Sports,Yoga Mat,4,5413,21652,0.0,0.0,21652.0,Cash on Delivery,0
105387,2023-01-20,CUST2348,Premium,North,Sports,Dumbbell Set,1,1700,1700,15.0,255.0,1445.0,Credit Card,0
105388,2023-05-11,CUST2983,Regular,Central,Apparel,Sneakers,2,2866,5732,10.0,573.2,5158.8,Credit Card,0
105389,2023-07-03,CUST1394,Premium,Central,Apparel,Jeans,3,3678,11034,10.0,1103.4,9930.6,Cash on Delivery,0
105390,2024-02-06,CUST1349,Wholesale,Central,Sports,Cycling Helmet,3,7935,23805,5.0,1190.25,22614.75,Cash on Delivery,0
105391,2024-12-22,CUST2213,New,Central,Beauty,Perfume,1,1878,1878,15.0,281.7,1596.3,UPI,0
105392,2024-08-30,CUST2396,Regular,North,Home & Kitchen,Mixer Grinder,1,10320,10320,10.0,1032.0,9288.0,,0
105393,2024-04-20,CUST1269,Regular,West,Home & Kitchen,Cookware Set,2,7453,14906,15.0,2235.9,12670.1,UPI,0
105394,2024-11-27,CUST1486,New,South,Electronics,Tablet,1,7117,7117,0.0,0.0,7117.0,Cash on Delivery,0
105395,2024-08-19,CUST1890,Regular,South,Electronics,Tablet,2,18741,37482,0.0,0.0,37482.0,Credit Card,0
105396,2024-03-19,CUST2477,Premium,East,Sports,Cycling Helmet,2,4252,8504,20.0,1700.8,6803.2,Cash on Delivery,0
105397,2023-12-30,CUST1251,Premium,South,Sports,Cycling Helmet,1,7256,7256,15.0,1088.4,6167.6,Credit Card,0
105398,2023-07-08,CUST1426,Premium,West,Apparel,Jeans,1,1525,1525,30.0,457.5,1067.5,Debit Card,0
105399,2023-10-24,CUST2215,Regular,Central,Apparel,Sneakers,1,418,418,20.0,83.6,334.4,Debit Card,0
105400,2024-09-13,CUST2119,Regular,West,Electronics,Smartwatch,1,11679,11679,0.0,0.0,11679.0,Cash on Delivery,0
105401,2023-06-01,CUST3418,New,East,Apparel,Jeans,1,3913,3913,10.0,391.3,3521.7,UPI,1
105402,2024-05-06,CUST2858,Premium,East,Apparel,Dress,2,3136,6272,30.0,1881.6,4390.4,Debit Card,0
105403,2023-12-01,CUST1060,New,South,Electronics,Smartphone,1,44860,44860,15.0,6729.0,38131.0,Cash on Delivery,0
105404,2024-06-02,CUST2321,Regular,East,Apparel,Jeans,1,2341,2341,5.0,117.05,2223.95,Debit Card,1
105405,2023-03-31,CUST1318,New,East,Apparel,Jacket,2,2146,4292,15.0,643.8,3648.2,Cash on Delivery,0
105406,2024-09-11,CUST2468,Premium,East,Electronics,Smartwatch,1,16588,16588,0.0,0.0,16588.0,Debit Card,0
105407,2023-09-24,CUST2680,Wholesale,East,Apparel,Jeans,1,2995,2995,5.0,149.75,2845.25,Cash on Delivery,0
105408,2024-07-11,CUST3424,New,South,Sports,Dumbbell Set,1,3760,3760,0.0,0.0,3760.0,Cash on Delivery,0
105409,2023-09-18,CUST3280,New,South,Home & Kitchen,Bedsheet Set,2,3646,7292,10.0,729.2,6562.8,Debit Card,0
105410,2024-03-03,CUST2201,Regular,South,Sports,Yoga Mat,3,1198,3594,15.0,539.1,3054.9,Net Banking,0
105411,2024-09-03,CUST1888,Regular,West,Sports,Dumbbell Set,1,6477,6477,5.0,323.85,6153.15,UPI,0
105412,2024-06-13,CUST2765,Regular,West,Beauty,Face Cream,1,2058,2058,0.0,0.0,2058.0,UPI,0
105413,2023-04-13,CUST1970,Regular,West,Beauty,Face Cream,1,1077,1077,5.0,53.85,1023.15,Cash on Delivery,0
105414,2024-01-27,CUST2535,Premium,West,Beauty,Face Cream,4,2131,8524,0.0,0.0,8524.0,UPI,0
105415,2023-09-03,CUST2847,New,North,Electronics,Laptop,1,8579,8579,,,,Credit Card,0
105416,2023-05-24,CUST1800,New,West,Sports,Running Shoes,1,1229,1229,0.0,0.0,1229.0,Credit Card,0
105417,2023-03-08,CUST3286,Regular,South,Sports,Yoga Mat,1,7752,7752,0.0,0.0,7752.0,Debit Card,0
105418,2024-01-30,CUST1494,Regular,West,Home & Kitchen,Air Fryer,1,2717,2717,0.0,0.0,2717.0,Cash on Delivery,0
105419,2024-04-08,CUST1958,Regular,East,Home & Kitchen,Vacuum Cleaner,1,5067,5067,10.0,506.7,4560.3,Credit Card,0
105420,2024-07-08,CUST2415,Premium,West,Home & Kitchen,Mixer Grinder,2,8435,16870,10.0,1687.0,15183.0,Debit Card,0
105421,2024-03-26,CUST1253,Regular,South,Beauty,Sunscreen,2,1355,2710,0.0,0.0,2710.0,Net Banking,0
105422,2024-09-23,CUST1657,Premium,East,Home & Kitchen,Air Fryer,1,11895,11895,10.0,1189.5,10705.5,UPI,0
105423,2024-06-03,CUST3096,Wholesale,South,Sports,Dumbbell Set,1,5560,5560,10.0,556.0,5004.0,Net Banking,0
105424,2023-08-10,CUST2897,Wholesale,Central,Home & Kitchen,Cookware Set,1,11992,11992,0.0,0.0,11992.0,Debit Card,0
105425,2024-04-22,CUST1580,Regular,East,Beauty,Shampoo,1,1754,1754,0.0,0.0,1754.0,Debit Card,0
105426,2023-12-09,CUST1397,New,North,Home & Kitchen,Cookware Set,1,7468,7468,0.0,0.0,7468.0,Credit Card,1
105427,2023-03-20,CUST2421,Regular,East,Beauty,Face Cream,2,1019,2038,0.0,0.0,2038.0,UPI,1
105428,2023-07-19,CUST3058,New,Central,Sports,Cricket Bat,1,5951,5951,0.0,0.0,5951.0,Cash on Delivery,0
105429,2024-11-04,CUST2891,Wholesale,North,Apparel,Dress,3,2604,7812,20.0,1562.4,6249.6,UPI,0
105430,2024-12-21,CUST2225,Regular,North,Apparel,Dress,1,1732,1732,15.0,259.8,1472.2,UPI,0
105431,2023-08-13,CUST2269,Regular,West,Electronics,Headphones,3,38591,115773,5.0,5788.65,109984.35,UPI,0
105432,2023-02-03,CUST2477,Wholesale,West,Sports,Running Shoes,1,3050,3050,10.0,305.0,2745.0,Cash on Delivery,0
105433,2024-05-21,CUST2905,Regular,Central,Home & Kitchen,Mixer Grinder,3,6862,20586,30.0,6175.8,14410.2,UPI,0
105434,2023-01-21,CUST2854,Premium,North,Apparel,Jacket,2,2291,4582,0.0,0.0,4582.0,Cash on Delivery,0
105435,2024-11-05,CUST1115,Premium,Central,Beauty,Sunscreen,1,1462,1462,15.0,219.3,1242.7,,1
105436,2024-02-09,CUST1935,Premium,South,Home & Kitchen,Mixer Grinder,1,5435,5435,15.0,815.25,4619.75,UPI,0
105437,2023-10-15,CUST1204,Regular,West,Beauty,Face Cream,4,1263,5052,10.0,505.2,4546.8,UPI,0
105438,2024-06-09,CUST1862,Wholesale,South,Apparel,Dress,1,969,969,15.0,145.35,823.65,Cash on Delivery,0
105439,2024-09-25,CUST2807,Premium,North,Electronics,Smartphone,1,13253,13253,10.0,1325.3,11927.7,Debit Card,0
105440,2023-09-20,CUST3064,Premium,North,Beauty,Shampoo,2,1573,3146,10.0,314.6,2831.4,Credit Card,0
105441,2023-07-12,CUST2543,Regular,South,Sports,Yoga Mat,2,4432,8864,10.0,886.4,7977.6,Debit Card,0
105442,2024-07-11,CUST3285,Regular,South,Home & Kitchen,Vacuum Cleaner,1,7061,7061,5.0,353.05,6707.95,Debit Card,0
105443,2024-07-11,CUST1217,Premium,East,Home & Kitchen,Air Fryer,5,10150,50750,15.0,7612.5,43137.5,UPI,0
105444,2024-07-26,CUST2043,Regular,North,Apparel,Jacket,1,1253,1253,0.0,0.0,1253.0,Debit Card,0
105445,2024-11-08,CUST1486,Premium,East,Home & Kitchen,Bedsheet Set,3,6798,20394,5.0,1019.7,19374.3,Debit Card,0
105446,2024-05-11,CUST2859,Premium,North,Beauty,Shampoo,1,1107,1107,5.0,55.35,1051.65,Debit Card,0
105447,2023-04-24,CUST1069,Regular,North,Sports,Dumbbell Set,1,1807,1807,15.0,271.05,1535.95,Cash on Delivery,0
105448,2024-03-20,CUST3134,Regular,North,Apparel,Dress,2,1300,2600,0.0,0.0,2600.0,Net Banking,0
105449,2023-04-27,CUST1987,New,South,Electronics,Smartphone,4,37153,148612,30.0,44583.6,104028.4,Credit Card,0
105450,2024-02-13,CUST2842,Regular,West,Sports,Running Shoes,2,7035,14070,5.0,703.5,13366.5,UPI,0
105451,2024-09-14,CUST3481,Premium,West,Home & Kitchen,Cookware Set,1,7731,7731,0.0,0.0,7731.0,Net Banking,0
105452,2024-11-02,CUST3316,New,Central,Apparel,Jacket,1,3596,3596,30.0,1078.8,2517.2,UPI,0
105453,2024-12-19,CUST1589,Regular,South,Beauty,Shampoo,1,792,792,0.0,0.0,792.0,Debit Card,0
105454,2023-02-28,CUST3463,Premium,North,Apparel,T-Shirt,1,2995,2995,0.0,0.0,2995.0,Credit Card,0
105455,2024-10-20,CUST1989,Regular,South,Electronics,Laptop,2,42269,84538,0.0,0.0,84538.0,Debit Card,0
105456,2024-09-21,CUST1901,Premium,South,Home & Kitchen,Cookware Set,2,2268,4536,15.0,680.4,3855.6,Debit Card,0
105457,2023-08-07,CUST1729,Regular,South,Sports,Dumbbell Set,1,6734,6734,5.0,336.7,6397.3,Cash on Delivery,0
105458,2024-12-09,CUST2413,Regular,Central,Home & Kitchen,Bedsheet Set,2,9338,18676,5.0,933.8,17742.2,UPI,1
105459,2023-12-06,CUST2491,Premium,South,Apparel,T-Shirt,3,406,1218,20.0,243.6,974.4,UPI,0
105460,2024-11-25,CUST2110,Regular,Central,Home & Kitchen,Vacuum Cleaner,-2,9820,19640,20.0,3928.0,15712.0,,0
105461,2023-02-28,CUST1696,Premium,North,Home & Kitchen,Mixer Grinder,2,9800,19600,5.0,980.0,18620.0,UPI,0
105462,2023-04-16,CUST3445,Wholesale,Central,Beauty,Lipstick,2,373,746,10.0,74.6,671.4,Cash on Delivery,0
105463,2024-06-26,CUST1213,Wholesale,North,Apparel,Dress,2,506,1012,20.0,202.4,809.6,Cash on Delivery,0
105464,2023-08-24,CUST2859,Wholesale,South,Beauty,Shampoo,2,374,748,5.0,37.4,710.6,Credit Card,0
105465,2023-06-26,CUST2766,Premium,West,Sports,Cricket Bat,1,3426,3426,10.0,342.6,3083.4,Credit Card,0
105466,2023-08-08,CUST1866,Regular,North,Beauty,Face Cream,4,1896,7584,10.0,758.4,6825.6,UPI,1
105467,2023-08-01,CUST1713,Premium,East,Electronics,Laptop,1,11878,11878,5.0,593.9,11284.1,Net Banking,0
105468,2023-05-01,CUST3363,Regular,South,Apparel,Sneakers,1,2111,2111,5.0,105.55,2005.45,UPI,0
105469,2023-12-22,CUST1700,Regular,North,Sports,Dumbbell Set,2,3370,6740,15.0,1011.0,5729.0,UPI,0
105470,2024-09-04,CUST3041,Regular,West,Home & Kitchen,Bedsheet Set,1,10086,10086,30.0,3025.8,7060.2,UPI,0
105471,2024-01-09,CUST1718,Regular,North,Apparel,Sneakers,1,3865,3865,15.0,579.75,3285.25,Credit Card,0
105472,2023-12-24,CUST2789,Premium,East,Beauty,Perfume,2,2375,4750,20.0,950.0,3800.0,UPI,0
105473,2024-03-03,CUST3296,New,East,Sports,Cricket Bat,1,4482,4482,5.0,224.1,4257.9,UPI,0
105474,2024-02-21,CUST2532,Premium,North,Home & Kitchen,Mixer Grinder,1,10615,10615,15.0,1592.25,9022.75,UPI,0
105475,2024-08-22,CUST1678,Premium,Central,Electronics,Headphones,2,41886,83772,5.0,4188.6,79583.4,Credit Card,0
105476,2024-03-10,CUST2226,Regular,South,Home & Kitchen,Air Fryer,4,10914,43656,15.0,6548.4,37107.6,UPI,0
105477,2024-12-06,CUST1751,Regular,Central,Beauty,Lipstick,2,1746,3492,20.0,698.4,2793.6,UPI,0
105478,2024-05-31,CUST1666,Regular,East,Home & Kitchen,Mixer Grinder,1,2474,2474,5.0,123.7,2350.3,Credit Card,0
105479,2023-01-29,CUST3298,Wholesale,North,Sports,Dumbbell Set,4,2010,8040,10.0,804.0,7236.0,UPI,0
105480,2023-01-13,CUST1550,Premium,North,Apparel,Dress,1,3152,3152,0.0,0.0,3152.0,Cash on Delivery,0
105481,2024-05-19,CUST2930,Regular,North,Beauty,Shampoo,1,1352,1352,10.0,135.2,1216.8,Debit Card,0
105482,2024-10-07,CUST3450,Regular,West,Electronics,Headphones,1,45433,45433,10.0,4543.3,40889.7,Debit Card,0
105483,2023-09-04,CUST3494,New,Central,Sports,Cricket Bat,1,4597,4597,5.0,229.85,4367.15,UPI,1
105484,2024-10-04,CUST3457,Regular,Central,Sports,Cycling Helmet,2,5336,10672,15.0,1600.8,9071.2,Credit Card,0
105485,2024-12-30,CUST1180,Regular,West,Home & Kitchen,Cookware Set,1,8557,8557,20.0,1711.4,6845.6,,0
105486,2023-03-09,CUST2176,New,East,Sports,Yoga Mat,1,2543,2543,0.0,0.0,2543.0,Credit Card,0
105487,2024-09-13,CUST1220,New,North,Beauty,Shampoo,1,2462,2462,15.0,369.3,2092.7,Credit Card,0
105488,2023-11-19,CUST2852,Regular,South,Electronics,Headphones,1,45576,45576,20.0,9115.2,36460.8,UPI,0
105489,2024-10-26,CUST2191,Wholesale,East,Home & Kitchen,Mixer Grinder,1,6733,6733,20.0,1346.6,5386.4,Debit Card,0
105490,2024-01-02,CUST2205,New,East,Sports,Cricket Bat,3,1834,5502,,,,Credit Card,0
105491,2023-04-02,CUST3241,Premium,East,Sports,Dumbbell Set,3,2723,8169,0.0,0.0,8169.0,Net Banking,0
105492,2024-03-29,CUST3483,New,West,Apparel,Jacket,1,542,542,5.0,27.1,514.9,Net Banking,0
105493,2023-02-19,CUST3372,Regular,Central,Sports,Dumbbell Set,3,518,1554,15.0,233.1,1320.9,Debit Card,0
105494,2024-01-24,CUST1411,New,North,Electronics,Smartwatch,2,7573,15146,15.0,2271.9,12874.1,Net Banking,0
105495,2023-06-25,CUST2474,New,Central,Sports,Cricket Bat,4,3611,14444,20.0,2888.8,11555.2,Debit Card,0
105496,2024-08-25,CUST1538,Premium,East,Home & Kitchen,Bedsheet Set,1,8386,8386,10.0,838.6,7547.4,UPI,0
105497,2023-05-20,CUST2031,Wholesale,South,Beauty,Sunscreen,1,1684,1684,5.0,84.2,1599.8,Debit Card,0
105498,2024-09-04,CUST1695,Regular,Central,Electronics,Smartwatch,2,59592,119184,10.0,11918.4,107265.6,,0
105499,2024-12-29,CUST2060,Regular,North,Apparel,Jacket,2,715,1430,10.0,143.0,1287.0,Credit Card,0
105500,2024-01-10,CUST1797,Premium,North,Sports,Running Shoes,1,2183,2183,10.0,218.3,1964.7,Credit Card,0
105501,2024-07-29,CUST2100,Regular,East,Home & Kitchen,Air Fryer,1,8609,8609,5.0,430.45,8178.55,Cash on Delivery,1
105502,2024-08-29,CUST3112,Premium,South,Electronics,Laptop,1,49497,49497,10.0,4949.7,44547.3,UPI,0
105503,2023-04-01,CUST1654,Premium,South,Electronics,Smartphone,1,48742,48742,10.0,4874.2,43867.8,Debit Card,0
105504,2023-08-02,CUST2905,Regular,South,Apparel,T-Shirt,1,1363,1363,10.0,136.3,1226.7,Cash on Delivery,0
105505,2023-04-11,CUST1167,Premium,South,Apparel,Sneakers,1,2387,2387,5.0,119.35,2267.65,Net Banking,0
105506,2024-06-08,CUST1221,New,North,Electronics,Laptop,2,45741,91482,20.0,18296.4,73185.6,Debit Card,0
105507,2023-11-09,CUST3301,Regular,South,Home & Kitchen,Bedsheet Set,1,4719,4719,30.0,1415.7,3303.3,Credit Card,0
105508,2023-04-11,CUST1578,New,West,Beauty,Perfume,2,606,1212,15.0,181.8,1030.2,Cash on Delivery,0
105509,2024-11-15,CUST1399,Regular,West,Home & Kitchen,Bedsheet Set,1,1043,1043,10.0,104.3,938.7,Cash on Delivery,0
105510,2024-05-25,CUST3025,New,West,Electronics,Smartphone,1,36835,36835,5.0,1841.75,34993.25,UPI,0
105511,2024-05-19,CUST3350,Regular,East,Home & Kitchen,Cookware Set,1,4472,4472,20.0,894.4,3577.6,Debit Card,0
105512,2023-06-24,CUST3051,Premium,East,Home & Kitchen,Mixer Grinder,1,4453,4453,5.0,222.65,4230.35,UPI,0
105513,2023-06-17,CUST2713,Regular,East,Apparel,T-Shirt,1,2972,2972,5.0,148.6,2823.4,UPI,0
105514,2024-07-20,CUST1219,Premium,North,Home & Kitchen,Vacuum Cleaner,4,2132,8528,0.0,0.0,8528.0,,0
105515,2024-03-03,CUST2546,Premium,North,Apparel,T-Shirt,1,960,960,,,,Debit Card,0
105516,2024-03-19,CUST2004,Regular,Central,Home & Kitchen,Vacuum Cleaner,1,4291,4291,0.0,0.0,4291.0,UPI,0
105517,2023-12-07,CUST3375,Premium,South,Electronics,Smartphone,1,8372,8372,5.0,418.6,7953.4,UPI,0
105518,2023-12-01,CUST3398,Wholesale,East,Electronics,Tablet,1,10189,10189,0.0,0.0,10189.0,Debit Card,0
105519,2024-08-30,CUST2207,Wholesale,North,Home & Kitchen,Vacuum Cleaner,1,10367,10367,5.0,518.35,9848.65,Credit Card,1
105520,2024-04-22,CUST2477,Regular,South,Apparel,T-Shirt,-2,2404,4808,0.0,0.0,4808.0,UPI,0
105521,2024-02-26,CUST2161,Wholesale,Central,Apparel,Dress,2,2803,5606,0.0,0.0,5606.0,UPI,0
105522,2023-11-05,CUST2303,Premium,West,Home & Kitchen,Vacuum Cleaner,3,6749,20247,10.0,2024.7,18222.3,Cash on Delivery,0
105523,2023-06-13,CUST2302,Regular,North,Home & Kitchen,Cookware Set,4,9169,36676,5.0,1833.8,34842.2,UPI,0
105524,2023-01-18,CUST1635,New,West,Sports,Cycling Helmet,1,1173,1173,10.0,117.3,1055.7,Net Banking,0
105525,2023-03-20,CUST1879,Regular,East,Apparel,Dress,4,1316,5264,0.0,0.0,5264.0,UPI,0
105526,2024-05-14,CUST2054,Regular,North,Beauty,Lipstick,2,649,1298,20.0,259.6,1038.4,UPI,0
105527,2023-04-29,CUST1401,Premium,South,Apparel,Jacket,4,3659,14636,5.0,731.8,13904.2,Credit Card,0
105528,2023-07-10,CUST1281,New,East,Home & Kitchen,Air Fryer,1,4561,4561,0.0,0.0,4561.0,Debit Card,0
105529,2024-09-05,CUST1660,Regular,West,Beauty,Perfume,2,351,702,10.0,70.2,631.8,Cash on Delivery,0
105530,2023-08-29,CUST1926,Regular,West,Sports,Cycling Helmet,1,7894,7894,15.0,1184.1,6709.9,Net Banking,0
105531,2024-01-17,CUST2459,Regular,South,Apparel,T-Shirt,1,2574,2574,0.0,0.0,2574.0,UPI,1
105532,2024-11-29,CUST2513,Premium,East,Sports,Dumbbell Set,1,4820,4820,5.0,241.0,4579.0,UPI,0
105533,2023-04-13,CUST1382,New,South,Electronics,Tablet,5,35796,178980,0.0,0.0,178980.0,Credit Card,0
105534,2024-06-24,CUST3294,Wholesale,East,Electronics,Smartphone,1,53863,53863,10.0,5386.3,48476.7,Debit Card,0
105535,2023-08-29,CUST3409,Regular,North,Home & Kitchen,Cookware Set,3,833,2499,15.0,374.85,2124.15,Cash on Delivery,1
105536,2024-11-02,CUST1404,Premium,North,Home & Kitchen,Vacuum Cleaner,2,5857,11714,20.0,2342.8,9371.2,Debit Card,0
105537,2024-09-02,CUST1883,Regular,South,Beauty,Shampoo,2,356,712,0.0,0.0,712.0,Credit Card,0
105538,2023-07-09,CUST2882,Regular,North,Home & Kitchen,Cookware Set,2,4010,8020,,,,Credit Card,0
105539,2023-08-19,CUST3039,Regular,South,Electronics,Smartwatch,2,14129,28258,5.0,1412.9,26845.1,UPI,0
105540,2023-06-24,CUST1554,Regular,East,Home & Kitchen,Vacuum Cleaner,1,4717,4717,,,,UPI,0
105541,2023-03-27,CUST2242,Regular,West,Apparel,Jacket,1,2937,2937,0.0,0.0,2937.0,UPI,0
105542,2023-04-25,CUST2191,Premium,Central,Sports,Cycling Helmet,1,4356,4356,0.0,0.0,4356.0,Net Banking,0
105543,2024-10-29,CUST2456,Premium,South,Sports,Cricket Bat,3,5173,15519,30.0,4655.7,10863.3,UPI,0
105544,2023-05-27,CUST2745,Premium,West,Sports,Dumbbell Set,4,4538,18152,0.0,0.0,18152.0,UPI,0
105545,2024-02-20,CUST1589,Regular,South,Home & Kitchen,Mixer Grinder,3,1591,4773,0.0,0.0,4773.0,Credit Card,0
105546,2024-04-22,CUST2930,Regular,South,Beauty,Lipstick,2,667,1334,20.0,266.8,1067.2,Debit Card,0
105547,2024-01-12,CUST2931,New,Central,Electronics,Smartphone,1,3703,3703,5.0,185.15,3517.85,Cash on Delivery,1
105548,2023-11-16,CUST1373,New,West,Apparel,Dress,3,2344,7032,15.0,1054.8,5977.2,UPI,0
105549,2024-12-10,CUST1722,Regular,North,Sports,Cricket Bat,2,7592,15184,30.0,4555.2,10628.8,Cash on Delivery,0
105550,2023-04-20,CUST2943,Premium,Central,Apparel,Dress,1,718,718,30.0,215.4,502.6,UPI,0
105551,2023-05-18,CUST1354,Regular,North,Home & Kitchen,Mixer Grinder,3,10560,31680,10.0,3168.0,28512.0,UPI,0
105552,2023-02-23,CUST2207,Premium,Central,Apparel,Sneakers,1,1352,1352,30.0,405.6,946.4,Cash on Delivery,0
105553,2024-07-24,CUST2611,Premium,West,Apparel,Jacket,1,3938,3938,5.0,196.9,3741.1,UPI,0
105554,2023-12-11,CUST3437,Wholesale,East,Home & Kitchen,Air Fryer,1,2059,2059,0.0,0.0,2059.0,Debit Card,0
105555,2023-02-24,CUST1652,Wholesale,East,Apparel,Sneakers,1,1322,1322,10.0,132.2,1189.8,Cash on Delivery,0
105556,2023-09-19,CUST2596,Premium,West,Beauty,Lipstick,1,664,664,20.0,132.8,531.2,Net Banking,0
105557,2023-03-17,CUST2373,Wholesale,East,Beauty,Perfume,1,198,198,0.0,0.0,198.0,Credit Card,0
105558,2023-06-20,CUST1603,Regular,North,Apparel,Jacket,3,3499,10497,0.0,0.0,10497.0,UPI,0
105559,2024-01-11,CUST2630,Premium,South,Home & Kitchen,Bedsheet Set,2,1661,3322,10.0,332.2,2989.8,UPI,0
105560,2023-02-10,CUST2753,New,West,Apparel,Jacket,2,3474,6948,10.0,694.8,6253.2,UPI,0
105561,2023-02-17,CUST1758,Wholesale,South,Electronics,Headphones,4,26408,105632,10.0,10563.2,95068.8,Debit Card,0
105562,2023-04-05,CUST2069,New,North,Electronics,Headphones,1,19847,19847,10.0,1984.7,17862.3,Debit Card,0
105563,2023-08-07,CUST3096,Regular,West,Beauty,Sunscreen,5,1853,9265,20.0,1853.0,7412.0,UPI,0
105564,2023-09-04,CUST2749,Regular,West,Home & Kitchen,Bedsheet Set,1,6849,6849,0.0,0.0,6849.0,UPI,0
105565,2023-09-25,CUST2978,Regular,East,Home & Kitchen,Vacuum Cleaner,3,8145,24435,0.0,0.0,24435.0,Cash on Delivery,0
105566,2023-09-24,CUST2575,New,West,Apparel,Jacket,1,1597,1597,5.0,79.85,1517.15,Net Banking,0
105567,2024-06-26,CUST3162,Regular,Central,Apparel,Sneakers,3,2053,6159,5.0,307.95,5851.05,UPI,0
105568,2023-12-02,CUST2300,Regular,South,Electronics,Smartwatch,2,35742,71484,0.0,0.0,71484.0,Credit Card,1
105569,2023-08-27,CUST3139,Wholesale,Central,Electronics,Tablet,2,8511,17022,0.0,0.0,17022.0,Cash on Delivery,0
105570,2024-11-21,CUST2160,Regular,North,Sports,Cricket Bat,5,6065,30325,10.0,3032.5,27292.5,Credit Card,0
105571,2024-02-27,CUST1700,Regular,West,Beauty,Face Cream,1,2454,2454,0.0,0.0,2454.0,Cash on Delivery,0
105572,2023-08-10,CUST2507,Premium,East,Beauty,Face Cream,2,751,1502,0.0,0.0,1502.0,Debit Card,0
105573,2024-09-19,CUST1741,Premium,Central,Beauty,Shampoo,3,2140,6420,5.0,321.0,6099.0,Debit Card,1
105574,2023-02-12,CUST2120,Regular,West,Sports,Dumbbell Set,1,1033,1033,0.0,0.0,1033.0,Debit Card,0
105575,2023-04-21,CUST3019,New,East,Sports,Running Shoes,1,1081,1081,15.0,162.15,918.85,UPI,1
105576,2023-12-02,CUST3147,New,Central,Sports,Yoga Mat,3,6309,18927,5.0,946.35,17980.65,UPI,0
105577,2024-08-28,CUST2017,New,North,Home & Kitchen,Mixer Grinder,1,8272,8272,0.0,0.0,8272.0,UPI,0
105578,2024-12-24,CUST1233,Regular,Central,Beauty,Face Cream,1,2316,2316,10.0,231.6,2084.4,Credit Card,0
105579,2024-07-19,CUST2704,Premium,South,Beauty,Lipstick,3,2098,6294,30.0,1888.2,4405.8,UPI,0
105580,2024-08-07,CUST1176,New,North,Apparel,Sneakers,1,2896,2896,5.0,144.8,2751.2,UPI,0
105581,2023-01-17,CUST2892,Regular,West,Beauty,Sunscreen,1,2077,2077,5.0,103.85,1973.15,UPI,0
105582,2023-02-26,CUST1035,Regular,West,Electronics,Tablet,1,15617,15617,0.0,0.0,15617.0,Credit Card,1
105583,2024-01-22,CUST1084,Regular,North,Electronics,Smartphone,1,36014,36014,,,,UPI,0
105584,2023-04-13,CUST1893,Regular,South,Electronics,Laptop,2,50671,101342,10.0,10134.2,91207.8,Net Banking,0
105585,2024-09-20,CUST3236,Regular,Central,Electronics,Headphones,2,7778,15556,10.0,1555.6,14000.4,Credit Card,0
105586,2023-03-11,CUST2787,Regular,South,Beauty,Sunscreen,2,608,1216,0.0,0.0,1216.0,Credit Card,0
105587,2024-09-22,CUST2743,Regular,Central,Sports,Running Shoes,3,2806,8418,10.0,841.8,7576.2,UPI,0
105588,2023-08-23,CUST1553,Premium,South,Apparel,Dress,2,3446,6892,10.0,689.2,6202.8,Debit Card,0
105589,2024-08-27,CUST2985,New,South,Home & Kitchen,Bedsheet Set,1,2791,2791,15.0,418.65,2372.35,Cash on Delivery,0
105590,2023-01-21,CUST2128,Wholesale,South,Apparel,Jacket,1,3897,3897,5.0,194.85,3702.15,UPI,0
105591,2023-06-10,CUST1206,Regular,East,Electronics,Tablet,1,44974,44974,10.0,4497.4,40476.6,UPI,0
105592,2023-12-06,CUST2031,Premium,East,Beauty,Perfume,2,158,316,0.0,0.0,316.0,UPI,0
105593,2024-10-28,CUST2312,Regular,West,Apparel,Sneakers,1,1403,1403,15.0,210.45,1192.55,Credit Card,0
105594,2023-10-22,CUST1845,Regular,Central,Sports,Running Shoes,3,519,1557,15.0,233.55,1323.45,Debit Card,0
105595,2024-09-22,CUST2893,Premium,East,Apparel,T-Shirt,1,833,833,20.0,166.6,666.4,Cash on Delivery,0
105596,2023-10-14,CUST1799,Regular,Central,Home & Kitchen,Bedsheet Set,1,3714,3714,20.0,742.8,2971.2,,0
105597,2024-09-21,CUST2583,Premium,West,Electronics,Smartphone,1,56161,56161,0.0,0.0,56161.0,UPI,0
105598,2024-03-03,CUST3493,Regular,West,Beauty,Lipstick,2,865,1730,0.0,0.0,1730.0,Credit Card,1
105599,2024-03-20,CUST2699,Regular,East,Home & Kitchen,Bedsheet Set,1,11243,11243,5.0,562.15,10680.85,UPI,0
105600,2023-11-01,CUST2667,Premium,North,Sports,Cricket Bat,1,7452,7452,15.0,1117.8,6334.2,Debit Card,1
105601,2023-12-19,CUST2907,New,Central,Beauty,Lipstick,1,1994,1994,5.0,99.7,1894.3,Cash on Delivery,0
105602,2024-05-29,CUST1598,New,East,Sports,Dumbbell Set,1,7945,7945,10.0,794.5,7150.5,UPI,0
105603,2023-06-27,CUST2249,Regular,South,Beauty,Lipstick,1,2338,2338,10.0,233.8,2104.2,Cash on Delivery,0
105604,2024-08-31,CUST1123,Regular,East,Home & Kitchen,Air Fryer,1,6415,6415,0.0,0.0,6415.0,UPI,0
105605,2023-01-29,CUST3307,New,South,Apparel,T-Shirt,1,1629,1629,20.0,325.8,1303.2,UPI,0
105606,2023-10-28,CUST2363,Regular,North,Home & Kitchen,Cookware Set,3,3621,10863,10.0,1086.3,9776.7,Cash on Delivery,0
105607,2023-09-08,CUST2701,Wholesale,East,Apparel,Jacket,3,2108,6324,0.0,0.0,6324.0,UPI,0
105608,2024-01-09,CUST1905,New,North,Beauty,Perfume,1,759,759,,,,Debit Card,0
105609,2024-12-17,CUST1299,Regular,West,Sports,Cycling Helmet,1,7131,7131,10.0,713.1,6417.9,Credit Card,0
105610,2024-09-18,CUST1471,New,West,Electronics,Headphones,2,45539,91078,5.0,4553.9,86524.1,UPI,1
105611,2023-03-22,CUST2119,Premium,South,Home & Kitchen,Bedsheet Set,4,7033,28132,5.0,1406.6,26725.4,Net Banking,0
105612,2023-06-14,CUST1159,Regular,South,Sports,Yoga Mat,4,7670,30680,0.0,0.0,30680.0,Debit Card,0
105613,2024-08-13,CUST3480,Regular,Central,Electronics,Smartwatch,3,14737,44211,20.0,8842.2,35368.8,Credit Card,0
105614,2023-05-21,CUST3368,Regular,North,Electronics,Headphones,1,5717,5717,0.0,0.0,5717.0,Debit Card,0
105615,2023-09-29,CUST2536,New,West,Home & Kitchen,Cookware Set,1,3079,3079,15.0,461.85,2617.15,UPI,0
105616,2023-12-10,CUST3155,Wholesale,West,Beauty,Sunscreen,1,1841,1841,10.0,184.1,1656.9,,0
105617,2023-06-27,CUST1411,Regular,East,Beauty,Shampoo,1,1973,1973,15.0,295.95,1677.05,Net Banking,0
105618,2023-03-31,CUST2948,New,East,Home & Kitchen,Cookware Set,1,1806,1806,0.0,0.0,1806.0,UPI,0
105619,2023-03-22,CUST1904,Wholesale,West,Home & Kitchen,Mixer Grinder,2,3846,7692,0.0,0.0,7692.0,Cash on Delivery,0
105620,2023-02-01,CUST3073,Premium,East,Beauty,Perfume,1,1302,1302,0.0,0.0,1302.0,Net Banking,0
105621,2023-03-06,CUST2272,Premium,North,Beauty,Lipstick,2,2362,4724,0.0,0.0,4724.0,Debit Card,1
105622,2023-02-22,CUST3001,Regular,North,Home & Kitchen,Bedsheet Set,1,8575,8575,0.0,0.0,8575.0,Debit Card,0
105623,2023-12-11,CUST3309,New,East,Apparel,Dress,2,2383,4766,10.0,476.6,4289.4,Debit Card,0
105624,2024-07-23,CUST2145,New,North,Sports,Cycling Helmet,5,3324,16620,0.0,0.0,16620.0,UPI,0
105625,2023-06-05,CUST2938,Regular,Central,Electronics,Smartphone,1,2117,2117,5.0,105.85,2011.15,Net Banking,0
105626,2024-04-01,CUST2418,Regular,West,Sports,Cricket Bat,5,5135,25675,5.0,1283.75,24391.25,UPI,0
105627,2024-03-26,CUST1970,Regular,Central,Sports,Cycling Helmet,3,5370,16110,5.0,805.5,15304.5,Credit Card,0
105628,2024-08-03,CUST2418,New,South,Home & Kitchen,Cookware Set,1,937,937,5.0,46.85,890.15,UPI,0
105629,2023-12-26,CUST1844,Regular,West,Apparel,Dress,1,3925,3925,5.0,196.25,3728.75,Debit Card,0
105630,2024-04-10,CUST3004,Regular,North,Beauty,Shampoo,2,797,1594,0.0,0.0,1594.0,Debit Card,0
105631,2023-02-02,CUST1844,Regular,Central,Electronics,Laptop,2,7724,15448,0.0,0.0,15448.0,Credit Card,0
105632,2024-01-09,CUST2391,Regular,Central,Sports,Dumbbell Set,1,5677,5677,0.0,0.0,5677.0,Cash on Delivery,0
105633,2024-03-15,CUST1280,Premium,North,Sports,Cricket Bat,2,7757,15514,5.0,775.7,14738.3,UPI,0
105634,2023-08-25,CUST2432,Regular,North,Home & Kitchen,Bedsheet Set,2,11761,23522,0.0,0.0,23522.0,UPI,0
105635,2023-10-13,CUST1815,Premium,South,Sports,Dumbbell Set,1,2244,2244,15.0,336.6,1907.4,Credit Card,0
105636,2024-11-20,CUST3250,New,West,Apparel,T-Shirt,3,737,2211,20.0,442.2,1768.8,Credit Card,0
105637,2024-03-06,CUST2626,Premium,North,Sports,Running Shoes,1,4443,4443,10.0,444.3,3998.7,Credit Card,0
105638,2024-11-04,CUST1147,Premium,West,Beauty,Shampoo,1,1950,1950,15.0,292.5,1657.5,UPI,0
105639,2024-01-29,CUST2621,Regular,West,Beauty,Sunscreen,2,676,1352,10.0,135.2,1216.8,UPI,0
105640,2024-06-14,CUST1841,Regular,South,Home & Kitchen,Bedsheet Set,1,5572,5572,10.0,557.2,5014.8,UPI,0
105641,2023-04-12,CUST2584,Regular,South,Electronics,Smartphone,3,22461,67383,0.0,0.0,67383.0,Net Banking,0
105642,2023-05-09,CUST2023,Regular,North,Electronics,Tablet,5,4205,21025,10.0,2102.5,18922.5,Debit Card,1
105643,2023-06-23,CUST1364,New,South,Apparel,Jacket,1,901,901,15.0,135.15,765.85,UPI,0
105644,2024-03-13,CUST3111,Premium,South,Home & Kitchen,Air Fryer,2,1813,3626,0.0,0.0,3626.0,UPI,0
105645,2024-03-24,CUST1121,Premium,South,Electronics,Headphones,2,34999,69998,10.0,6999.8,62998.2,UPI,0
105646,2023-01-05,CUST1496,Regular,North,Beauty,Perfume,1,1996,1996,0.0,0.0,1996.0,Debit Card,0
105647,2024-10-25,CUST1821,Regular,Central,Home & Kitchen,Air Fryer,2,6474,12948,15.0,1942.2,11005.8,Credit Card,0
105648,2023-06-29,CUST2446,Regular,North,Home & Kitchen,Cookware Set,2,4768,9536,0.0,0.0,9536.0,Debit Card,0
105649,2024-04-19,CUST2378,New,South,Sports,Running Shoes,1,978,978,15.0,146.7,831.3,UPI,0
105650,2023-01-24,CUST3111,Regular,West,Beauty,Lipstick,2,1733,3466,15.0,519.9,2946.1,Cash on Delivery,0
105651,2024-01-05,CUST1856,Premium,North,Apparel,Sneakers,2,593,1186,15.0,177.9,1008.1,Cash on Delivery,0
105652,2023-05-20,CUST2064,Premium,South,Beauty,Perfume,2,1213,2426,20.0,485.2,1940.8,Net Banking,0
105653,2023-07-20,CUST1205,Wholesale,North,Sports,Running Shoes,2,3107,6214,20.0,1242.8,4971.2,UPI,0
105654,2023-01-08,CUST1887,Regular,West,Electronics,Smartphone,1,37687,37687,10.0,3768.7,33918.3,Net Banking,0
105655,2024-06-27,CUST3426,Premium,East,Sports,Yoga Mat,2,4405,8810,30.0,2643.0,6167.0,Cash on Delivery,0
105656,2024-08-12,CUST2692,Regular,East,Apparel,Dress,1,3906,3906,5.0,195.3,3710.7,Cash on Delivery,0
105657,2023-12-07,CUST1032,Wholesale,South,Electronics,Smartphone,4,57052,228208,10.0,22820.8,205387.2,Credit Card,0
105658,2023-04-16,CUST2254,Regular,East,Sports,Yoga Mat,1,6639,6639,0.0,0.0,6639.0,Credit Card,0
105659,2024-09-03,CUST2653,Regular,North,Electronics,Headphones,1,9934,9934,15.0,1490.1,8443.9,Debit Card,1
105660,2024-03-22,CUST2887,Premium,South,Home & Kitchen,Mixer Grinder,1,4091,4091,15.0,613.65,3477.35,UPI,0
105661,2023-10-24,CUST2747,Regular,North,Sports,Dumbbell Set,2,6342,12684,30.0,3805.2,8878.8,Cash on Delivery,0
105662,2023-07-06,CUST3124,Regular,North,Home & Kitchen,Vacuum Cleaner,1,8858,8858,10.0,885.8,7972.2,Credit Card,0
105663,2023-05-11,CUST2866,Regular,North,Home & Kitchen,Air Fryer,4,7744,30976,0.0,0.0,30976.0,Cash on Delivery,0
105664,2023-06-23,CUST1380,New,North,Beauty,Face Cream,1,2340,2340,5.0,117.0,2223.0,Cash on Delivery,0
105665,2023-07-19,CUST2939,Premium,East,Home & Kitchen,Mixer Grinder,4,6268,25072,0.0,0.0,25072.0,Credit Card,0
105666,2023-11-15,CUST2211,Regular,South,Sports,Running Shoes,4,3168,12672,20.0,2534.4,10137.6,Net Banking,0
105667,2024-03-14,CUST3000,Regular,West,Home & Kitchen,Vacuum Cleaner,2,9628,19256,10.0,1925.6,17330.4,Net Banking,0
105668,2023-08-11,CUST3225,New,West,Sports,Cycling Helmet,3,7826,23478,15.0,3521.7,19956.3,UPI,0
105669,2024-05-16,CUST1851,Regular,West,Beauty,Perfume,2,387,774,20.0,154.8,619.2,UPI,0
105670,2023-11-14,CUST2756,Premium,West,Beauty,Perfume,3,1853,5559,20.0,1111.8,4447.2,Cash on Delivery,0
105671,2024-12-07,CUST2261,Regular,Central,Apparel,Dress,1,3632,3632,20.0,726.4,2905.6,UPI,0
105672,2023-03-30,CUST2019,New,North,Apparel,Jacket,3,1376,4128,0.0,0.0,4128.0,Net Banking,0
105673,2023-09-27,CUST2824,Regular,South,Electronics,Smartphone,1,29282,29282,0.0,0.0,29282.0,UPI,0
105674,2024-03-07,CUST1201,Regular,South,Beauty,Perfume,2,324,648,15.0,97.2,550.8,Net Banking,0
105675,2023-08-30,CUST1137,Wholesale,Central,Sports,Dumbbell Set,1,4220,4220,0.0,0.0,4220.0,Debit Card,0
105676,2024-12-01,CUST1761,Wholesale,East,Sports,Cricket Bat,5,6638,33190,20.0,6638.0,26552.0,Debit Card,1
105677,2024-12-22,CUST3093,Regular,South,Electronics,Smartphone,2,15776,31552,5.0,1577.6,29974.4,Net Banking,0
105678,2023-07-07,CUST1326,Regular,East,Beauty,Face Cream,4,703,2812,10.0,281.2,2530.8,Credit Card,0
105679,2024-11-11,CUST3054,New,North,Electronics,Smartwatch,1,27542,27542,10.0,2754.2,24787.8,Cash on Delivery,0
105680,2023-10-01,CUST2432,Regular,Central,Beauty,Sunscreen,1,2062,2062,15.0,309.3,1752.7,Credit Card,0
105681,2024-05-27,CUST1354,Regular,Central,Beauty,Sunscreen,3,2104,6312,5.0,315.6,5996.4,Debit Card,0
105682,2024-04-14,CUST1724,Regular,West,Sports,Cricket Bat,1,3576,3576,5.0,178.8,3397.2,UPI,0
105683,2023-08-19,CUST2629,Premium,Central,Sports,Cricket Bat,1,1588,1588,20.0,317.6,1270.4,Cash on Delivery,0
105684,2024-02-06,CUST1937,Regular,West,Sports,Running Shoes,2,4802,9604,15.0,1440.6,8163.4,,0
105685,2023-07-11,CUST1384,Wholesale,North,Beauty,Perfume,2,353,706,0.0,0.0,706.0,Cash on Delivery,0
105686,2023-04-09,CUST1913,New,East,Home & Kitchen,Cookware Set,1,8057,8057,10.0,805.7,7251.3,Cash on Delivery,0
105687,2023-08-10,CUST3333,Regular,Central,Home & Kitchen,Cookware Set,3,5424,16272,0.0,0.0,16272.0,UPI,0
105688,2024-03-03,CUST1220,Premium,South,Electronics,Smartphone,1,36885,36885,30.0,11065.5,25819.5,Debit Card,0
105689,2023-11-05,CUST3325,Regular,South,Home & Kitchen,Cookware Set,1,9692,9692,0.0,0.0,9692.0,Debit Card,1
105690,2024-04-04,CUST1279,Regular,South,Beauty,Lipstick,1,953,953,0.0,0.0,953.0,Credit Card,0
105691,2023-10-15,CUST3287,Regular,North,Apparel,T-Shirt,2,3435,6870,15.0,1030.5,5839.5,Credit Card,0
105692,2024-10-18,CUST1206,New,Central,Sports,Cycling Helmet,1,1043,1043,15.0,156.45,886.55,Cash on Delivery,0
105693,2023-02-02,CUST1425,Regular,West,Sports,Cricket Bat,1,6879,6879,,,,UPI,0
105694,2024-11-24,CUST2016,Regular,North,Beauty,Face Cream,3,900,2700,15.0,405.0,2295.0,Cash on Delivery,0
105695,2023-08-11,CUST2801,Regular,North,Electronics,Laptop,1,21091,21091,15.0,3163.65,17927.35,UPI,0
105696,2023-05-07,CUST2921,Regular,North,Sports,Cycling Helmet,2,7422,14844,0.0,0.0,14844.0,UPI,0
105697,2024-09-12,CUST3030,Regular,West,Home & Kitchen,Cookware Set,2,3710,7420,0.0,0.0,7420.0,UPI,0
105698,2023-10-01,CUST1081,Regular,West,Sports,Dumbbell Set,4,7896,31584,15.0,4737.6,26846.4,Credit Card,1
105699,2024-05-17,CUST2124,New,North,Sports,Running Shoes,3,2743,8229,0.0,0.0,8229.0,Debit Card,0
105700,2024-08-23,CUST2971,Wholesale,North,Beauty,Face Cream,4,1456,5824,0.0,0.0,5824.0,Credit Card,0
105701,2023-04-05,CUST3078,Premium,South,Home & Kitchen,Vacuum Cleaner,1,7748,7748,20.0,1549.6,6198.4,Cash on Delivery,0
105702,2024-03-22,CUST2896,New,West,Apparel,Jeans,1,2495,2495,5.0,124.75,2370.25,UPI,0
105703,2023-05-06,CUST1353,Wholesale,Central,Apparel,T-Shirt,2,2819,5638,0.0,0.0,5638.0,Net Banking,0
105704,2024-05-19,CUST3365,Premium,West,Beauty,Lipstick,2,196,392,5.0,19.6,372.4,Debit Card,0
105705,2024-03-10,CUST1802,Premium,West,Apparel,Jacket,1,1779,1779,0.0,0.0,1779.0,Cash on Delivery,0
105706,2023-01-01,CUST2174,Premium,West,Electronics,Laptop,1,41243,41243,10.0,4124.3,37118.7,Credit Card,0
105707,2024-03-09,CUST3223,Regular,South,Home & Kitchen,Bedsheet Set,1,10578,10578,0.0,0.0,10578.0,Credit Card,0
105708,2024-10-23,CUST1031,Regular,South,Home & Kitchen,Bedsheet Set,1,8771,8771,15.0,1315.65,7455.35,Cash on Delivery,0
105709,2023-08-03,CUST1847,Wholesale,West,Sports,Dumbbell Set,3,4605,13815,0.0,0.0,13815.0,Credit Card,0
105710,2024-04-26,CUST2982,Regular,South,Home & Kitchen,Vacuum Cleaner,1,8846,8846,5.0,442.3,8403.7,Credit Card,0
105711,2024-12-23,CUST1840,Regular,South,Beauty,Perfume,1,737,737,0.0,0.0,737.0,Credit Card,0
105712,2023-01-19,CUST2059,Regular,East,Sports,Yoga Mat,1,3334,3334,0.0,0.0,3334.0,Cash on Delivery,0
105713,2023-03-19,CUST1012,Premium,Central,Apparel,Jeans,1,2010,2010,5.0,100.5,1909.5,Credit Card,0
105714,2024-08-08,CUST1617,Premium,West,Home & Kitchen,Vacuum Cleaner,1,11398,11398,15.0,1709.7,9688.3,UPI,0
105715,2024-11-06,CUST3275,Regular,Central,Beauty,Lipstick,1,1187,1187,10.0,118.7,1068.3,,0
105716,2023-06-05,CUST3163,Regular,West,Sports,Yoga Mat,2,1683,3366,5.0,168.3,3197.7,Net Banking,0
105717,2024-11-24,CUST2959,Premium,East,Beauty,Perfume,1,1130,1130,20.0,226.0,904.0,Credit Card,0
105718,2024-09-09,CUST3158,New,North,Apparel,Jeans,1,3658,3658,0.0,0.0,3658.0,Cash on Delivery,0
105719,2024-04-01,CUST2415,Regular,North,Beauty,Sunscreen,2,1782,3564,0.0,0.0,3564.0,UPI,0
105720,2024-06-09,CUST1739,Premium,West,Electronics,Smartwatch,1,15288,15288,5.0,764.4,14523.6,UPI,0
105721,2023-05-26,CUST2474,Regular,West,Apparel,Jacket,2,2411,4822,5.0,241.1,4580.9,Net Banking,0
105722,2023-05-17,CUST2654,New,Central,Electronics,Tablet,1,41059,41059,20.0,8211.8,32847.2,Cash on Delivery,0
105723,2023-02-01,CUST1631,Premium,South,Apparel,Jeans,2,1122,2244,0.0,0.0,2244.0,Credit Card,0
105724,2024-02-23,CUST2819,Wholesale,East,Beauty,Shampoo,2,1991,3982,5.0,199.1,3782.9,UPI,0
105725,2024-07-05,CUST3493,Regular,West,Beauty,Lipstick,2,2124,4248,10.0,424.8,3823.2,UPI,0
105726,2023-02-16,CUST1889,Premium,East,Home & Kitchen,Bedsheet Set,1,7848,7848,10.0,784.8,7063.2,Debit Card,0
105727,2023-02-03,CUST1574,New,West,Home & Kitchen,Cookware Set,1,5397,5397,0.0,0.0,5397.0,Credit Card,0
105728,2024-02-02,CUST3040,New,North,Electronics,Smartphone,1,47977,47977,0.0,0.0,47977.0,Cash on Delivery,0
105729,2023-07-12,CUST2674,New,Central,Beauty,Perfume,2,1271,2542,0.0,0.0,2542.0,UPI,0
105730,2024-02-07,CUST2935,Premium,North,Electronics,Laptop,1,10755,10755,0.0,0.0,10755.0,UPI,0
105731,2023-07-06,CUST2625,Regular,West,Home & Kitchen,Air Fryer,1,4140,4140,5.0,207.0,3933.0,Cash on Delivery,0
105732,2024-11-07,CUST1928,Regular,South,Sports,Cricket Bat,3,5028,15084,15.0,2262.6,12821.4,UPI,0
105733,2024-06-04,CUST3092,Premium,North,Home & Kitchen,Bedsheet Set,2,935,1870,30.0,561.0,1309.0,UPI,0
105734,2024-03-15,CUST2094,Regular,North,Beauty,Sunscreen,1,1432,1432,,,,UPI,0
105735,2024-09-23,CUST2119,Regular,South,Electronics,Headphones,2,34479,68958,0.0,0.0,68958.0,Credit Card,0
105736,2023-08-20,CUST3045,Premium,East,Home & Kitchen,Vacuum Cleaner,3,5611,16833,5.0,841.65,15991.35,UPI,0
105737,2024-08-10,CUST2551,Regular,South,Sports,Running Shoes,1,1658,1658,0.0,0.0,1658.0,Debit Card,0
105738,2024-11-22,CUST2488,Premium,South,Electronics,Headphones,1,17357,17357,5.0,867.85,16489.15,UPI,0
105739,2023-03-03,CUST3306,Regular,West,Beauty,Lipstick,4,2076,8304,20.0,1660.8,6643.2,UPI,0
105740,2023-09-07,CUST3434,New,East,Sports,Yoga Mat,2,2468,4936,5.0,246.8,4689.2,UPI,0
105741,2024-11-24,CUST2400,Premium,North,Electronics,Smartphone,3,29997,89991,15.0,13498.65,76492.35,Debit Card,0
105742,2023-01-07,CUST2418,Regular,Central,Electronics,Smartphone,2,27881,55762,20.0,11152.4,44609.6,UPI,0
105743,2024-08-05,CUST2387,Regular,East,Apparel,Dress,2,1042,2084,10.0,208.4,1875.6,UPI,0
105744,2023-07-07,CUST1776,Regular,Central,Apparel,Jeans,3,792,2376,10.0,237.6,2138.4,UPI,0
105745,2024-09-28,CUST1212,New,West,Sports,Cycling Helmet,2,3793,7586,0.0,0.0,7586.0,Debit Card,0
105746,2023-09-02,CUST2430,Premium,Central,Sports,Yoga Mat,1,5310,5310,10.0,531.0,4779.0,UPI,0
105747,2024-11-06,CUST2684,Regular,West,Beauty,Sunscreen,2,203,406,5.0,20.3,385.7,UPI,0
105748,2023-04-25,CUST1463,Premium,Central,Electronics,Laptop,1,35506,35506,5.0,1775.3,33730.7,Credit Card,0
105749,2023-03-07,CUST2286,Premium,North,Beauty,Shampoo,1,1088,1088,0.0,0.0,1088.0,Credit Card,0
105750,2023-05-16,CUST1960,Wholesale,Central,Sports,Running Shoes,2,3748,7496,10.0,749.6,6746.4,Credit Card,0
105751,2023-01-08,CUST2570,Regular,South,Apparel,Dress,2,631,1262,20.0,252.4,1009.6,Debit Card,0
105752,2023-02-23,CUST3237,New,Central,Sports,Dumbbell Set,1,1726,1726,0.0,0.0,1726.0,Cash on Delivery,0
105753,2023-12-29,CUST1063,Regular,West,Sports,Cycling Helmet,5,1056,5280,15.0,792.0,4488.0,Cash on Delivery,0
105754,2024-08-31,CUST3046,Regular,Central,Apparel,Dress,3,2152,6456,15.0,968.4,5487.6,UPI,0
105755,2024-10-18,CUST2558,Regular,Central,Electronics,Headphones,2,18112,36224,5.0,1811.2,34412.8,Debit Card,0
105756,2023-06-06,CUST2264,Regular,Central,Apparel,T-Shirt,1,3618,3618,0.0,0.0,3618.0,UPI,0
105757,2023-10-06,CUST1905,Premium,North,Beauty,Face Cream,3,717,2151,15.0,322.65,1828.35,UPI,0
105758,2023-12-09,CUST2474,Regular,Central,Electronics,Smartwatch,5,27369,136845,15.0,20526.75,116318.25,Debit Card,0
105759,2023-01-30,CUST2350,Regular,North,Home & Kitchen,Bedsheet Set,5,9177,45885,30.0,13765.5,32119.5,UPI,0
105760,2024-05-11,CUST3465,Regular,South,Sports,Cycling Helmet,1,6230,6230,15.0,934.5,5295.5,UPI,0
105761,2023-11-12,CUST2333,Premium,West,Beauty,Perfume,2,2472,4944,15.0,741.6,4202.4,Net Banking,0
105762,2023-06-06,CUST2114,Premium,South,Electronics,Tablet,2,49467,98934,20.0,19786.8,79147.2,Cash on Delivery,0
105763,2024-05-24,CUST3379,New,West,Electronics,Headphones,4,13774,55096,10.0,5509.6,49586.4,Debit Card,0
105764,2023-02-20,CUST3261,Premium,North,Apparel,Sneakers,1,2106,2106,10.0,210.6,1895.4,Cash on Delivery,0
105765,2023-04-22,CUST1665,Regular,North,Apparel,Jeans,1,2907,2907,0.0,0.0,2907.0,Credit Card,0
105766,2023-09-13,CUST1740,Premium,North,Beauty,Sunscreen,2,999,1998,10.0,199.8,1798.2,Debit Card,1
105767,2024-06-11,CUST3262,Wholesale,Central,Beauty,Perfume,3,1857,5571,15.0,835.65,4735.35,Credit Card,0
105768,2024-02-07,CUST2475,Premium,North,Beauty,Sunscreen,1,1516,1516,10.0,151.6,1364.4,UPI,0
105769,2024-07-23,CUST1217,Premium,Central,Sports,Cricket Bat,1,1448,1448,10.0,144.8,1303.2,Debit Card,0
105770,2023-04-05,CUST1202,Regular,Central,Home & Kitchen,Vacuum Cleaner,1,9704,9704,15.0,1455.6,8248.4,Credit Card,1
105771,2024-05-07,CUST3128,Premium,South,Beauty,Sunscreen,3,586,1758,5.0,87.9,1670.1,Net Banking,0
105772,2023-04-28,CUST2397,Premium,South,Home & Kitchen,Mixer Grinder,1,7807,7807,0.0,0.0,7807.0,Credit Card,0
105773,2023-09-16,CUST2620,Wholesale,Central,Electronics,Smartwatch,3,7608,22824,0.0,0.0,22824.0,Debit Card,0
105774,2024-02-05,CUST2634,New,North,Beauty,Sunscreen,3,1434,4302,10.0,430.2,3871.8,Cash on Delivery,0
105775,2023-08-14,CUST1936,Regular,Central,Beauty,Lipstick,1,1592,1592,20.0,318.4,1273.6,Net Banking,0
105776,2023-10-10,CUST2757,New,North,Home & Kitchen,Cookware Set,1,9992,9992,15.0,1498.8,8493.2,UPI,0
105777,2023-10-03,CUST1656,New,South,Sports,Cricket Bat,2,5809,11618,15.0,1742.7,9875.3,Cash on Delivery,0
105778,2024-07-15,CUST1822,Regular,South,Sports,Dumbbell Set,1,989,989,5.0,49.45,939.55,UPI,0
105779,2023-03-30,CUST2819,Wholesale,East,Home & Kitchen,Mixer Grinder,1,2065,2065,10.0,206.5,1858.5,UPI,0
105780,2023-01-05,CUST3366,Premium,West,Apparel,Sneakers,1,1585,1585,5.0,79.25,1505.75,Credit Card,0
105781,2023-07-16,CUST2668,Regular,North,Beauty,Shampoo,1,601,601,15.0,90.15,510.85,Credit Card,0
105782,2024-07-24,CUST2119,Regular,North,Apparel,Jeans,1,2539,2539,0.0,0.0,2539.0,Credit Card,0
105783,2024-11-08,CUST2830,New,South,Apparel,T-Shirt,1,2999,2999,,,,Cash on Delivery,0
105784,2023-10-08,CUST2995,Wholesale,West,Electronics,Smartwatch,1,14299,14299,20.0,2859.8,11439.2,UPI,0
105785,2023-12-22,CUST3075,Premium,North,Beauty,Perfume,1,2491,2491,15.0,373.65,2117.35,UPI,0
105786,2023-09-06,CUST2367,New,West,Home & Kitchen,Vacuum Cleaner,1,2836,2836,0.0,0.0,2836.0,Cash on Delivery,0
105787,2023-11-17,CUST2769,Premium,East,Electronics,Tablet,1,44919,44919,15.0,6737.85,38181.15,Credit Card,0
105788,2023-08-31,CUST1196,Regular,East,Home & Kitchen,Bedsheet Set,2,1892,3784,0.0,0.0,3784.0,Cash on Delivery,0
105789,2024-10-27,CUST2431,Regular,West,Beauty,Perfume,1,1403,1403,15.0,210.45,1192.55,Net Banking,1
105790,2023-07-03,CUST2554,Regular,East,Electronics,Smartphone,1,55173,55173,10.0,5517.3,49655.7,UPI,0
105791,2024-12-02,CUST2106,Wholesale,South,Home & Kitchen,Mixer Grinder,1,4533,4533,15.0,679.95,3853.05,UPI,0
105792,2023-01-08,CUST2994,Regular,East,Sports,Yoga Mat,1,4651,4651,10.0,465.1,4185.9,Cash on Delivery,0
105793,2023-04-24,CUST2468,New,North,Sports,Cricket Bat,2,7902,15804,15.0,2370.6,13433.4,Credit Card,0
105794,2023-04-12,CUST2992,New,South,Home & Kitchen,Bedsheet Set,2,11474,22948,0.0,0.0,22948.0,UPI,0
105795,2023-08-06,CUST3119,Regular,North,Beauty,Sunscreen,2,866,1732,5.0,86.6,1645.4,UPI,0
105796,2023-02-20,CUST1573,Regular,North,Sports,Cricket Bat,1,3634,3634,0.0,0.0,3634.0,Credit Card,1
105797,2024-04-24,CUST2577,New,South,Apparel,Jeans,3,495,1485,5.0,74.25,1410.75,UPI,0
105798,2023-10-10,CUST1509,Regular,South,Home & Kitchen,Vacuum Cleaner,1,1158,1158,5.0,57.9,1100.1,Credit Card,0
105799,2024-11-21,CUST1726,Regular,West,Sports,Cycling Helmet,1,4427,4427,15.0,664.05,3762.95,Credit Card,0
105800,2024-05-19,CUST2747,Regular,East,Beauty,Shampoo,1,900,900,20.0,180.0,720.0,UPI,0
105801,2024-09-19,CUST3396,Premium,North,Home & Kitchen,Mixer Grinder,2,4200,8400,30.0,2520.0,5880.0,Credit Card,1
105802,2023-02-19,CUST2499,Premium,South,Home & Kitchen,Air Fryer,1,4254,4254,5.0,212.7,4041.3,Cash on Delivery,0
105803,2023-09-24,CUST2250,Wholesale,South,Sports,Dumbbell Set,1,5114,5114,15.0,767.1,4346.9,Net Banking,0
105804,2024-01-14,CUST2555,Regular,Central,Electronics,Laptop,1,45870,45870,10.0,4587.0,41283.0,UPI,0
105805,2023-03-05,CUST2287,Wholesale,North,Electronics,Tablet,2,38309,76618,20.0,15323.6,61294.4,,0
105806,2023-04-02,CUST1364,Premium,West,Home & Kitchen,Cookware Set,2,7136,14272,0.0,0.0,14272.0,Cash on Delivery,0
105807,2024-12-19,CUST2477,Wholesale,South,Apparel,Sneakers,3,2119,6357,20.0,1271.4,5085.6,Debit Card,0
105808,2023-10-23,CUST1750,Regular,West,Apparel,Sneakers,3,572,1716,15.0,257.4,1458.6,Credit Card,0
105809,2023-06-21,CUST3444,New,South,Apparel,Dress,1,1234,1234,5.0,61.7,1172.3,UPI,0
105810,2023-11-23,CUST2976,Regular,North,Sports,Cricket Bat,2,1869,3738,15.0,560.7,3177.3,Debit Card,0
105811,2023-10-13,CUST1418,Wholesale,Central,Beauty,Perfume,1,1973,1973,15.0,295.95,1677.05,Credit Card,0
105812,2023-06-16,CUST3008,Regular,South,Sports,Cycling Helmet,2,4068,8136,5.0,406.8,7729.2,UPI,0
105813,2024-02-22,CUST1522,New,Central,Beauty,Perfume,1,1010,1010,0.0,0.0,1010.0,Cash on Delivery,0
105814,2024-10-04,CUST2072,Regular,South,Electronics,Laptop,5,16212,81060,20.0,16212.0,64848.0,Cash on Delivery,0
105815,2023-07-02,CUST2358,New,East,Electronics,Headphones,2,20324,40648,0.0,0.0,40648.0,Cash on Delivery,0
105816,2024-04-09,CUST1820,Regular,East,Home & Kitchen,Bedsheet Set,2,11100,22200,10.0,2220.0,19980.0,Cash on Delivery,0
105817,2024-07-29,CUST2399,Regular,East,Apparel,Jacket,1,1922,1922,30.0,576.6,1345.4,Net Banking,0
105818,2024-12-06,CUST2555,Wholesale,West,Apparel,Jacket,1,662,662,20.0,132.4,529.6,Cash on Delivery,0
105819,2024-03-06,CUST2047,Regular,South,Electronics,Smartwatch,1,36402,36402,10.0,3640.2,32761.8,Debit Card,0
105820,2024-04-26,CUST1314,Regular,East,Electronics,Headphones,2,32683,65366,5.0,3268.3,62097.7,Cash on Delivery,1
105821,2023-02-09,CUST1436,Premium,South,Apparel,T-Shirt,1,1135,1135,5.0,56.75,1078.25,Debit Card,0
105822,2023-07-03,CUST2062,Premium,South,Electronics,Smartwatch,2,40579,81158,15.0,12173.7,68984.3,Debit Card,0
105823,2023-04-12,CUST1466,New,South,Home & Kitchen,Cookware Set,1,4579,4579,30.0,1373.7,3205.3,Net Banking,0
105824,2023-10-30,CUST2608,Premium,South,Home & Kitchen,Vacuum Cleaner,1,2543,2543,20.0,508.6,2034.4,Net Banking,0
105825,2024-05-15,CUST1510,Regular,West,Sports,Running Shoes,1,6773,6773,15.0,1015.95,5757.05,Credit Card,0
105826,2024-10-16,CUST1716,Regular,North,Home & Kitchen,Bedsheet Set,2,3726,7452,20.0,1490.4,5961.6,Credit Card,0
105827,2024-12-24,CUST2584,Regular,North,Beauty,Shampoo,2,1847,3694,5.0,184.7,3509.3,UPI,0
105828,2024-07-30,CUST1820,Wholesale,West,Apparel,T-Shirt,4,3989,15956,15.0,2393.4,13562.6,Cash on Delivery,0
105829,2024-12-21,CUST3290,New,West,Sports,Yoga Mat,1,1627,1627,10.0,162.7,1464.3,Cash on Delivery,0
105830,2024-04-25,CUST1089,New,West,Beauty,Shampoo,1,896,896,5.0,44.8,851.2,Cash on Delivery,1
105831,2024-11-23,CUST3456,Regular,South,Sports,Dumbbell Set,1,4051,4051,10.0,405.1,3645.9,Net Banking,0
105832,2024-01-18,CUST3485,Premium,North,Electronics,Smartwatch,1,47104,47104,0.0,0.0,47104.0,Credit Card,0
105833,2024-08-02,CUST3301,Regular,South,Apparel,Dress,1,2732,2732,5.0,136.6,2595.4,UPI,0
105834,2024-11-29,CUST1035,Wholesale,Central,Beauty,Perfume,1,1110,1110,15.0,166.5,943.5,Debit Card,0
105835,2023-02-06,CUST2623,Regular,West,Apparel,Jacket,4,1883,7532,5.0,376.6,7155.4,Cash on Delivery,0
105836,2023-08-11,CUST3429,Regular,East,Beauty,Shampoo,1,829,829,0.0,0.0,829.0,Cash on Delivery,0
105837,2024-09-11,CUST2100,Regular,North,Beauty,Lipstick,2,2333,4666,10.0,466.6,4199.4,Debit Card,0
105838,2023-08-06,CUST1345,Premium,North,Electronics,Smartphone,5,26745,133725,0.0,0.0,133725.0,Credit Card,0
105839,2023-11-09,CUST1823,Wholesale,Central,Sports,Cricket Bat,1,6513,6513,15.0,976.95,5536.05,Cash on Delivery,0
105840,2023-03-22,CUST1225,Regular,West,Electronics,Headphones,1,24677,24677,0.0,0.0,24677.0,UPI,0
105841,2024-11-08,CUST3368,New,West,Apparel,Sneakers,3,2748,8244,5.0,412.2,7831.8,Credit Card,0
105842,2023-12-05,CUST2047,Regular,East,Sports,Running Shoes,1,3217,3217,30.0,965.1,2251.9,UPI,0
105843,2023-06-14,CUST3245,Regular,East,Apparel,T-Shirt,1,2723,2723,0.0,0.0,2723.0,UPI,0
105844,2024-03-19,CUST1195,Premium,West,Electronics,Smartwatch,2,10606,21212,15.0,3181.8,18030.2,UPI,0
105845,2024-10-30,CUST2195,Wholesale,North,Sports,Cycling Helmet,1,7038,7038,15.0,1055.7,5982.3,Debit Card,0
105846,2023-01-03,CUST2117,Premium,East,Home & Kitchen,Mixer Grinder,2,1033,2066,10.0,206.6,1859.4,Credit Card,0
105847,2023-06-15,CUST2687,Regular,North,Sports,Running Shoes,1,1091,1091,10.0,109.1,981.9,Credit Card,0
105848,2023-11-07,CUST2168,New,West,Beauty,Shampoo,2,1047,2094,30.0,628.2,1465.8,UPI,0
105849,2023-12-15,CUST1342,Premium,Central,Apparel,Dress,1,2029,2029,20.0,405.8,1623.2,Debit Card,0
105850,2024-04-09,CUST2639,New,West,Home & Kitchen,Vacuum Cleaner,1,11821,11821,0.0,0.0,11821.0,Credit Card,0
105851,2024-06-24,CUST3244,Regular,Central,Home & Kitchen,Cookware Set,1,7886,7886,20.0,1577.2,6308.8,Credit Card,0
105852,2024-10-25,CUST1653,New,Central,Sports,Yoga Mat,1,3693,3693,10.0,369.3,3323.7,Cash on Delivery,0
105853,2024-07-03,CUST3404,New,East,Electronics,Tablet,1,54204,54204,10.0,5420.4,48783.6,UPI,0
105854,2024-12-23,CUST2303,Regular,East,Electronics,Tablet,1,30029,30029,15.0,4504.35,25524.65,Debit Card,0
105855,2024-09-29,CUST2434,New,South,Electronics,Smartphone,2,32248,64496,10.0,6449.6,58046.4,Net Banking,0
105856,2023-07-28,CUST1965,New,Central,Apparel,Sneakers,4,2341,9364,0.0,0.0,9364.0,Debit Card,0
105857,2024-04-23,CUST1145,Regular,Central,Beauty,Perfume,2,1656,3312,0.0,0.0,3312.0,UPI,0
105858,2024-12-02,CUST2378,Premium,North,Electronics,Headphones,1,16600,16600,20.0,3320.0,13280.0,Credit Card,0
105859,2024-01-27,CUST1411,Regular,South,Sports,Running Shoes,3,2063,6189,15.0,928.35,5260.65,Net Banking,0
105860,2024-01-01,CUST1646,New,South,Electronics,Tablet,1,28668,28668,10.0,2866.8,25801.2,Net Banking,0
105861,2023-05-25,CUST1120,New,West,Beauty,Lipstick,1,1389,1389,10.0,138.9,1250.1,Cash on Delivery,0
105862,2023-07-31,CUST2553,Regular,South,Home & Kitchen,Bedsheet Set,4,2046,8184,0.0,0.0,8184.0,Debit Card,0
105863,2024-03-18,CUST1341,Regular,South,Beauty,Face Cream,2,1865,3730,20.0,746.0,2984.0,UPI,0
105864,2023-11-05,CUST1886,New,South,Home & Kitchen,Cookware Set,1,11267,11267,10.0,1126.7,10140.3,Debit Card,0
105865,2023-11-13,CUST2047,Premium,West,Sports,Cricket Bat,3,6744,20232,10.0,2023.2,18208.8,UPI,0
105866,2024-09-02,CUST1722,Regular,West,Beauty,Perfume,1,2401,2401,0.0,0.0,2401.0,UPI,0
105867,2023-05-03,CUST1588,Premium,East,Sports,Running Shoes,2,553,1106,15.0,165.9,940.1,Debit Card,0
105868,2023-07-20,CUST1034,Premium,South,Electronics,Headphones,1,19908,19908,10.0,1990.8,17917.2,UPI,0
105869,2024-04-08,CUST2103,Regular,West,Home & Kitchen,Mixer Grinder,3,4024,12072,0.0,0.0,12072.0,UPI,0
105870,2024-08-07,CUST2625,Wholesale,South,Electronics,Headphones,1,8198,8198,15.0,1229.7,6968.3,Credit Card,0
105871,2023-07-25,CUST2071,Premium,Central,Beauty,Perfume,2,453,906,5.0,45.3,860.7,Cash on Delivery,0
105872,2024-12-01,CUST2775,Premium,Central,Home & Kitchen,Vacuum Cleaner,2,8769,17538,15.0,2630.7,14907.3,Debit Card,0
105873,2024-05-05,CUST1019,Premium,South,Home & Kitchen,Air Fryer,1,3846,3846,15.0,576.9,3269.1,UPI,0
105874,2023-04-02,CUST1552,New,North,Apparel,Jeans,1,943,943,15.0,141.45,801.55,Debit Card,0
105875,2023-04-07,CUST2214,Regular,South,Beauty,Face Cream,3,2132,6396,10.0,639.6,5756.4,UPI,0
105876,2024-09-09,CUST2730,Regular,Central,Home & Kitchen,Bedsheet Set,1,9648,9648,0.0,0.0,9648.0,UPI,0
105877,2023-05-07,CUST1615,Regular,East,Beauty,Face Cream,1,1309,1309,30.0,392.7,916.3,UPI,0
105878,2024-02-12,CUST1293,Regular,East,Electronics,Smartwatch,1,35279,35279,30.0,10583.7,24695.3,Credit Card,0
105879,2023-11-11,CUST1778,Premium,East,Electronics,Smartphone,1,38567,38567,5.0,1928.35,36638.65,Credit Card,0
105880,2023-06-11,CUST2734,Regular,North,Home & Kitchen,Air Fryer,4,1553,6212,20.0,1242.4,4969.6,Debit Card,0
105881,2024-08-05,CUST1291,Premium,North,Electronics,Laptop,4,5094,20376,20.0,4075.2,16300.8,Cash on Delivery,0
105882,2023-03-22,CUST1959,Regular,North,Apparel,T-Shirt,2,2320,4640,0.0,0.0,4640.0,UPI,0
105883,2024-06-24,CUST1144,Regular,West,Home & Kitchen,Bedsheet Set,1,2395,2395,20.0,479.0,1916.0,Cash on Delivery,0
105884,2024-04-20,CUST1918,Regular,North,Apparel,Jeans,2,587,1174,10.0,117.4,1056.6,UPI,0
105885,2024-08-13,CUST3386,Premium,North,Sports,Cycling Helmet,2,6224,12448,0.0,0.0,12448.0,Cash on Delivery,0
105886,2024-05-24,CUST2916,Regular,North,Beauty,Shampoo,1,2024,2024,15.0,303.6,1720.4,UPI,0
105887,2024-02-04,CUST1746,Regular,West,Beauty,Sunscreen,1,1753,1753,0.0,0.0,1753.0,UPI,0
105888,2023-05-14,CUST3084,Wholesale,East,Sports,Running Shoes,1,1352,1352,0.0,0.0,1352.0,Credit Card,0
105889,2024-01-21,CUST1264,New,West,Home & Kitchen,Air Fryer,1,1187,1187,0.0,0.0,1187.0,UPI,0
105890,2023-11-13,CUST1206,Premium,North,Sports,Cricket Bat,1,5313,5313,5.0,265.65,5047.35,Credit Card,0
105891,2023-06-27,CUST1894,Wholesale,North,Sports,Cycling Helmet,1,6719,6719,,,,UPI,0
105892,2024-08-22,CUST2794,Premium,South,Electronics,Headphones,1,7016,7016,10.0,701.6,6314.4,UPI,0
105893,2024-08-28,CUST2145,New,West,Beauty,Shampoo,1,1532,1532,5.0,76.6,1455.4,Cash on Delivery,1
105894,2024-08-08,CUST3419,Regular,West,Home & Kitchen,Mixer Grinder,4,5434,21736,5.0,1086.8,20649.2,Credit Card,0
105895,2023-06-20,CUST2080,Regular,East,Sports,Cycling Helmet,1,6284,6284,0.0,0.0,6284.0,UPI,0
105896,2023-04-25,CUST2118,New,West,Beauty,Face Cream,1,1022,1022,0.0,0.0,1022.0,Debit Card,0
105897,2023-03-01,CUST1802,Premium,East,Sports,Cycling Helmet,1,2405,2405,20.0,481.0,1924.0,Cash on Delivery,0
105898,2024-05-16,CUST1650,Regular,South,Electronics,Headphones,1,33139,33139,0.0,0.0,33139.0,Cash on Delivery,0
105899,2023-06-29,CUST3187,New,East,Beauty,Perfume,4,1486,5944,20.0,1188.8,4755.2,Cash on Delivery,0
105900,2023-08-04,CUST1485,Regular,West,Sports,Cricket Bat,3,3079,9237,5.0,461.85,8775.15,UPI,0
105901,2024-02-26,CUST1778,New,North,Home & Kitchen,Vacuum Cleaner,1,7526,7526,5.0,376.3,7149.7,UPI,0
105902,2023-06-24,CUST2386,Wholesale,East,Sports,Yoga Mat,1,7316,7316,0.0,0.0,7316.0,Debit Card,0
105903,2024-06-17,CUST1217,Premium,South,Home & Kitchen,Mixer Grinder,2,9826,19652,0.0,0.0,19652.0,UPI,0
105904,2023-04-07,CUST3425,Regular,East,Home & Kitchen,Air Fryer,2,3934,7868,10.0,786.8,7081.2,Cash on Delivery,0
105905,2024-02-11,CUST1465,Premium,Central,Sports,Dumbbell Set,1,6927,6927,0.0,0.0,6927.0,Credit Card,0
105906,2023-05-24,CUST1585,Regular,Central,Apparel,Jacket,1,1333,1333,5.0,66.65,1266.35,Cash on Delivery,1
105907,2024-04-08,CUST2124,Premium,North,Electronics,Smartwatch,4,38264,153056,15.0,22958.4,130097.6,Cash on Delivery,0
105908,2024-04-24,CUST3042,Regular,West,Sports,Running Shoes,5,7412,37060,10.0,3706.0,33354.0,Net Banking,0
105909,2024-11-16,CUST3272,Premium,East,Beauty,Face Cream,2,1196,2392,15.0,358.8,2033.2,,0
105910,2023-02-01,CUST3093,Regular,South,Apparel,Dress,2,786,1572,5.0,78.6,1493.4,Debit Card,0
105911,2023-06-26,CUST2563,Premium,South,Home & Kitchen,Mixer Grinder,2,5729,11458,20.0,2291.6,9166.4,Cash on Delivery,0
105912,2024-08-03,CUST2230,Regular,East,Beauty,Sunscreen,1,750,750,15.0,112.5,637.5,Net Banking,0
105913,2024-08-16,CUST2010,Regular,North,Electronics,Smartphone,1,7492,7492,0.0,0.0,7492.0,Cash on Delivery,0
105914,2023-10-11,CUST1179,Regular,West,Home & Kitchen,Mixer Grinder,1,2503,2503,15.0,375.45,2127.55,UPI,0
105915,2023-08-08,CUST1435,New,South,Electronics,Smartwatch,1,52359,52359,,,,UPI,0
105916,2024-02-02,CUST1554,New,Central,Beauty,Sunscreen,1,1423,1423,10.0,142.3,1280.7,UPI,0
105917,2024-10-18,CUST1290,Regular,South,Electronics,Tablet,2,35723,71446,5.0,3572.3,67873.7,UPI,0
105918,2024-06-08,CUST2048,Regular,Central,Electronics,Tablet,2,27008,54016,15.0,8102.4,45913.6,UPI,0
105919,2023-02-27,CUST1911,Regular,North,Home & Kitchen,Vacuum Cleaner,2,5864,11728,10.0,1172.8,10555.2,UPI,0
105920,2024-08-07,CUST1031,New,East,Beauty,Shampoo,4,254,1016,5.0,50.8,965.2,Credit Card,0
105921,2024-11-07,CUST1279,Regular,South,Home & Kitchen,Bedsheet Set,1,2594,2594,15.0,389.1,2204.9,Cash on Delivery,0
105922,2024-10-01,CUST2793,Premium,West,Electronics,Smartphone,1,30262,30262,30.0,9078.6,21183.4,Credit Card,0
105923,2023-05-18,CUST1208,Regular,West,Electronics,Tablet,1,53520,53520,10.0,5352.0,48168.0,UPI,0
105924,2023-11-09,CUST2706,Regular,North,Beauty,Face Cream,1,2020,2020,5.0,101.0,1919.0,UPI,0
105925,2023-11-22,CUST2718,Regular,South,Beauty,Perfume,1,563,563,30.0,168.9,394.1,Cash on Delivery,0
105926,2024-04-13,CUST3024,Regular,South,Electronics,Headphones,2,31540,63080,0.0,0.0,63080.0,Credit Card,0
105927,2023-01-19,CUST2504,Regular,East,Electronics,Tablet,2,46638,93276,0.0,0.0,93276.0,Debit Card,0
105928,2024-08-06,CUST1562,Wholesale,West,Beauty,Lipstick,4,1826,7304,5.0,365.2,6938.8,UPI,1
105929,2023-12-20,CUST3102,New,West,Beauty,Lipstick,1,1123,1123,0.0,0.0,1123.0,Net Banking,0
105930,2024-10-23,CUST3115,Premium,North,Home & Kitchen,Bedsheet Set,1,9249,9249,15.0,1387.35,7861.65,Cash on Delivery,0
105931,2023-07-15,CUST3031,Regular,East,Electronics,Headphones,3,14879,44637,15.0,6695.55,37941.45,UPI,0
105932,2024-07-07,CUST3387,Premium,West,Home & Kitchen,Cookware Set,1,2829,2829,0.0,0.0,2829.0,Net Banking,0
105933,2024-07-11,CUST2721,Regular,North,Sports,Dumbbell Set,2,560,1120,5.0,56.0,1064.0,UPI,0
105934,2023-12-19,CUST2245,Wholesale,East,Sports,Cricket Bat,2,5918,11836,15.0,1775.4,10060.6,UPI,1
105935,2023-02-13,CUST1152,Regular,South,Home & Kitchen,Air Fryer,1,806,806,10.0,80.6,725.4,UPI,0
105936,2024-11-19,CUST3465,Regular,South,Sports,Yoga Mat,1,1671,1671,30.0,501.3,1169.7,UPI,0
105937,2024-07-31,CUST1456,Regular,South,Electronics,Headphones,1,27118,27118,10.0,2711.8,24406.2,Cash on Delivery,0
105938,2024-06-12,CUST2698,Regular,East,Apparel,Dress,4,1492,5968,0.0,0.0,5968.0,UPI,0
105939,2023-03-23,CUST2874,New,West,Beauty,Shampoo,1,2095,2095,10.0,209.5,1885.5,Credit Card,0
105940,2023-11-22,CUST1736,New,South,Apparel,Dress,1,3332,3332,10.0,333.2,2998.8,UPI,0
105941,2024-12-06,CUST3229,New,West,Beauty,Sunscreen,2,2362,4724,15.0,708.6,4015.4,Debit Card,0
105942,2023-04-01,CUST2934,Premium,South,Home & Kitchen,Mixer Grinder,1,5024,5024,5.0,251.2,4772.8,UPI,0
105943,2023-02-06,CUST2087,New,East,Home & Kitchen,Mixer Grinder,4,8541,34164,5.0,1708.2,32455.8,Credit Card,0
105944,2023-10-30,CUST3115,Regular,North,Sports,Yoga Mat,1,5900,5900,10.0,590.0,5310.0,Cash on Delivery,0
105945,2024-08-28,CUST2795,Premium,North,Home & Kitchen,Mixer Grinder,1,10204,10204,15.0,1530.6,8673.4,UPI,0
105946,2023-10-13,CUST3203,Premium,South,Electronics,Headphones,2,58887,117774,5.0,5888.7,111885.3,Net Banking,0
105947,2023-11-14,CUST2272,Regular,South,Apparel,Dress,1,3460,3460,20.0,692.0,2768.0,UPI,0
105948,2023-01-18,CUST2465,Premium,South,Home & Kitchen,Air Fryer,1,8578,8578,5.0,428.9,8149.1,Net Banking,0
105949,2024-03-26,CUST3336,Regular,East,Apparel,Jeans,1,3116,3116,10.0,311.6,2804.4,Credit Card,0
105950,2023-01-12,CUST2019,Regular,South,Apparel,Jacket,3,3580,10740,15.0,1611.0,9129.0,Debit Card,1
105951,2023-07-02,CUST2995,Regular,North,Electronics,Smartphone,1,58206,58206,0.0,0.0,58206.0,Credit Card,0
105952,2024-04-16,CUST3339,Regular,South,Apparel,T-Shirt,1,2334,2334,0.0,0.0,2334.0,Cash on Delivery,0
105953,2024-09-17,CUST1483,New,West,Sports,Cricket Bat,1,4312,4312,,,,UPI,0
105954,2023-04-05,CUST2629,Premium,Central,Electronics,Laptop,3,48341,145023,5.0,7251.15,137771.85,UPI,0
105955,2023-05-17,CUST3418,New,South,Electronics,Smartphone,1,49093,49093,0.0,0.0,49093.0,UPI,0
105956,2024-12-20,CUST2565,Regular,South,Home & Kitchen,Vacuum Cleaner,2,1697,3394,20.0,678.8,2715.2,Debit Card,0
105957,2024-11-27,CUST1767,Premium,West,Apparel,T-Shirt,3,3378,10134,15.0,1520.1,8613.9,UPI,0
105958,2023-01-23,CUST3311,Premium,Central,Apparel,T-Shirt,3,1707,5121,0.0,0.0,5121.0,UPI,0
105959,2024-12-18,CUST2607,Regular,North,Electronics,Headphones,1,14206,14206,15.0,2130.9,12075.1,Debit Card,0
105960,2024-12-20,CUST3489,Premium,South,Electronics,Smartwatch,2,13606,27212,15.0,4081.8,23130.2,Net Banking,0
105961,2023-07-17,CUST2109,Regular,South,Apparel,Jeans,2,2306,4612,0.0,0.0,4612.0,UPI,1
105962,2024-01-20,CUST2158,Regular,West,Beauty,Sunscreen,2,1285,2570,15.0,385.5,2184.5,UPI,1
105963,2023-06-09,CUST2170,Regular,South,Beauty,Sunscreen,1,294,294,15.0,44.1,249.9,Cash on Delivery,0
105964,2024-03-23,CUST1359,Regular,West,Home & Kitchen,Bedsheet Set,1,7992,7992,30.0,2397.6,5594.4,Debit Card,0
105965,2024-12-13,CUST1521,Regular,South,Sports,Dumbbell Set,2,2483,4966,15.0,744.9,4221.1,Cash on Delivery,0
105966,2024-10-30,CUST1851,Regular,East,Sports,Cycling Helmet,2,1682,3364,0.0,0.0,3364.0,UPI,0
105967,2023-12-01,CUST1278,Wholesale,West,Electronics,Smartphone,1,37595,37595,15.0,5639.25,31955.75,Net Banking,0
105968,2023-10-08,CUST1806,Premium,North,Home & Kitchen,Bedsheet Set,1,8749,8749,5.0,437.45,8311.55,Cash on Delivery,0
105969,2024-08-21,CUST1733,Premium,North,Beauty,Face Cream,1,2295,2295,10.0,229.5,2065.5,UPI,0
105970,2024-05-24,CUST2794,New,West,Beauty,Sunscreen,3,2359,7077,5.0,353.85,6723.15,UPI,0
105971,2024-11-14,CUST1718,Regular,East,Home & Kitchen,Cookware Set,2,1298,2596,0.0,0.0,2596.0,UPI,0
105972,2023-05-28,CUST2302,Regular,South,Electronics,Smartwatch,1,15212,15212,10.0,1521.2,13690.8,UPI,0
105973,2023-04-27,CUST3135,Regular,West,Home & Kitchen,Cookware Set,1,1843,1843,20.0,368.6,1474.4,Cash on Delivery,0
105974,2023-05-09,CUST3084,Premium,West,Sports,Cycling Helmet,1,4855,4855,10.0,485.5,4369.5,Credit Card,0
105975,2024-03-13,CUST3024,Premium,East,Home & Kitchen,Mixer Grinder,5,7954,39770,0.0,0.0,39770.0,Net Banking,0
105976,2023-01-15,CUST2371,New,South,Home & Kitchen,Bedsheet Set,5,7595,37975,20.0,7595.0,30380.0,Cash on Delivery,0
105977,2024-01-14,CUST2532,Regular,Central,Apparel,Jeans,2,1662,3324,0.0,0.0,3324.0,Cash on Delivery,0
105978,2023-12-09,CUST1801,New,North,Apparel,Dress,1,3342,3342,20.0,668.4,2673.6,Debit Card,0
105979,2023-11-21,CUST2896,New,West,Electronics,Smartwatch,1,37085,37085,30.0,11125.5,25959.5,Cash on Delivery,0
105980,2023-05-08,CUST3460,Premium,South,Electronics,Laptop,5,44262,221310,10.0,22131.0,199179.0,Debit Card,0
105981,2024-06-15,CUST2363,Regular,South,Electronics,Smartphone,1,48673,48673,30.0,14601.9,34071.1,Credit Card,0
105982,2024-01-04,CUST3483,New,East,Beauty,Lipstick,1,1037,1037,10.0,103.7,933.3,Credit Card,0
105983,2023-03-11,CUST2598,Regular,Central,Apparel,Jeans,1,3292,3292,0.0,0.0,3292.0,Credit Card,0
105984,2024-08-17,CUST3459,New,South,Home & Kitchen,Bedsheet Set,1,6670,6670,,,,Credit Card,0
105985,2024-06-12,CUST1580,Regular,Central,Beauty,Shampoo,2,1442,2884,30.0,865.2,2018.8,UPI,0
105986,2024-04-30,CUST3499,Regular,South,Electronics,Laptop,3,32055,96165,5.0,4808.25,91356.75,Debit Card,0
105987,2024-06-21,CUST1115,Regular,North,Home & Kitchen,Vacuum Cleaner,1,10867,10867,0.0,0.0,10867.0,Debit Card,0
105988,2024-08-10,CUST2660,Regular,South,Home & Kitchen,Air Fryer,4,1695,6780,0.0,0.0,6780.0,Credit Card,0
105989,2023-12-06,CUST2230,Regular,West,Sports,Cycling Helmet,1,1953,1953,15.0,292.95,1660.05,UPI,0
105990,2024-02-03,CUST3372,New,South,Apparel,T-Shirt,1,3381,3381,15.0,507.15,2873.85,Net Banking,0
105991,2023-06-26,CUST1586,Regular,West,Beauty,Perfume,1,331,331,10.0,33.1,297.9,Debit Card,0
105992,2023-05-22,CUST1320,Regular,West,Electronics,Laptop,1,50776,50776,0.0,0.0,50776.0,UPI,0
105993,2023-08-04,CUST2359,New,Central,Beauty,Sunscreen,1,1340,1340,0.0,0.0,1340.0,Cash on Delivery,0
105994,2023-06-19,CUST1220,Premium,Central,Apparel,Sneakers,1,405,405,0.0,0.0,405.0,Credit Card,0
105995,2023-02-17,CUST2901,Regular,West,Apparel,Jeans,4,3371,13484,20.0,2696.8,10787.2,Cash on Delivery,0
105996,2024-06-05,CUST1897,Wholesale,North,Home & Kitchen,Cookware Set,3,8462,25386,0.0,0.0,25386.0,Credit Card,0
105997,2023-03-21,CUST1994,Regular,North,Electronics,Laptop,3,10696,32088,10.0,3208.8,28879.2,Cash on Delivery,0
105998,2024-04-02,CUST2731,Regular,West,Beauty,Lipstick,1,2394,2394,10.0,239.4,2154.6,Net Banking,1
105999,2023-10-12,CUST1557,Regular,East,Home & Kitchen,Bedsheet Set,4,9737,38948,30.0,11684.4,27263.6,Cash on Delivery,0
106000,2024-11-27,CUST1689,Regular,South,Electronics,Laptop,2,24812,49624,5.0,2481.2,47142.8,UPI,0
101484,2023-07-13,CUST1718,Wholesale,North,Apparel,Jacket,4,2729,10916,15.0,1637.4,9278.6,Credit Card,0
102186,2023-04-03,CUST1658,Premium,South,Beauty,Sunscreen,1,1287,1287,10.0,128.7,1158.3,UPI,0
102521,2024-12-15,CUST2710,Regular,East,Home & Kitchen,Mixer Grinder,2,7965,15930,5.0,796.5,15133.5,Credit Card,0
103722,2024-01-13,CUST1088,Premium,East,Apparel,T-Shirt,4,1734,6936,15.0,1040.4,5895.6,UPI,0
103728,2024-08-17,CUST1738,New,Central,Beauty,Perfume,1,1517,1517,10.0,151.7,1365.3,,0
104525,2024-06-06,CUST1482,Premium,East,Sports,Yoga Mat,2,6743,13486,20.0,2697.2,10788.8,Cash on Delivery,0
100235,2024-04-16,CUST1064,Premium,West,Home & Kitchen,Cookware Set,3,2648,7944,10.0,794.4,7149.6,Cash on Delivery,0
104736,2023-10-19,CUST2481,Regular,West,Sports,Cycling Helmet,2,4346,8692,10.0,869.2,7822.8,Cash on Delivery,0
105840,2023-03-22,CUST1225,Regular,West,Electronics,Headphones,1,24677,24677,0.0,0.0,24677.0,UPI,0
102940,2023-03-04,CUST3229,Premium,South,Beauty,Shampoo,1,1927,1927,5.0,96.35,1830.65,,0
103054,2024-02-09,CUST2674,Regular,West,Home & Kitchen,Bedsheet Set,2,2554,5108,15.0,766.2,4341.8,UPI,0
100868,2023-05-08,CUST2465,New,West,Beauty,Perfume,1,1057,1057,,,,Cash on Delivery,0
100277,2024-11-04,CUST2358,Regular,East,Home & Kitchen,Cookware Set,1,1525,1525,15.0,228.75,1296.25,Credit Card,0
105799,2024-11-21,CUST1726,Regular,West,Sports,Cycling Helmet,1,4427,4427,15.0,664.05,3762.95,Credit Card,0
103513,2023-08-23,CUST1139,Regular,North,Beauty,Face Cream,1,1428,1428,0.0,0.0,1428.0,UPI,0
